2|Latesha Filla|2262 Fairway Ln|Bemus Point|14712|NY|USA|lateshafilla@example.org|9395900173|20170729|Consulting
5|Era A Souriyavong|1788 Twin Oaks Pl|Jackson|39210|MS|USA|eraasouriyavong@example.org|914-013-4045|20120430|Consulting
14|Anjelica G Hint|793 Keats Ln|Pacific Palisades|90272|CA|USA|hintanjelica@example.com|714.157.7041|20180221|Consulting
20|Christa Wandrie|1071 Via Beguine|Bruceton|38317|TN|USA|christa_wandrie@example.com|6150197013,641-862-3960|20190909|Consulting
32|Maurine L Lingard|1715 Ruby Clearwater Fire Rd|Rutherford|38369|TN|USA|lingardmaurine@example.com|615.608.4245|20160114|Consulting
44|Virgil M Gautreau|191 Acacia Ct|Garciasville|78547|TX|USA|gautreau-virgil@example.co.uk|4096966585|20100530|Consulting
45|Kandy O Gauci|650 Cherry Ct|Teasdale|84773|UT|USA|gauci.kandy@example.org|+1.801.634.0303|20150125|Consulting
46|Gene L Imperiale|1362 Parkglen Pl|Pennsboro|26415|WV|USA|gene-imperiale@example.gov|856.620.0884|20170404|Consulting
48|Sharlene Scully|2235 Sorrel Ct|Fort Benning|31905|GA|USA|sharlene_scully@example.org|475-020-2287,725.496.2099|20161022|Consulting
51|Merissa A Heinemeyer|519 Railroad Av|Kinross|49752|MI|USA|merissa-heinemeyer@example.org|308.959.7287,231.658.3507|20200101|Consulting
66|Thea Dunetz|435 Circle J Ranch Rd|Old Glory|79540|TX|USA|thea-dunetz@example.org|802-417-3657|20111017|Consulting
72|Yasuko A Grassa|239 Euclid Av|Billerica|1821|MA|USA|grassa.yasuko@example.co.uk|+16178189884|20180205|Consulting
82|Sherie Y Renschler|992 Via Alisa|Summersville|26651|WV|USA|sherieyrenschler@example.co.uk|802-330-1005|20180327|Consulting
93|Athena U Mckin|2135 Horseshoe Cr|Brockway|15824|PA|USA|mckin_athena@example.co.uk|8789101964|20110602|Consulting
97|Cathleen S Vogle|353 Goodvale Rd|Charlestown|2129|MA|USA|cathleenvogle@example.gov|617-340-3382|20100523|Consulting
100|Howard D Keala|219 Snowy Owl Ct|New Stanton|15672|PA|USA|howardkeala@example.co.uk|272.330.6654|20190625|Consulting
102|Karima Eskandar|949 Darla Ct|Holland|49422|MI|USA|eskandar.karima@example.com|315-076-9624|20131211|Consulting
115|Andree F Burchart|1165 Felbridge St|Wichita|67217|KS|USA|burchartandree@example.com|775.432.0535|20190111|Consulting
118|Quincy Renneberg|54 Oak Dr|Portage|46368|IN|USA|renneberg-quincy@example.gov|8129924487|20160409|Consulting
137|Kathy D Tudryn|1182 Agramonte Dr|Gracewood|30812|GA|USA|kathytudryn@example.gov|225-947-5595|20120811|Consulting
138|Clelia S Norberg|2384 Fitch Av|Middleport|45760|OH|USA|norbergclelia@example.gov|220.249.9421,541.307.7229|20140402|Consulting
141|Fairy U Benion|667 Montecito Pl|North Bangor|12966|NY|USA|fairyubenion@example.org|5126297561,670-414-5308,260-069-9109|20170729|Consulting
146|Marguerite P Cintolo|263 Galvez Ct|Oklahoma City|73122|OK|USA|margueritepcintolo@example.org|8023655674|20190723|Consulting
152|Ashlee T Dury|801 Heritage View Ln|Crayne|42033|KY|USA|ashleetdury@example.co.uk|254-121-9402|20131229|Consulting
156|Noel Henagan|32 Ironshire St|Julian|16844|PA|USA|henagan-noel@example.co.uk|+1-202-508-9408,2673734168|20100330|Consulting
168|Lore F Benkendorf|218 Joyce Pl|Fly Creek|13337|NY|USA|lorefbenkendorf@example.gov|7192520053,302.161.6699,864-874-2525|20111216|Consulting
172|Daniel A Wellings|824 Russ Jay St|Plainfield|6374|CT|USA|daniel_wellings@example.gov|701-153-9298,5076966911|20151212|Consulting
176|Cristal Wehrwein|70 Dagmar Wy|Burbank|74633|OK|USA|cristalwehrwein@example.org|405-386-6670,2172324925|20150903|Consulting
187|Svetlana W Ynostrosa|322 Bentley Wy|Bronx|10465|NY|USA|svetlana.ynostrosa@example.com|718-419-6131|20111228|Consulting
207|Otilia Klimes|941 Patricia Pl|Montvale|7645|NJ|USA|otiliaklimes@example.com|701-621-8422,732.942.7629|20131217|Consulting
214|Carley N Dubowski|487 Ayala Rd|Arcola|61910|IL|USA|carleyndubowski@example.org|575-387-7159|20130204|Consulting
221|Violette Hildenbrand|1147 Lema Dr|Fiskdale|1518|MA|USA|violettehildenbrand@example.co.uk|340.452.1813,828.908.0185|20130609|Consulting
232|Emanuel N Jelinski|1724 Palma Alta Dr|Arlington|2474|MA|USA|emanueljelinski@example.gov|5081002518,4130424646|20200107|Consulting
242|Burt L Pisarski|1125 Gladious Pl|Lincoln|68514|NE|USA|burtlpisarski@example.org|+1-671-159-8989|20130907|Consulting
257|Doretta Kalupa|139 Jodi Pl|North Creek|12853|NY|USA|kalupa.doretta@example.org|3320701452,6710012521,6077294542|20170522|Consulting
261|Lorita H Yaw|683 Cromwell Av|Sacramento|94277|CA|USA|lorita_yaw@example.com|6283925205,8186607698|20100309|Consulting
266|Renata Butgereit|547 Satinwood Dr|Topsfield|4490|ME|USA|renatabutgereit@example.co.uk|2024156720,808.018.8995,802-538-9103|20170816|Consulting
276|Donnie Z Wilcomb|493 Terraza Ct|Central Point|97502|OR|USA|wilcomb_donnie@example.com|410-461-4632|20120318|Consulting
277|Bryce Q Axtman|653 Shaw Pl|Provo|84602|UT|USA|bryce.axtman@example.co.uk|435.732.1878|20100911|Consulting
281|Dionna Giuntini|51 Elm Ct|Denver|80264|CO|USA|giuntini.dionna@example.co.uk|970-160-2352|20130124|Consulting
284|Angie T Brunswig|368 Marigold Cr|Castleberry|36432|AL|USA|brunswigangie77@example.gov|715.516.3511,2512408045|20160614|Consulting
306|Natisha Radak|36 Whippoorwill Pl|Delta|52550|IA|USA|natisharadak@example.org|843-815-9489|20170913|Consulting
319|Nancee Z Contrera|2867 Heather Ln|Hemlock|46937|IN|USA|nancee.contrera@example.gov|804.288.2456|20160612|Consulting
330|Kellie U Lesky|1423 Goodvale Rd|North Judson|46366|IN|USA|kellieulesky@example.co.uk|8122670590,317-596-2366|20150920|Consulting
331|Maryanne Klene|500 Helton Dr|Windom|56101|MN|USA|klenemaryanne@example.com|340.699.1802|20160327|Consulting
335|Margurite Y Adamyan|593 Player Dr|Spruce Head|4859|ME|USA|adamyanmargurite@example.gov|207-841-1368|20151014|Consulting
337|Jared R Maytubby|654 Shady Glen Ct|San Jose|95108|CA|USA|jared-maytubby@example.com|925.816.0793|20190526|Consulting
352|Gisele S Durry|581 Breakers Cove|Park City|84068|UT|USA|giselesdurry@example.gov|308.440.1180,435.634.5011,435.370.7717|20171112|Consulting
356|Wan Crapanzano|1130 Sleepy Creek Ln|Highland Lakes|7422|NJ|USA|wan_crapanzano@example.gov|856.688.1979|20170912|Consulting
362|Hilton X Bekerman|733 Newbird Dr|Lake Delton|53940|WI|USA|bekermanhilton@example.gov|603-629-3226,262-753-2376|20111101|Consulting
364|Lisha Azulay|75 Morrissey Wy|Pueblo|81015|CO|USA|lisha.azulay@example.co.uk|970.244.6064|20111112|Consulting
376|Delta D Vandike|1170 Winsome Cr|Mechanicsville|20659|MD|USA|deltadvandike@example.org|603-772-4070,939-166-4476|20170717|Consulting
381|Shauna U Pillco|2795 Euclid Av|Edson|67733|KS|USA|shaunaupillco@example.gov|2243163170|20190411|Consulting
385|Dotty O Comden|1307 Annmae Pl|Riverdale|68870|NE|USA|dotty.comden@example.co.uk|3167295838|20140914|Consulting
392|Magali R Interdonato|1303 Raquel Ln|Belknap|62908|IL|USA|magali.interdonato@example.com|551.102.2605|20170226|Consulting
396|Daine Q Singa|27 Canyon Crest Dr|Madras|97741|OR|USA|daineqsinga@example.gov|339.455.8877|20170816|Consulting
400|Racquel Q Dockham|1014 Aranda Ln|Orient|57467|SD|USA|dockham_racquel@example.gov|3031727236|20171228|Consulting
418|Terrell L Mathai|818 Lloyd Houghton Pl|Fleetwood|28626|NC|USA|terrellmathai@example.org|252.141.0093|20120316|Consulting
425|Lorelei S Butch|136 Orchid Cove Dr|Bellvale|10912|NY|USA|loreleibutch@example.com|6603844341,6704859043|20170209|Consulting
426|Jacinta W Brzozowski|506 Timothy Dr|Saint Louis|63143|MO|USA|jacintawbrzozowski@example.com|4170915003|20191109|Consulting
431|Kirk G Mcconnon|251 Bidwell Ln|Villanueva|87583|NM|USA|mcconnon.kirk@example.gov|8704930453|20140611|Consulting
438|Nikki E Milender|746 Dowell Dr|Arcola|20107|VA|USA|nikkiemilender@example.co.uk|4348236980|20191003|Consulting
471|Alene L Chrisco|811 Trenton Pl|Rockville|20848|MD|USA|alene-chrisco@example.gov|4840291459|20181120|Consulting
476|Oneida M Walgren|716 Via Nautica|Grover|83122|WY|USA|walgren-oneida@example.com|307-983-4437|20120112|Consulting
487|Kerrie X Stopani|171 Wakefield Ct|Round O|29474|SC|USA|stopani-kerrie@example.com|7851351061|20160819|Consulting
488|April Handson|240 Wong Ct|Crawfordville|32327|FL|USA|april_handson@example.com|941-707-9281|20100714|Consulting
498|Krysta E Blander|1537 Rio Lobo Wy|Stantonsburg|27883|NC|USA|blander.krysta@example.org|+1.919.855.7964,802-447-7605,302.038.8899|20150517|Consulting
500|Janise Lapp|521 Brightwood Pl|Hines|56647|MN|USA|lappjanise@example.com|6128505212|20110119|Consulting
505|Edythe K Mcclement|1051 Avd Entrana|Crossroads|88114|NM|USA|edythekmcclement@example.gov|410-937-2170|20191001|Consulting
506|Marcus K Insinga|1284 Royal Vista Ct|Andover|6232|CT|USA|marcus.insinga@example.org|959.474.4828|20171209|Consulting
508|Lorriane Y Kenion|1094 Don Gee Ct|Abingdon|24210|VA|USA|kenion-lorriane26@example.co.uk|2534151067|20140629|Consulting
514|Tania Q Matalon|911 Oak Dr|Salem|24155|VA|USA|taniaqmatalon@example.org|3866153842,9479477453|20170712|Consulting
517|Casey N Marthey|467 Karena Av|Keensburg|62852|IL|USA|marthey_casey@example.org|7651390631|20141105|Consulting
528|Christina E Cofrancesco|840 Aspen Ridge Dr|Castroville|78009|TX|USA|cofrancesco-christina@example.com|915-497-1860|20140217|Consulting
541|Stormy Rivenburg|896 Medlar Dr|Otter Creek|4665|ME|USA|stormy_rivenburg@example.gov|2077229519|20150828|Consulting
551|Glen D Mikkelsen|554 Cayenne Dr|Kinston|36453|AL|USA|glen-mikkelsen@example.org|775-644-0248|20180605|Consulting
560|Arla Q Larsh|403 Michael Ln|Monument|80132|CO|USA|larsh-arla@example.gov|719.314.4445|20140320|Consulting
575|Pa Swigonski|1084 Laurelwood Ln|Fort Worth|76130|TX|USA|paswigonski@example.org|430.529.7813|20120527|Consulting
577|Karena U Self|458 Vernon Av|Brighton|62012|IL|USA|self_karena@example.co.uk|3090999662|20171230|Consulting
578|Roscoe N Sneathen|477 Lytle Ct|Oklahoma City|73141|OK|USA|sneathen-roscoe@example.org|340-852-9207|20150512|Consulting
594|Maud K Byar|343 Cavern Ct|Nashville|37230|TN|USA|byarmaud@example.org|7317022052|20120713|Consulting
606|Tianna Mongia|395 Oaktree Pl|Youngstown|14174|NY|USA|tiannamongia@example.gov|3323364551|20171005|Consulting
607|Jessie C Leggins|1967 Charles Dr|Mantee|39751|MS|USA|jessie-leggins@example.co.uk|4064219827|20160116|Consulting
616|Rodger Velos|437 Cobblestone Ct|Granville|51022|IA|USA|rodgervelos@example.co.uk|+13193552207,504-974-2382,563-307-9998|20150401|Consulting
634|Karisa E Wyatte|362 Twain Pl|San Francisco|94161|CA|USA|karisaewyatte@example.co.uk|650-007-1985|20180621|Consulting
636|Ulysses R Koeplin|1447 Jetty Ln|Granger|82934|WY|USA|koeplin_ulysses@example.org|307.009.0688|20160620|Consulting
638|Elena H Mendenhall|1581 Palo Solo Motor Wy|Medford|11763|NY|USA|elenahmendenhall@example.com|5858154222|20180615|Consulting
642|Gabriel U Caronna|98 Colonial Ln|Claridge|15623|PA|USA|gabrielucaronna@example.org|406.024.6659|20150402|Consulting
644|Carlota I Currah|146 Bracken Ln|Atlanta|31192|GA|USA|carlotaicurrah@example.gov|706-527-0860|20100824|Consulting
651|Keshia T Rolfsen|790 Calle Cerrito|Capon Springs|26823|WV|USA|keshiatrolfsen@example.co.uk|340.963.6470,304-700-4376|20131025|Consulting
658|Lavonia D Setzke|1414 Adamsboro Dr|East Point|41216|KY|USA|lavoniadsetzke@example.com|3647577157|20180906|Consulting
661|Lili E Majetich|1550 De Quincy Pl|West Union|29696|SC|USA|lili-majetich79@example.org|9471679831|20141025|Consulting
665|My I Ropson|196 Homestead Pl|South Woodstock|5071|VT|USA|myiropson@example.org|802.415.6436|20120505|Consulting
674|Vivian Nazareth|618 Bridgeview Ln|Wolverton|56594|MN|USA|viviannazareth@example.gov|505.778.2730|20110118|Consulting
676|Weldon Dupas|1128 Cashmere Pl|Vincent|45784|OH|USA|weldon_dupas@example.org|5138297245,6845154582|20120410|Consulting
678|Alyson Allor|507 Steinway St|Chugiak|99567|AK|USA|alyson-allor@example.com|219-238-4743|20120928|Consulting
679|Chanel Y Hillas|186 Tierra Dr|Clifford|24533|VA|USA|chanelyhillas@example.com|804.495.8127|20140819|Consulting
681|Grace N Zummo|503 Barringer Rd|Zion Grove|17985|PA|USA|gracenzummo@example.co.uk|8645318036|20180114|Consulting
682|Sandi E Vangoor|800 Cindy Ct|Nazareth|49074|MI|USA|vangoor-sandi@example.com|8101670872|20160706|Consulting
684|Loura R Outar|763 Plaza De Oro|Pawnee|62558|IL|USA|louraoutar@example.co.uk|670-364-2211|20120219|Consulting
694|Foster P Marcum|865 St Moritz Dr|San Francisco|94165|CA|USA|fosterpmarcum@example.com|760.121.6084|20170720|Consulting
697|Joel B Crutsinger|488 Trail Ridge Rd|Vinegar Bend|36584|AL|USA|joelbcrutsinger@example.co.uk|808.133.6663|20110121|Consulting
711|Fanny Hullette|42 Nicklaus Dr|Scotts|28699|NC|USA|fannyhullette@example.co.uk|252-725-4760,340.298.6534|20161213|Consulting
716|Cristy F Smoll|2594 Beaumont St|Austin|78787|TX|USA|cristy_smoll@example.gov|940.436.4335,918.606.1340,2549428948|20140330|Consulting
724|Eloise Z Rary|530 Cabral St|Waterloo|50703|IA|USA|eloiserary@example.co.uk|681.153.5119|20190913|Consulting
731|Juan G Mestemaker|2171 Via Valentina|Junction City|71749|AR|USA|juangmestemaker@example.org|479-581-6189|20170124|Consulting
749|Torie E Heppenstall|275 Plumwood Av|Crownpoint|87313|NM|USA|torieeheppenstall@example.gov|575-384-0942|20121019|Consulting
750|Willy Friddle|92 Plum Cyn Rd|Breesport|14816|NY|USA|friddle_willy@example.com|670-519-2281|20190126|Consulting
762|Randa Fabianski|241 Newhall Ranch Rd|Gadsden|35905|AL|USA|randafabianski28@example.com|2512640819,913-155-4092|20121207|Consulting
766|Margaret Frandrup|1004 Valley St|Springfield|62777|IL|USA|margaretfrandrup@example.co.uk|9067676663|20101230|Consulting
768|Agnes Moccio|708 Baldwin Pl|Cofield|27922|NC|USA|moccio.agnes@example.com|731.412.0880,939-330-6327|20120510|Consulting
771|Paul Stefanich|1586 Via Boscana|Philadelphia|19112|PA|USA|paulstefanich81@example.co.uk|7403878746,314.209.2249|20131121|Consulting
782|Page I Hutchin|1010 Creekside Dr|Marble Hill|63764|MO|USA|pageihutchin@example.co.uk|5733995098|20160510|Consulting
785|Exie F Juergens|1526 Borage Ct|Louisville|40219|KY|USA|exie_juergens@example.org|364.702.0074|20160629|Consulting
786|Gale V Spadaccini|2382 Vasquez Rock Ct|Alplaus|12008|NY|USA|galevspadaccini@example.gov|5180939360,620.614.6259|20150106|Consulting
788|Merrilee S Renne|191 Fern Ridge Ct|Hinsdale|1235|MA|USA|renne-merrilee@example.com|617.710.6567|20161223|Consulting
789|Candance S Ferrington|49 Sandstone Ct|Venturia|58489|ND|USA|candance-ferrington@example.com|515-846-7669|20100123|Consulting
828|Marian K Teen|1144 Paragon Dr|Washington|20503|DC|USA|teen_marian@example.org|270-153-8738,202-540-0376,989.359.9384|20160108|Consulting
838|Delena Donald|746 Los Altos Dr|Lanse|49946|MI|USA|donald_delena@example.co.uk|5028557475|20180104|Consulting
843|Lauren J Carew|2105 Placeritos Blvd|San Jose|95135|CA|USA|laurenjcarew@example.com|408.545.8963|20130411|Consulting
859|Ike J Beaulaurier|1329 Hammet Cr|Bayville|11709|NY|USA|beaulaurierike@example.com|934.236.5636|20150302|Consulting
860|Haywood Rapier|771 Davenport Rd|Ronan|59864|MT|USA|haywoodrapier@example.org|406.820.5069|20151205|Consulting
872|Taylor Y Weekly|642 Kenroy Av|Crane|79731|TX|USA|tayloryweekly@example.org|308.680.0243|20171213|Consulting
885|Li H Kyei|514 Gaucho Ct|Glenmont|12077|NY|USA|likyei@example.com|9343100952|20160714|Consulting
900|Deena H Farcas|345 Via Valer|Indianapolis|46209|IN|USA|farcas.deena@example.com|463-997-3470|20191213|Consulting
927|Lin W Rehfeld|63 Pebble Ridge Pl|Morrisonville|12962|NY|USA|linwrehfeld@example.co.uk|516.729.6915|20111005|Consulting
928|Denise X Nardecchia|415 Fairlain Dr|New York|10282|NY|USA|denise-nardecchia@example.org|6803532517|20100313|Consulting
958|Jeannine V Mehaffy|812 Via Eliso|Pasadena|77508|TX|USA|mehaffyjeannine@example.org|4300718960|20120731|Consulting
962|Kim W Mcraney|2267 Clampitt Rd|Luray|29932|SC|USA|kim-mcraney@example.gov|808.012.7129|20100402|Consulting
963|Gia Kulma|244 Millford Ct|Wantagh|11793|NY|USA|giakulma@example.org|8452947859,504-412-5027|20110325|Consulting
973|Lucy M Smulski|750 Oak Av|Cherryvale|67335|KS|USA|lucy_smulski68@example.gov|001-316-439-1266|20170303|Consulting
974|Alessandra P Morett|1850 Braddon Oak Dr|Detroit|48227|MI|USA|morettalessandra@example.gov|3137901468,269-771-2260|20100322|Consulting
989|Rita Christe|439 Mariposa Ln|Knoxville|37950|TN|USA|christe_rita@example.gov|340.979.9148|20131116|Consulting
999|Sammy Pettiway|742 Wiley Cyn Rd|Rainbow|76077|TX|USA|sammy_pettiway96@example.com|3251289048|20190418|Consulting
1008|Particia F Waldenmaier|693 9th St|Yuba City|95991|CA|USA|particiafwaldenmaier@example.gov|207-458-5380,858.655.8376|20160502|Consulting
1015|Gudrun F Surkin|471 Remer Ct|Paguate|87040|NM|USA|gudrun.surkin@example.gov|505.525.2687,505.954.4466,505.031.6540|20131122|Consulting
1016|Eden U Butrico|1144 Peach Ct|Gouldsboro|4607|ME|USA|butrico-eden@example.com|517.767.2967,207-702-2602,701.520.0266|20190902|Consulting
1017|Reda G Barkel|685 Morningside Dr|Veyo|84782|UT|USA|barkel.reda@example.co.uk|8015912520|20160624|Consulting
1027|Warren Mcgowan|475 Sassoon Pl|Lake Charles|70629|LA|USA|warrenmcgowan@example.com|2026800847|20120326|Consulting
1033|Walton E Crickard|1582 Medford Pl|Claire City|57224|SD|USA|waltonecrickard@example.gov|+1.605.841.2130|20130819|Consulting
1035|Carlton B Delfrate|321 Trellis Rd|Klingerstown|17941|PA|USA|carlton.delfrate@example.org|267.726.1637|20180529|Consulting
1038|Beverlee Ferrentino|1228 Apple St|Colorado Springs|80919|CO|USA|ferrentinobeverlee@example.org|720.797.1121|20140903|Consulting
1040|Takako S Howle|121 Castaic Lake Dr|Brookfield|53008|WI|USA|takakoshowle@example.com|262-923-2677|20120227|Consulting
1050|Jacquetta R Dupart|1655 Shine Dr|Akeley|56433|MN|USA|jacquettardupart@example.org|0015743732038,218-436-0808|20131124|Consulting
1073|Susanna P Luksch|562 Cedar Glen Ct|Strafford|3884|NH|USA|lukschsusanna@example.co.uk|908.651.7863,603.921.6899,8028239191|20110623|Consulting
1079|Kendra C Rosene|484 Via Onda|Orange|92868|CA|USA|kendracrosene@example.gov|9164438352|20110602|Consulting
1080|Shaquita Y Ingebretsen|689 Nearview Dr|Wilmington|19809|DE|USA|ingebretsen.shaquita@example.org|575-629-4522|20100503|Consulting
1093|Jovita C Maphis|151 Stallion Pl|Northwood|3261|NH|USA|maphis.jovita52@example.org|810-974-2476|20180907|Consulting
1099|Maryann O Jatczak|254 Leigh Ct|Stayton|97383|OR|USA|maryannojatczak@example.co.uk|808-553-5364|20131019|Consulting
1121|Everette F Ianiro|252 Riverrock Wy|El Paso|79996|TX|USA|everettefianiro@example.org|662-600-1238|20161005|Consulting
1124|Monte R Pinkston|862 Cliffie Wy|Palm Springs|92292|CA|USA|monte.pinkston@example.co.uk|220-074-9356|20121108|Consulting
1125|Kathi G Caison|1690 Ridge Top Ln|Alhambra|91801|CA|USA|caison-kathi@example.com|9162335880|20110711|Consulting
1127|Margorie E Iza|1639 Pine Cliff Pl|Long Pine|69217|NE|USA|margorie_iza@example.com|402.473.7998|20100923|Consulting
1134|Suzi L Flournoy|100 Cuatro Milpas St|Smithville|38870|MS|USA|suzilflournoy@example.gov|228.466.8705|20150203|Consulting
1137|Robbyn U Odea|90 Sycamore Dr|Inglewood|90303|CA|USA|robbyn.odea@example.gov|6508288235|20160719|Consulting
1139|Tara O Brozman|1704 Mandan St|Bronx|10474|NY|USA|tara.brozman@example.co.uk|9076396408|20101116|Consulting
1147|Vincenzo S Hadder|2249 Whispering Leaves Dr|Miami|33183|FL|USA|vincenzoshadder@example.co.uk|239.189.4468|20140914|Consulting
1152|Kathi Rodenbach|423 Lowridge Pl|Frankfort|60423|IL|USA|kathirodenbach@example.com|630.258.9260|20180812|Consulting
1153|Bennett H Bruckner|1314 Via Adelena|Trout Lake|49793|MI|USA|brucknerbennett@example.co.uk|406.061.3292|20140918|Consulting
1161|Maryalice O Detroy|52 Winterset Dr|Dieterich|62424|IL|USA|detroy_maryalice@example.org|734.272.1618|20151117|Consulting
1170|Murray Y Boguski|607 Larbert St|Black Diamond|98010|WA|USA|murrayyboguski@example.org|405-564-9309|20141121|Consulting
1173|Joline N Rossetto|1181 Coloma Ct|Topeka|66652|KS|USA|jolinenrossetto@example.gov|2397054109|20131112|Consulting
1180|Frieda C Ciaffone|1493 Mirabile Ct|Great Mills|20634|MD|USA|frieda-ciaffone@example.com|4068508434|20160707|Consulting
1186|Claire J Landolina|564 Island Rd|Olustee|32072|FL|USA|claire.landolina@example.co.uk|386-350-2110|20190222|Consulting
1194|Dawna Q Shotkoski|68 Savory Pl|Minot AFB|58705|ND|USA|shotkoskidawna@example.co.uk|810.127.7237|20190802|Consulting
1200|Ora O Borrayo|487 Nichols Ln|Brohard|26138|WV|USA|ora_borrayo@example.gov|208.339.6355|20200205|Consulting
1204|Sherell T Bazin|1110 San Francisquito Motor Wy|Stella|64867|MO|USA|sherell_bazin@example.co.uk|330.223.6391|20171121|Consulting
1262|Codi C Tippie|768 Abbey Glen Pl|Realitos|78376|TX|USA|codictippie@example.org|430-786-5995,8645781703,936-497-8436|20161109|Consulting
1264|Zaida T Nadler|2503 Dearborn Dr|Norge|23127|VA|USA|zaidatnadler@example.org|603-562-1465|20111210|Consulting
1269|Karole Rawcliffe|1681 Deeptree Av|Mantua|8051|NJ|USA|rawcliffe_karole@example.com|425-818-0297|20190617|Consulting
1270|Kittie W Hanhart|602 Simsalido Av|Hooksett|3106|NH|USA|kittie.hanhart@example.org|202.389.9340|20120517|Consulting
1274|Helen P Minyard|592 Millford Ct|Leblanc|70651|LA|USA|minyard.helen@example.gov|+1.814.843.4989,985-877-4942,458-883-3243|20180504|Consulting
1278|Debbra Purcel|509 Lupita Dr|Ponte Vedra Beach|32004|FL|USA|purcel-debbra@example.com|954-652-5894,772.073.8003,308-087-1150|20120102|Consulting
1280|Etha P Gravener|843 Hidaway Av|Avenel|7001|NJ|USA|gravener.etha@example.org|5511329501,2283326582|20160203|Consulting
1289|Kathline T Brinnon|855 Marilyn Dr|Forestville|14062|NY|USA|brinnon.kathline@example.com|631.751.7674|20161231|Consulting
1290|Lajuana Wajer|1072 Hathaway Dr|La Monte|65337|MO|USA|wajer_lajuana@example.com|671.865.2276|20131101|Consulting
1295|Ouida Z Bahrenburg|1785 Muir Grove Pl|Washington|20037|DC|USA|bahrenburg-ouida@example.com|2023149944|20160207|Consulting
1296|Toya E Traas|1214 Doveweed Wy|Durham|27711|NC|USA|traas.toya@example.gov|252.276.2809|20110422|Consulting
1299|Michal Rovai|1030 Via Oriol|Roanoke Rapids|27870|NC|USA|rovai-michal@example.gov|8287225826|20140915|Consulting
1300|Hsiu G Langendorfer|979 Keats Ln|Swan River|55784|MN|USA|hsiuglangendorfer@example.co.uk|970.604.3019|20130330|Consulting
1303|Noelia W Potgeter|37 Ironstone Dr|Elmwood|68349|NE|USA|noelia_potgeter85@example.com|5166898458|20141007|Consulting
1313|Many K Pellettiere|912 Housman Pl|Armada|48005|MI|USA|manykpellettiere@example.co.uk|605-786-3655,248.249.9041|20170710|Consulting
1334|Charles B Schiffman|1326 Royal Vista Ct|Sycamore|60178|IL|USA|charlesbschiffman11@example.gov|2037639067|20110721|Consulting
1358|Laurinda C Verrilli|1580 Grandifloras Rd|Jenner|95450|CA|USA|laurindacverrilli23@example.gov|510-427-7014,5103443843,775-779-7054|20140808|Consulting
1371|Porsche Q Sikora|595 Dry Creek Ct|Atlanta|30379|GA|USA|porscheqsikora@example.com|702.876.9320|20130423|Consulting
1376|Lonnie Simonds|713 Campbell Ct|Carpinteria|93014|CA|USA|lonniesimonds@example.org|201.305.4156|20111009|Consulting
1385|Everette B Marti|206 Via Gracioso|New York|10096|NY|USA|everette-marti@example.com|315-604-2319|20130929|Consulting
1392|Anisa I Westbrooke|720 Coleridge Pl|Coy|72037|AR|USA|westbrooke-anisa@example.org|7705026370|20181119|Consulting
1397|Joslyn W Boulds|783 Pickford Pl|Beaumont|77708|TX|USA|boulds.joslyn@example.co.uk|903-369-2582|20150708|Consulting
1409|Jarrett Ratzer|145 Bud Ct|Granite Quarry|28072|NC|USA|jarrettratzer@example.gov|6010984095|20100816|Consulting
1411|Sammy M Fuoss|1663 Norwood Pl|Stewart|37175|TN|USA|sammyfuoss@example.org|9016988521|20170510|Consulting
1413|Patrick B Stillerman|2091 Brian Ct|Wilmington|90744|CA|USA|patrick_stillerman@example.gov|4066176284|20111214|Consulting
1420|Curt P Redder|525 Valderrama Dr|Santa Rosa|95401|CA|USA|curtpredder75@example.co.uk|8032998442,310-624-8447|20140808|Consulting
1428|Pamila C Jepsen|1363 Joel St|Baker|92309|CA|USA|pamilacjepsen@example.com|801.449.5784|20161224|Consulting
1433|Hubert Q Annesi|1344 Masterson Ct|Hamilton|46742|IN|USA|hubert_annesi@example.com|574.582.5009|20120416|Consulting
1446|Ta Glinton|1484 Mystery Dr|Huggins|65484|MO|USA|ta-glinton@example.gov|417-691-8296|20160902|Consulting
1453|Jenee L Gansel|135 Liverpool Ct|Lutz|33549|FL|USA|gansel_jenee@example.com|330.304.9369|20181211|Consulting
1455|Walker D Oriola|333 Via Amado|Vandalia|45377|OH|USA|walker_oriola@example.org|9072777254,937-635-8765|20121113|Consulting
1465|Kory V Kasparek|119 Oakwood Av|Dilliner|15327|PA|USA|koryvkasparek@example.org|6030208065|20100927|Consulting
1475|Serina S Vidals|530 Bobcat Wy|Caldwell|77836|TX|USA|serinasvidals@example.gov|972.950.1115|20150731|Consulting
1485|France U Swilling|342 Robinson Ranch Rd|Ada|74821|OK|USA|france-swilling@example.com|539.481.9756|20130330|Consulting
1486|Marlin R Slobin|172 Alaminos Dr|Lindale|30147|GA|USA|slobin_marlin@example.gov|684.489.3561|20160519|Consulting
1487|Danna Z Puricelli|1819 Delden|Deerfield Beach|33442|FL|USA|danna-puricelli@example.org||20190528|Consulting
1497|Tami X Kovack|764 Marabou Pl|Omaha|68154|NE|USA|tamixkovack@example.com|402.297.5472|20140420|Consulting
1498|Yi A Champney|1238 The Old Road|Golden|62339|IL|USA|champneyyi@example.co.uk|3091671131|20100601|Consulting
1505|Loria L Autrey|800 English Rose Pl|Waverley|2479|MA|USA|loria.autrey23@example.gov|351-912-1689|20161025|Consulting
1508|Gale R Damerow|1107 Lotus Petal Ct|Wildwood|8260|NJ|USA|galerdamerow@example.gov|973.587.9935,551-097-7937,551.611.5170|20150120|Consulting
1533|Edgardo P Mcquarrie|2086 Edmonds Pl|Sacul|75788|TX|USA|mcquarrieedgardo@example.co.uk|602-328-2741|20151114|Consulting
1538|Earnest Gout|188 Beechwillow St|Twentynine Palms|92277|CA|USA|goutearnest@example.co.uk|406.268.6691,909-716-9928|20100722|Consulting
1544|Gustavo T Kaps|666 Stanley Ct|Sunderland|20689|MD|USA|gustavotkaps@example.gov|301.242.9625|20170729|Consulting
1553|Emily Piwonski|1539 Coltrane Av|Pine Valley|84781|UT|USA|emily-piwonski@example.com|207.716.3788|20140806|Consulting
1560|Verona M Leban|598 Fremont Ct|Wa Keeney|67672|KS|USA|leban.verona45@example.org|785-676-6232|20120406|Consulting
1573|Amy M Lacaille|1087 Cape May Ct|Ocean Springs|39564|MS|USA|amy-lacaille@example.co.uk|662-847-1896,7696420860,3077261392|20101115|Consulting
1587|Monika N Frosch|980 Fairweather St|Phoenix|85030|AZ|USA|monikanfrosch10@example.co.uk|9120926387,2188165687|20180301|Consulting
1598|Linwood M Weinandy|923 Raquel Ln|Louisville|40207|KY|USA|weinandylinwood@example.co.uk|001-502-197-5288,8594158967,6061562567|20100108|Consulting
1602|Matha I Dulac|832 Whispering Oaks Rd|Lindsay|93247|CA|USA|dulac.matha@example.gov|4061736223|20160311|Consulting
1615|Conrad Troxtel|786 Holiday Cr|Hamilton|45013|OH|USA|troxtel_conrad@example.gov|567-214-2034,9702412040|20190115|Consulting
1618|Karmen B Coury|578 Angelica Pl|Reliance|57569|SD|USA|karmenbcoury@example.co.uk|605.029.9553|20100923|Consulting
1627|Jennie H Brieden|281 Road Runner Rd|Alabama|14003|NY|USA|brieden-jennie@example.co.uk|332.075.8393,3479727915|20130917|Consulting
1630|Concetta Bellington|649 Tourney Rd|Huntsville|35814|AL|USA|concetta-bellington@example.com|256-965-9111|20160916|Consulting
1641|Kerrie H Pama|69 Woodside Dr|South Chatham|2659|MA|USA|kerriehpama@example.co.uk|2089337901,202-574-9054|20140222|Consulting
1644|Princess Y Faustine|810 Hearthside Ct|Columbus|31993|GA|USA|princessyfaustine@example.gov|2073935254|20100724|Consulting
1673|Cora D Grassmuck|293 Wiley Cyn Rd|Wilkeson|98396|WA|USA|coradgrassmuck88@example.gov|6703884876,509.187.8198,3601059305|20150302|Consulting
1682|Ashton P Nagaraja|1080 Wagner Wy|Rickreall|97371|OR|USA|ashtonpnagaraja@example.co.uk|9717612534,9715355901,4583371379|20141204|Consulting
1693|Lorri J Abid|1004 Smokewood Wy|Foster|41043|KY|USA|lorriabid90@example.com|774.513.1983|20140818|Consulting
1701|Jonah J Mugleston|1522 Nasturtium Dr|Almo|42020|KY|USA|jonah.mugleston@example.gov|9476719059,520-564-4585|20160516|Consulting
1706|Josephine C Leisman|1842 Via Terraza|Chatham|24531|VA|USA|leismanjosephine@example.gov|720.940.4593|20110417|Consulting
1707|Moon T Aramini|38 Elder View Dr|Millstone|41838|KY|USA|araminimoon@example.com|859-037-8412,606-414-6867,270.723.4393|20160706|Consulting
1709|Richard Minvielle|320 Avd Balita|Parkdale|71661|AR|USA|minvielle_richard64@example.co.uk|+1.617.313.0059,680-657-8683|20140909|Consulting
1717|Lora V Vitkauskas|304 Stonechat Ct|Aurora|80019|CO|USA|lora-vitkauskas@example.org|720.956.0124|20130209|Consulting
1721|Veta B Vanvoorst|251 Via Campana|Baldwinville|1436|MA|USA|veta-vanvoorst@example.gov|479.293.8251,6170601174|20100207|Consulting
1734|Shira C Arton|1179 Via Tanara|Notasulga|36866|AL|USA|arton.shira@example.com|205.934.7664|20100525|Consulting
1736|Inga M Zgonc|806 Newhouse St|Dallas|75227|TX|USA|ingazgonc@example.com|940.256.9629,936.713.0553,240-826-4323|20110716|Consulting
1742|Bo K Marciano|1029 Kalmar Av|Sacramento|94232|CA|USA|magmlstcow@example.org|3102866202|20160113|Consulting
1749|Emmitt G Scharrer|2773 Duchess Pl|Plains|79355|TX|USA|scharrer_emmitt@example.org|684-810-8192|20121110|Consulting
1752|Jenae J Drakulich|1357 San Francisquito Motor Wy|Columbia|29290|SC|USA|jenaejdrakulich@example.org|8088142769|20190224|Consulting
1754|Cordia N Fontenelle|437 Riverview Ln|South Solon|43153|OH|USA|fontenelle_cordia@example.gov|3026665615,6146625580|20160309|Consulting
1758|Lelah S Kade|3 Cavehill Rd|San Antonio|78201|TX|USA|kade-lelah@example.co.uk|671-844-2937|20171021|Consulting
1779|Shaquita R Hilstad|755 Aguadero Pl|Henderson|80640|CO|USA|shaquitarhilstad@example.co.uk|970-594-4525|20141123|Consulting
1789|Karyl I Agostine|159 Byrne Pl|Trumbull|6611|CT|USA|karyliagostine@example.co.uk|203.849.1944|20121213|Consulting
1791|Chelsea N Kobylinski|42 Dearborn Dr|Indianapolis|46244|IN|USA|chelsea_kobylinski@example.com|317-049-8523,8014498958,930.662.2636|20150620|Consulting
1792|Diedra Chieppa|243 Anzel Cr|Erie|16504|PA|USA|chieppadiedra@example.org|267.787.0816|20120516|Consulting
1796|Belinda Y Borner|686 Pink Pansy Ct|Redding|96002|CA|USA|belinda-borner@example.com|6620072120,303.794.8856|20160808|Consulting
1798|Sheri Ricalde|1432 Wrangell Ln|Auburn|51433|IA|USA|ricalde-sheri@example.co.uk|563-147-8928,701.195.9286|20130310|Consulting
1806|Trista Snooks|391 Guadilamar Dr|Coram|59913|MT|USA|tristasnooks@example.co.uk|202.380.0293|20181031|Consulting
1828|Fatimah Blachford|1556 Meadow Heights Ct|Pioneer|43554|OH|USA|fatimahblachford@example.gov|7065006534|20200202|Consulting
1834|Bennett J Reaser|1338 Via Decano|Knapp|54749|WI|USA|reaser_bennett@example.org|5342712737,262.549.4601|20120229|Consulting
1855|Anabel Y Dibiaso|297 Pickford Pl|Gallup|87301|NM|USA|dibiasoanabel@example.org|984-096-1616|20150601|Consulting
1859|Mauricio B Plouff|768 Rosedell Dr|Paicines|95043|CA|USA|mauricio-plouff@example.gov|415-736-4760|20120122|Consulting
1864|Ana G Ballar|848 Heidi Jo Ln|Lyons|30436|GA|USA|ana-ballar@example.co.uk|785.903.1091|20190505|Consulting
1887|Lucrecia B Benson|1509 12th St|Covelo|95428|CA|USA|benson_lucrecia@example.org|626.486.7164|20170413|Consulting
1891|Shirlene Jongeling|725 Sienna Ridge Row|Wilder|5088|VT|USA|jongeling-shirlene@example.com|6516458152|20160218|Consulting
1895|Kasi B Astbury|558 Southern Willow Ct|Moriches|11955|NY|USA|kasibastbury@example.gov|+18025002876|20190516|Consulting
1900|Shaunda Ziffer|1245 Branch Rd|Venice|34284|FL|USA|ziffershaunda@example.gov|8630886266,617.232.7094|20171011|Consulting
1901|Laurette W Zasowski|849 Evron Av|Oral|57766|SD|USA|pxjtch@example.org|605-423-8284|20131125|Consulting
1912|June I Follick|490 Park Woodland Pl|Russellville|72801|AR|USA|juneifollick@example.co.uk|870.635.0205,501.152.7924,808-981-3375|20170918|Consulting
1913|Arden F Mailander|575 Nolte Ct|Great Mills|20634|MD|USA|arden_mailander@example.gov|240.246.5164|20180825|Consulting
1915|Francis R Panetta|325 Ashfield Ct|Sardis|38666|MS|USA|francisrpanetta@example.com|6621982075|20200125|Consulting
1937|Cathrine Ghulam|493 Salem Ct|New Pine Creek|97635|OR|USA|cathrine-ghulam@example.gov|5416390527|20181120|Consulting
1942|Hannah B Elks|698 Novela Wy|Sharpsville|46068|IN|USA|hannahbelks@example.co.uk|6711647723|20180621|Consulting
1955|Hunter Q Rebello|1118 Vineyard Ln|Bear Creek|54922|WI|USA|rebello-hunter@example.org|534-900-6156|20131004|Consulting
1960|Steven R Bisaillon|268 Vadito Pl|Bim|25021|WV|USA|stevenrbisaillon@example.gov|304-968-5987|20141220|Consulting
1963|Keesha U Cardini|198 Cypress Ct|Seattle|98107|WA|USA|keeshaucardini@example.gov|3600407853|20140726|Consulting
1972|Tanesha X Sibole|198 Thurber Wy|Dunnigan|95937|CA|USA|taneshaxsibole@example.org|5629011754|20110427|Consulting
1995|Taneka M Anzalone|193 Winslow Pl|San Francisco|94140|CA|USA|anzalone_taneka@example.org|951.827.7028|20190802|Consulting
1996|Izetta J Guenard|1011 Market St|South Cle Elum|98943|WA|USA|izettajguenard@example.org|406-260-8787,763-029-2020|20121011|Consulting
2009|Donnetta Gorda|149 Judah Ln|Montesano|98563|WA|USA|gorda_donnetta@example.org|4251535238|20150308|Consulting
2011|Annetta Q Dunks|628 Birch Pl|Muse|15350|PA|USA|annetta-dunks@example.co.uk|701-715-7521|20140709|Consulting
2013|Johnathan I Weynand|733 Aurora Ln|Forestdale|2824|RI|USA|johnathan-weynand@example.co.uk|6679100270|20131220|Consulting
2019|Ali N Cameron|590 Cowboy Ct|Spring|77389|TX|USA|alincameron47@example.gov|850-709-9444|20160827|Consulting
2024|Aurelia V Gerwitz|1335 Parklane Wy|Culver City|90233|CA|USA|aureliagerwitz@example.co.uk|7476163456|20130505|Consulting
2033|Terra M Lavallie|741 Via Labrada|Vincent|50594|IA|USA|terramlavallie@example.org|319-514-0751,5750370894|20180827|Consulting
2039|Mikel D Anglum|307 Larkspur Field St|Hydro|73048|OK|USA|mikel-anglum@example.co.uk|8017805169|20130519|Consulting
2052|Agnus X Dedert|288 Fairweather St|Huntington|25713|WV|USA|dedert_agnus@example.co.uk|815.328.3269,304.882.6741|20110203|Consulting
2062|Edmund Pawlow|42 Honeysuckle Hill Dr|Mansfield|72944|AR|USA|edmund-pawlow@example.com|0016050363553|20140110|Consulting
2063|Mendy U Demirdjian|415 Greenmill Av|Miami|33146|FL|USA|mendy.demirdjian23@example.org|337.655.1590,863-828-8088|20111119|Consulting
2064|Kathyrn Kellom|600 Rhona Pl|Broadford|24316|VA|USA|kellomkathyrn@example.org|276.353.9916,540.368.3845|20171126|Consulting
2088|Youlanda M Duplissey|583 Silver Ridge Pl|Lexington|30648|GA|USA|duplissey_youlanda@example.gov|7626090400|20130825|Consulting
2106|Homer A Facinelli|634 Scott Ln|Yarnell|85362|AZ|USA|facinelli.homer@example.org|602-214-5794|20170223|Consulting
2108|Georgianna Z Ahne|587 Kyra Ct|Richfield|17086|PA|USA|georgianna.ahne@example.com|215.930.7577|20150325|Consulting
2130|Ruben P Vidals|462 Willow View Cr|Kildare|75562|TX|USA|rubenpvidals@example.co.uk|7374176379|20190226|Consulting
2135|Tonya A Carlander|1172 Ironstone Dr|Humnoke|72072|AR|USA|tonyaacarlander@example.co.uk|260-713-0937|20161019|Consulting
2139|Dalton T Mohanty|2232 Lookout Rd|Silver Point|38582|TN|USA|daltontmohanty@example.com|4237703041|20170302|Consulting
2142|Lean Wyly|571 Beachgrove Ct|Fort Hill|15540|PA|USA|wylylean@example.gov|215.952.5669|20180530|Consulting
2169|Vanetta B Andel|3021 Via Cresta|Canandaigua|14424|NY|USA|vanettabandel22@example.com|718.426.4706|20171023|Consulting
2173|Gisele X Haywood|1594 Lilac Ct|Culver City|90230|CA|USA|gisele-haywood@example.co.uk|6198856675|20160729|Consulting
2180|Lia Lucero|2182 Ilana Ln|Morganton|30560|GA|USA|lia-lucero@example.co.uk|8089652803,7794145715,4041198299|20180303|Consulting
2200|Antony J Gimlin|297 The Old Road|Livingston|38570|TN|USA|antony.gimlin@example.org|7312283764,615-386-0246|20130621|Consulting
2219|Marybeth Z Schepisi|433 Cynthia Ct|Slagle|71475|LA|USA|marybeth-schepisi@example.gov|907.049.8133|20130719|Consulting
2229|Tyron Z Jaggi|1328 Nearview Dr|Austin|78712|TX|USA|tyronjaggi@example.com|802.551.8322,903.389.8738|20140131|Consulting
2237|Ena R Puhalski|1218 Joel St|Arcadia|63621|MO|USA|enarpuhalski@example.gov||20181219|Consulting
2240|Emmy V Sorapuru|1680 Goodrich Ct|Saint Johns|48879|MI|USA|sorapuru.emmy@example.gov|2026890904|20120123|Consulting
2243|Karena Brooking|170 Shelley Pl|New Harmony|47631|IN|USA|karenabrooking@example.gov|463-039-5858|20180218|Consulting
2250|Mickey Q Webre|890 Pine Valley Dr|Las Vegas|89123|NV|USA|mickey_webre@example.com|301.847.8280|20180811|Consulting
2270|Chris W Hanek|1556 Santa Clarita Pkwy|Hampton|32044|FL|USA|chris.hanek@example.co.uk|205-554-1856|20140513|Consulting
2279|Ollie Reitenbach|1529 Lorikeet Ln|Gray|15544|PA|USA|reitenbach_ollie@example.org|8144354102|20110717|Consulting
2286|Niki N Witrago|72 Taylor Ct|Las Vegas|89147|NV|USA|niki-witrago@example.gov|615-217-4889|20170529|Consulting
2295|Augusta I Vaneman|252 Amber Ridge Rd|Potsdam|13699|NY|USA|vaneman_augusta@example.gov|904.263.0111,567-592-0425,9293927993|20131206|Consulting
2297|Kasha S Moso|1386 Big Sky Walk|Sparks|89434|NV|USA|mosokasha@example.com|725-745-4133|20140618|Consulting
2303|Dana Miel|1114 Stevenson Ranch Pkwy|Shavertown|18708|PA|USA|dana.miel@example.gov|484.920.3534|20110402|Consulting
2309|Vita P Whippie|1637 Jay Carroll Dr|Little Rock|72216|AR|USA|adqbilbv@example.gov|+1.931.943.3145,458.709.8779|20150705|Consulting
2335|Melba T Morales|950 Via Dia|Slagle|71475|LA|USA|melba_morales@example.com|480-372-0553,337-363-6276,504.742.2448|20120417|Consulting
2338|Louise Amman|985 Elvira Rd|Franklinton|27525|NC|USA|louiseamman14@example.gov|9071778453|20190214|Consulting
2366|Genoveva E Banna|783 Hummingbird Cr|Ventura|50482|IA|USA|genovevaebanna@example.gov|319-918-9773,316-064-5733,843-557-0248|20150122|Consulting
2375|Stefania N Planert|1389 Geranimum Glen Ln|Coyote|87012|NM|USA|planertstefania@example.org|813.936.5935,575.015.3715|20100518|Consulting
2376|Terrance H Bhagwandin|590 Alta Dr|Nashville|37234|TN|USA|bhagwandin.terrance@example.com|606-188-6254|20110224|Consulting
2382|Lachelle I Athey|432 Medici Ct|Fort Worth|76179|TX|USA|athey_lachelle@example.org|0013462074890|20170718|Consulting
2398|Carmela Tast|86 Timon Ln|Trenton|62293|IL|USA|carmela-tast@example.co.uk|618-726-3899,4071049552|20150222|Consulting
2405|Patti B Miterko|165 Danny Wy|Burnham|17009|PA|USA|pattimiterko@example.co.uk|484.210.0401,340-059-9156,7244333275|20120215|Consulting
2408|Daren A Olsen|280 Aliso|Buckskin|47647|IN|USA|olsen_daren21@example.org|4634779093|20150603|Consulting
2409|Vito V Lentini|1066 Skylake Pl|Brilliant|43913|OH|USA|vito-lentini@example.co.uk|8786120738|20191115|Consulting
2411|Carolann Z Obanner|452 Calle Primavera|Hartford|6134|CT|USA|carolann-obanner@example.gov|203-915-8680|20110818|Consulting
2412|Barbie M Seehaver|642 Avd Ignacio|Markham|77456|TX|USA|barbie.seehaver47@example.gov|936-470-7510|20131231|Consulting
2414|Christopher W Kieran|438 Brianna Ln|Rosholt|54473|WI|USA|vuyyz@example.gov|608.921.1547,7156312397|20140516|Consulting
2419|Lashunda Q Botnick|1115 Pajarito Ct|Greer|29651|SC|USA|botnicklashunda@example.gov|8643097255,8037381459|20120709|Consulting
2430|Rico Goffe|223 Sam Pl|Manchester|6045|CT|USA|ricogoffe@example.co.uk|539.273.4319,959-112-9714|20110214|Consulting
2448|Rochel Erfurth|389 Wellhaven St|Jud|58454|ND|USA|erfurth-rochel@example.com|7013181413|20131223|Consulting
2454|Carroll Willich|608 Eastern Pines Ct|Fredonia|86022|AZ|USA|carrollwillich@example.co.uk|9257765359|20170610|Consulting
2475|Tod Cearlock|247 Marina Point Ln|South Willington|6265|CT|USA|todcearlock@example.org|2039572319,2037024869|20141006|Consulting
2478|Stephnie T Leriche|105 Heidi Jo Ln|Kansas City|64112|MO|USA|stephnie_leriche@example.co.uk|304.488.2306,605-684-9846|20121104|Consulting
2481|Ashlee O Utzig|923 Parker Av|Kayenta|86033|AZ|USA|ashleeoutzig@example.co.uk|520-037-1919|20120919|Consulting
2495|Anika G Stuchly|180 Pam Ct|Ellisville|39437|MS|USA|anikagstuchly@example.com|308-862-6237|20151202|Consulting
2499|Takako M Smudde|534 Aspen Pl|Rensselaer|12144|NY|USA|takakomsmudde@example.co.uk|202-253-6473|20120416|Consulting
2503|Leonida Q Sterud|1158 Sierra Hill St|Utica|61373|IL|USA|leonidaqsterud@example.org|952.005.3437|20120527|Consulting
2513|Natasha R Baysden|223 Shana Pl|Randolph|2368|MA|USA|natashabaysden@example.co.uk|4137861679|20140202|Consulting
2514|Lacey C Soqui|1007 Starfall Wy|Geuda Springs|67051|KS|USA|laceycsoqui@example.org|7243670071|20160131|Consulting
2520|Anthony R Hosa|1048 Trevino Dr|Pioneer|71266|LA|USA|hosa.anthony@example.com|7657577133|20111019|Consulting
2536|Amada Roub|564 Adamsboro Dr|Greenview|62642|IL|USA|amadaroub@example.org|618.047.1235,3403531628|20180429|Consulting
2556|Horace R Vandam|133 Stover Flats Ct|Indianapolis|46291|IN|USA|ciydxcylt@example.co.uk|3178849353|20160813|Consulting
2557|Hipolito H Madry|259 Real Ct|Louviers|80131|CO|USA|hipolito.madry@example.co.uk|719.228.9695|20180503|Consulting
2567|Lorina F Westbrooke|811 Rye Cyn Rd|Marble City|74945|OK|USA|lorinafwestbrooke@example.org|405-506-3172|20160110|Consulting
2574|Gene Potorski|49 Foxwood Ct|Warren|71671|AR|USA|gene.potorski84@example.gov|5093456175,5015166763|20120706|Consulting
2575|Floyd O Pennix|676 Mad Rd|Griffithsville|25521|WV|USA|pennix_floyd@example.gov|6813464393|20110524|Consulting
2582|Silvana A Sablon|1509 Penlon Rd|Sumner|48889|MI|USA|sablon-silvana@example.gov|947-033-8951|20181230|Consulting
2583|Lizette O Lapsansky|953 Via Heraldo|Southside|25187|WV|USA|lapsansky.lizette@example.co.uk|6704231658,0017029968117|20151030|Consulting
2594|Janise Y Bachofer|538 Potrero Rd|Grand Rapids|49508|MI|USA|janiseybachofer@example.co.uk|312.313.0890|20150416|Consulting
2597|Clarita Sorrow|1112 Sorrento Ct|Pagosa Springs|81147|CO|USA|claritasorrow@example.org|340-001-7248|20170910|Consulting
2602|Santiago Q Cuatt|673 Greenjay Pl|Beech Creek|42321|KY|USA|cuatt.santiago@example.com|575-979-8031|20170821|Consulting
2603|Charlie V Cono|1386 Memory Ln|Bay Shore|49711|MI|USA|charlie_cono@example.com|8019074731,8106229714,9897530515|20131005|Consulting
2605|Dannie J Zaragosa|807 Via Calma|Wingina|24599|VA|USA|danniezaragosa@example.co.uk|623.518.7456,2193595185,540.494.4594|20190305|Consulting
2612|Napoleon H Zynda|1505 Feedmill Rd|Solvang|93463|CA|USA|napoleonhzynda@example.co.uk|4350401267|20171231|Consulting
2613|Christinia E Gysin|299 Fenway Ct|Voss|76888|TX|USA|christiniagysin@example.com|9037313758,2148298716|20130411|Consulting
2618|Brandi E Hazlehurst|2021 Wildwind Rd|Jasper|14855|NY|USA|brandiehazlehurst@example.org|956.928.7751|20170228|Consulting
2620|Karry S Ezer|1150 Burns Pl|Webster Springs|26288|WV|USA|ezerkarry@example.co.uk|681.363.2280,304-936-7871,702-337-3367|20151229|Consulting
2637|Bobby R Schnulle|523 Sandy Dr|Sacramento|94293|CA|USA|bobbyrschnulle@example.com|6500495572|20170808|Consulting
2638|Gertha Z Mole|453 Via Dia|Globe|85501|AZ|USA|gerthazmole@example.co.uk|202.905.1774|20190423|Consulting
2650|Kaitlyn B Marroguin|185 Candice Ct|Lubbock|79403|TX|USA|kaitlynmarroguin@example.co.uk|463.135.8635|20100318|Consulting
2674|Billy E Katsura|513 Greenmill Av|Warwick|31796|GA|USA|billykatsura@example.gov|314-499-6904|20191231|Consulting
2680|Lianne Hocum|2228 Iron Cyn Rd|Oakvale|24739|WV|USA|hocum.lianne@example.co.uk|5036125339|20190210|Consulting
2691|Mellisa Robberson|1639 Highland Glen Dr|Klondike|75448|TX|USA|robbersonmellisa@example.co.uk|3401853257,6469277339|20160118|Consulting
2692|Tamisha J Amodio|460 Stagecoach Wy|Chatfield|75105|TX|USA|amodio_tamisha@example.com|5037212505|20110915|Consulting
2695|Niki O Wolfersberger|334 Meadowlark Ct|Stamford|6925|CT|USA|wolfersberger-niki@example.org|+14753455237|20130725|Consulting
2696|Jennifer Z Ganje|1365 5th St|Sugar Loaf|10981|NY|USA|ganje-jennifer@example.org|585-644-1002|20150224|Consulting
2698|Joe L Gimler|8 Redwood Cyn Pl|Sarasota|34276|FL|USA|joelgimler53@example.org|8123279759,850.874.2522,239-566-1992|20190412|Consulting
2702|Jimmie I Labrosse|31 Middlebank Dr|Mc Cool Junction|68401|NE|USA|labrossejimmie@example.gov|307-457-4970|20180724|Consulting
2707|Nancey Muradyan|876 Prairie Ln|Danville|31017|GA|USA|nancey.muradyan@example.org|2088169037,770-557-2005|20180731|Consulting
2726|Miki Z Leveille|10 Starkus Wy|Diamondville|83116|WY|USA|leveille-miki@example.co.uk|307.596.1454|20120112|Consulting
2730|Shawn W Whearty|2076 Colebrook Pl|Eagleville|37060|TN|USA|shawn.whearty@example.com|6813597942|20150710|Consulting
2737|Verda Amaral|2478 Capistrano Ct|Pennsboro|26415|WV|USA|verdaamaral@example.gov|304.047.2956|20160808|Consulting
2740|Judi Scheiwe|464 Clio Ln|Whitehall|59759|MT|USA|judi.scheiwe@example.gov|684-629-3461,620-804-1815,336.229.6447|20190606|Consulting
2747|Landon V Venenga|778 Silverton Ct|Naples|34116|FL|USA|landonvvenenga@example.gov|904-751-5489|20100118|Consulting
2753|Vennie V Skowyra|2089 Begonias Ln|Orchard Park|14127|NY|USA|vennievskowyra@example.gov|8431108932|20160418|Consulting
2765|Guy U Durkovic|746 Crest Heights Dr|Altoona|16603|PA|USA|guy-durkovic@example.org|8016871823,8787219581|20170518|Consulting
2767|Tessie I Howanitz|332 Heller Cr|Volga|52077|IA|USA|tessieihowanitz@example.gov|262.100.5372|20100313|Consulting
2771|Margarete L Ashby|87 Lise Ln|Lexington|40546|KY|USA|margarete_ashby@example.gov|+13348841569|20111030|Consulting
2779|Julie P Bashour|1935 Coolidge Av|Topeka|66610|KS|USA|juliepbashour@example.org|620.402.8324,8088175696|20110626|Consulting
2783|Rochell I Constantinescu|988 Romeo Cyn Rd|Box Elder|57719|SD|USA|rochell.constantinescu@example.org|605-224-0278|20130417|Consulting
2785|Sheila W Hindenach|416 Dove Ct|Wynnburg|38077|TN|USA|sheila.hindenach@example.org|423.084.1330|20111013|Consulting
2822|Elba C Fronheiser|1003 Rainbow Glen Dr|Converse|78109|TX|USA|elbacfronheiser@example.org|573-111-3714,2074308928,2728358061|20150214|Consulting
2827|Neville P Arnot|1066 Lola Ln|Atkins|24311|VA|USA|neville_arnot@example.org|380.310.6236|20131231|Consulting
2832|Dyan T Hert|2195 Oleander Ct|Morley|52312|IA|USA|dyan.hert@example.co.uk|6411578288|20170428|Consulting
2833|Marline Z Radake|1668 Starwood Wy|Hope|47246|IN|USA|marlinezradake39@example.co.uk|3179104332|20181001|Consulting
2839|Mertie X Spurrier|1275 Hume Cyn Rd|Roanoke|36274|AL|USA|mertiexspurrier@example.com|205-187-8490|20130227|Consulting
2842|Dorotha F Timo|239 Kinglet Pl|Erwin|57233|SD|USA|dorothaftimo@example.com|575-759-0185|20110328|Consulting
2843|Alaine A Villecco|597 Ashbrook Ln|Ishpeming|49849|MI|USA|villecco-alaine@example.gov|734.531.3173|20110426|Consulting
2849|Willia Samec|66 Everglades Ct|Spokane|99210|WA|USA|willia.samec@example.co.uk|605-942-5938|20131223|Consulting
2858|Oda K Revere|28 Danielson St|Jamestown|42629|KY|USA|odakrevere@example.co.uk|+1.534.687.9428|20120617|Consulting
2873|Shavon F Sheahen|644 Eucalyptus Wy|Lane|29564|SC|USA|sheahenshavon@example.gov|907.960.9178,864.023.3512|20100610|Consulting
2884|Nicky Y Basoco|996 Montevista Cr|Sebastopol|39359|MS|USA|basoco_nicky@example.co.uk|228.899.7252|20110319|Consulting
2888|Alva Michelon|659 Canones Cr|Sublime|77986|TX|USA|alvamichelon@example.org|4122904616|20190724|Consulting
2902|Luetta Eberhard|1072 Market St|Lindsay|68644|NE|USA|eberhard.luetta@example.co.uk|670-421-4755|20181027|Consulting
2903|Joesph Zatopek|287 Monakea|Charleston|25364|WV|USA|joesphzatopek@example.co.uk|203.524.0742,681-083-8842|20130519|Consulting
2904|Jolynn Tupou|911 Lorikeet Ln|Tuolumne|95379|CA|USA|jolynntupou@example.gov|559.866.1125,8566666411|20120823|Consulting
2911|Casey U Shavers|1380 Tamara Pl|Gordon|69343|NE|USA|caseyushavers@example.gov|701.540.9375|20160617|Consulting
2913|Delmar Liuzzo|705 Aparri Av|Koosharem|84744|UT|USA|delmarliuzzo@example.com|801-786-1272|20140317|Consulting
2915|Carlee Lofton|1294 Hilse Ln|Serena|60549|IL|USA|carleelofton95@example.com|425.928.8695|20140517|Consulting
2921|Rosella S Ellenbogen|260 Danielson St|Mount Judea|72655|AR|USA|ellenbogen.rosella@example.gov|662-320-3135,8708503823|20171026|Consulting
2926|Roxanne U Stoutt|763 Bookham Dr|Parksville|12768|NY|USA|stoutt.roxanne@example.gov|917-489-1607|20180130|Consulting
2937|Dwana Daluge|1057 Towhee Ct|Fernandina Beach|32034|FL|USA|dwanadaluge53@example.co.uk|0015719602996|20100910|Consulting
2942|Wilton Z Walheim|12 Calle Arbor|Troy|16947|PA|USA|wiltonwalheim@example.com|215.688.2572|20180305|Consulting
2944|Celena H Solovey|7 Shadeland Dr|Guntown|38849|MS|USA|solovey-celena@example.com|7750694699,662-271-0081,228.798.8980|20170219|Consulting
2947|Kenda Feriozzi|678 Tanager Ct|New Bedford|16140|PA|USA|kenda_feriozzi@example.com|681.788.3563|20150426|Consulting
2951|Belen O Mekelburg|14 Branch Rd|Potomac|61865|IL|USA|belenomekelburg@example.com|8152141695|20170512|Consulting
2954|Timika J Streitenberger|1508 Minneola Ln|Smithfield|23431|VA|USA|timika_streitenberger@example.org|540.355.2758,+1-703-871-1545|20110715|Consulting
2955|Raymon P Altan|141 Palermo Wy|Pittsburgh|15277|PA|USA|altan_raymon@example.org|2154471007|20110421|Consulting
2970|Tomas D Arbaiza|34 Homestead Pl|Trenton|8677|NJ|USA|tomas_arbaiza@example.co.uk|262.028.8729|20190313|Consulting
2979|Stephen N Landenberger|1938 Summerhill Ln|Richmond|23240|VA|USA|stephenlandenberger@example.gov|+1-703-127-5196|20111010|Consulting
2988|Clay P Costakis|106 Live Oak Rd|Barto|19504|PA|USA|costakisclay@example.com|724-317-1110|20140315|Consulting
2999|Gilberte Hofe|927 Kristin Ln|Waterloo|35677|AL|USA|gilberte_hofe@example.com|7879165189,706-865-4879,406-723-1028|20160719|Consulting
3008|Fran E Iorillo|235 Wellhaven St|Albion|49224|MI|USA|franeiorillo@example.co.uk|253.289.7218,906.281.9395|20160810|Consulting
3010|Verona Eppenger|1660 Lonestar Pl|Tullahassee|74466|OK|USA|verona.eppenger@example.gov|580.427.7847|20160709|Consulting
3038|Duncan G Beranek|355 Walker St|Long Island City|11101|NY|USA|beranek-duncan@example.gov|6076026851,304.820.9241|20130110|Consulting
3040|Branden M Erlenbach|254 Cheshire Ln|Renton|98059|WA|USA|brandenerlenbach@example.com|6601719472|20160626|Consulting
3041|Rita I Mercier|1239 Brighton Dr|Osage|74054|OK|USA|rita.mercier@example.com|9180257953|20101201|Consulting
3042|Yolando J Taste|30 Rodgers Dr|Mayersville|39113|MS|USA|tasteyolando@example.org|570.840.1046|20170929|Consulting
3054|Katie T Dufour|416 Deer Springs Dr|Conway|72033|AR|USA|dufour.katie@example.org|772-772-5077,602-380-6396,479.363.2306|20170615|Consulting
3057|Luciana P Boben|93 Beechwood Dr|Montezuma|31063|GA|USA|lucianapboben@example.com|9127057925,4043623855|20151129|Consulting
3086|Riley E Iwane|380 Clayton Ct|Swartz Creek|48473|MI|USA|iwane_riley67@example.gov|413.977.8215|20120201|Consulting
3116|Benny E Hetland|1386 Sand Cyn Rd|Linden|22642|VA|USA|benny_hetland@example.org|2764486036|20190921|Consulting
3120|Dominic Vanluvender|162 Peggy Joyce Ln|Lebeau|71345|LA|USA|vanluvender.dominic@example.co.uk|5047608754|20171014|Consulting
3134|Ty X Mulea|811 Elsmere Cyn Motor Wy|Buffalo|25033|WV|USA|mulea.ty@example.com|4069833501,681-965-3747|20160112|Consulting
3147|Codi X Albaugh|1678 Lillyglen Dr|Farmington|87402|NM|USA|albaugh_codi@example.com|681.466.3038|20141213|Consulting
3161|Kami X Tindol|2526 Riversbridge Wy|Rome|30162|GA|USA|kamixtindol@example.com|769.384.1088|20190101|Consulting
3163|Demetra N Millhollon|969 Heritage Ln|Pittsburgh|15205|PA|USA|demetranmillhollon@example.co.uk|787-142-3010|20171030|Consulting
3168|Doloris I Mohamed|759 Salinger Ln|Hillsboro|58045|ND|USA|doloris-mohamed@example.com|7017716182|20140614|Consulting
3174|Donald J Switzer|567 Brianna Ln|Monroe|71201|LA|USA|switzer-donald@example.org|316.140.9970|20181127|Consulting
3175|Sarai T Wallentine|432 West Rd|Carlock|61725|IL|USA|sarai-wallentine@example.gov|708-176-8695|20180816|Consulting
3181|Emmie R Spevak|24 Rainier Rd|Montandon|17850|PA|USA|spevakemmie@example.co.uk|2293085829|20111111|Consulting
3187|Nyla W Tomasko|878 Lynette Ln|Stillwater|4489|ME|USA|nylawtomasko37@example.com|385.197.0394,684.747.9391|20171208|Consulting
3188|Rheba K Madej|724 Tampico Dr|Chesapeake|23323|VA|USA|madej.rheba@example.com|681-757-5920|20160323|Consulting
3191|Trang I Shaddix|1014 Sandburn Ln|Pueblo|81014|CO|USA|trang-shaddix@example.gov|719-331-7952|20150612|Consulting
3201|Patria Z Cavallari|74 Simsalido Av|Arlington|22246|VA|USA|patriazcavallari@example.com|831.756.2840|20191223|Consulting
3217|Ayesha Wypasek|162 Indies Ln|Plymouth|48170|MI|USA|ayesha.wypasek@example.org|517-540-6159,385-804-3375,947.899.8567|20100412|Consulting
3230|Camila Q Palestino|1388 Big Horn Walk|Santa Cruz|95064|CA|USA|palestino.camila@example.org|510.972.8674,401.635.8382|20151216|Consulting
3245|Janey F Chaperon|559 Via Joyce Dr|Hartford|6106|CT|USA|chaperonjaney@example.com|860.883.5946,+1.860.237.3957,7060501901|20111217|Consulting
3256|Cheri Z Wallenhorst|1374 Wilson Cyn Truck Trl|Sparta|41086|KY|USA|cherizwallenhorst@example.com|606.568.6970|20151028|Consulting
3263|Patti M Condry|1643 Big Horn Wy|Nazareth|40048|KY|USA|patticondry@example.co.uk|678.784.5547|20121017|Consulting
3264|Leida U Maid|645 Apam|Cave Creek|85327|AZ|USA|maidleida@example.gov|2092948538|20120904|Consulting
3265|Leoma Cumiskey|218 Savory Pl|Pittsburgh|15283|PA|USA|leomacumiskey@example.org|7179970949,6704032282,918-822-4589|20160509|Consulting
3268|Ardith H Gworek|1419 Figueroa St|Cherokee|76832|TX|USA|ardith.gworek@example.gov|210-279-6057,830.926.9886,832-505-3446|20171219|Consulting
3278|Darron D Beecroft|120 Gaucho Ct|Franklinton|27525|NC|USA|darrondbeecroft@example.gov|828.883.0922,901-249-3460|20170807|Consulting
3286|Paulina D Kobayashi|1410 Monakea|Walnut Shade|65771|MO|USA|paulinadkobayashi@example.co.uk|667-916-1903|20190123|Consulting
3298|Alexandra Y Haanpaa|1324 Leigh Ct|Sweet Water|36782|AL|USA|alexandrayhaanpaa@example.gov|3345274045,3348448552|20190118|Consulting
3305|Levi P Frayre|1115 Golden Bush Ln|Albany|5820|VT|USA|levi-frayre@example.gov|7630674267|20191127|Consulting
3307|Signe E Pfrang|740 Jakes Wy|Loleta|95551|CA|USA|pfrang_signe@example.co.uk|478.084.2439|20110516|Consulting
3325|Tana U Stoeffler|1275 Pipit Ct|Davenport|99122|WA|USA|tana.stoeffler@example.com|651-423-4744,206.252.0275|20100217|Consulting
3328|Janee D Suida|281 Thorne Ct|Cochecton Center|12727|NY|USA|suida-janee@example.com|7016327156|20190123|Consulting
3351|Deidre D Welper|1649 Windriver Ct|Mc Cune|66753|KS|USA|deidredwelper@example.gov|001.785.290.5970|20121226|Consulting
3378|Shizuko D Langfeldt|581 Grovepark Dr|Texarkana|75503|TX|USA|shizukodlangfeldt@example.org|2100882642,2089115969,971.427.8922|20110817|Consulting
3394|Jolie J Pasha|708 Timon Ln|Fallsburg|12733|NY|USA|pashajolie@example.co.uk|001-607-944-5788,504-624-8781,6460025076|20170730|Consulting
3421|Valentina D Khalaf|871 Lupine St|Dugway|84022|UT|USA|valentinadkhalaf@example.co.uk|8707387934|20160726|Consulting
3422|Zoila O Harrar|1918 Rhododendron Dr|Sunbury|17801|PA|USA|zoilaharrar@example.com|3030972507,724.144.5570|20100527|Consulting
3430|Lyndsey X Medved|1031 Calle Lumina|Chincoteague Island|23336|VA|USA|medved-lyndsey@example.org|843.531.2079|20150319|Consulting
3431|Arden A Gound|889 Rene Veluzat Wy|Sundown|79372|TX|USA|ardengound@example.com|6056197197|20130527|Consulting
3446|Juliet W Rilling|1245 Vista Delgado Dr|Palmdale|93591|CA|USA|julietwrilling@example.co.uk|424.304.3062|20150827|Consulting
3448|Patrice W Marcum|832 Dell Ct|Pampa|79065|TX|USA|patricewmarcum@example.gov|4321365116,832-117-1539|20140207|Consulting
3477|Natalia Kofron|1113 Leigh Ct|Jacksonport|72075|AR|USA|kofron.natalia@example.gov|479.648.1157|20141020|Consulting
3492|Britta R Bruckner|248 Tampico Dr|East Vassalboro|4935|ME|USA|brucknerbritta@example.com|207.364.0278|20161114|Consulting
3500|Al Naberhaus|479 Golden Willow Wy|Buckland|99727|AK|USA|al_naberhaus@example.co.uk|605.811.3277|20190325|Consulting
3507|Darin K Presume|326 Mixer Rd|Watertown|2277|MA|USA|presumedarin@example.gov|360.784.7079|20150712|Consulting
3517|Alysha B Skolnick|329 Crystal Heights Ct|Moriarty|87035|NM|USA|alyshabskolnick@example.org|505-068-3312|20101122|Consulting
3520|Signe Q Heimerdinger|637 West Hills Dr|Central City|68826|NE|USA|heimerdinger.signe@example.gov|401.288.4479,+13084643037,531.419.5839|20101013|Consulting
3523|Karisa Haaf|928 Vista Rosina Dr|Cortland|47228|IN|USA|karisa.haaf@example.org|4631705777,219.068.5576|20120730|Consulting
3527|Rosalie I Boomgaard|386 Hideout Ct|Ephraim|54211|WI|USA|rosalieiboomgaard@example.gov|2623177749,+1.534.180.9300|20150825|Consulting
3533|Otha Y Romanoski|29 Lakecrest Av|Tampa|33625|FL|USA|romanoskiotha@example.co.uk|856-101-1191|20120730|Consulting
3534|Tempie Fok|387 Ponte Corvo Rd|Fairfield|62837|IL|USA|fok.tempie@example.com|815-891-2430,605.083.7398,440-736-4217|20131117|Consulting
3554|Virgil Z Benjamins|1163 Papazian Ct|Ramer|38367|TN|USA|virgilzbenjamins@example.org|731-515-8094|20140904|Consulting
3555|Siu D Plumber|946 Sarkis Ct|Cottonwood Falls|66845|KS|USA|siudplumber@example.org|743.790.6022|20150622|Consulting
3562|Jessica R Hsieh|730 May Wy|Gatesville|76599|TX|USA|jessicarhsieh@example.org|8652514557|20151002|Consulting
3571|Marietta W Simmonds|126 Stonehill Wy|West Point|31833|GA|USA|mariettawsimmonds@example.org|6718462782,762-375-9623|20170818|Consulting
3574|Fredricka S Siemek|965 Av Hopkins|Dora|65637|MO|USA|siemek.fredricka@example.com|507.229.0816,5735976142|20110127|Consulting
3576|Marin S Weismiller|328 Patricia Hill Dr|Forest Home|36030|AL|USA|marin.weismiller@example.com|205-469-1143|20170131|Consulting
3589|Ingrid Mustaine|376 Madeira Ln|Gaston|27832|NC|USA|ingridmustaine@example.co.uk|865.619.1190|20131227|Consulting
3590|Eleanora V Nattress|502 Bishop Ct|Vidalia|30474|GA|USA|eleanora-nattress@example.gov|385-800-5222,404.105.9766,770-424-7019|20180108|Consulting
3603|Joy Skibba|1082 Arline St|San Diego|92162|CA|USA|joy.skibba@example.com|9255845565|20110508|Consulting
3608|Janel E Boelk|447 Four Oaks St|Concord|3305|NH|USA|boelk.janel@example.com|402-629-3445|20170921|Consulting
3618|Yee E Bonefas|1946 Vasquez Cyn Rd|Sharpsburg|27878|NC|USA|yee.bonefas@example.org|970-081-0945|20100328|Consulting
3622|Kory R Hubinger|1932 Cliffie Wy|Huntsville|35808|AL|USA|hubinger_kory@example.org|6714404903,225.483.6503,609-574-6732|20121016|Consulting
3630|Juan G Jijon|631 Goodvale Rd|Grand Junction|49056|MI|USA|juangjijon@example.co.uk|802-189-0856|20120922|Consulting
3645|Willia E Montini|819 Firebrand Dr|West Jordan|84084|UT|USA|willia_montini@example.com|435-088-4575|20100813|Consulting
3647|Reginald Fritz|108 Oakhorn Av|Teaneck|7666|NJ|USA|reginaldfritz@example.gov|707-238-1832,862-464-6045,+1.848.374.2213|20111202|Consulting
3651|Darrell P Chidsey|2706 Beech Creek Cr|Wall|57790|SD|USA|chidseydarrell@example.org|208-499-4440|20150129|Consulting
3654|Orville H Schultze|180 Via Princessa|Torbert|70781|LA|USA|orvillehschultze@example.co.uk|5758153506,318-167-7538|20130519|Consulting
3659|Thi E Ambersley|544 Bentley Wy|Saint Petersburg|33736|FL|USA|thieambersley@example.org|6841224338|20150322|Consulting
3666|Jerrold B Schaffeld|27 Kristine Ct|Saint Paul|52657|IA|USA|schaffeld-jerrold@example.co.uk|319.415.7119|20190727|Consulting
3671|Leonarda Heule|90 Shady Glen Ct|Everett|98206|WA|USA|leonardaheule@example.org|4237008785|20110118|Consulting
3680|Isidro J Heitshusen|719 Jennifer Ct|Brohman|49312|MI|USA|isidrojheitshusen@example.gov|202-379-2891,5864522270|20180211|Consulting
3685|Corrie U Weekly|466 Autumn Oak Ct|Kennedale|76060|TX|USA|weekly-corrie@example.com|308.977.8456|20160820|Consulting
3692|Malika S Dappen|1173 Creston Ct|Nett Lake|55772|MN|USA|malikasdappen@example.com|2182022720|20190117|Consulting
3697|Tanesha B Poloski|954 Verandah Ct|Salinas|93915|CA|USA|poloski.tanesha@example.com|628.696.2325|20161006|Consulting
3707|Shanae D Rauschert|773 Tiara Ct|Chenango Bridge|13745|NY|USA|shanaedrauschert@example.co.uk|785-432-9295|20140125|Consulting
3713|Hilaria Z Defrehn|860 Royal Oaks Dr|Campobello|29322|SC|USA|defrehn.hilaria@example.gov|843.635.8333,8642315613,6361230753|20140926|Consulting
3714|Amina Dambreville|915 Valerio Ct|Monroe City|63456|MO|USA|dambreville.amina@example.org|401.520.6097|20101114|Consulting
3717|Yulanda J Jussila|992 Mikhail St|Norge|23127|VA|USA|yulanda_jussila@example.gov|3349992371|20140525|Consulting
3725|Nathan Bridgforth|573 Deeptree Av|Lebanon|3766|NH|USA|bridgforth.nathan@example.com|3043035106,808-839-4968|20181021|Consulting
3726|Suk Z Maroney|945 Thalia Ln|Procious|25164|WV|USA|sukmaroney@example.com|3045309356,773.805.3859|20100929|Consulting
3728|Lelah T Brinck|758 American Beauty Dr|Union|24983|WV|USA|brinck_lelah@example.co.uk|307.136.9284|20170424|Consulting
3746|Tamesha O Tiet|586 Via Pacifica|Forestville|16035|PA|USA|tameshaotiet@example.co.uk|215.773.5915|20120303|Consulting
3752|Shelli H Mixdorf|102 Claibourne Ln|Levasy|64066|MO|USA|shellihmixdorf@example.gov|6369223420|20130303|Consulting
3755|Dan E Kassahun|58 Vista Fairways Dr|Vero Beach|32964|FL|USA|kassahundan@example.org|352.016.3536,863.340.9679,832-248-9105|20140502|Consulting
3776|Nohemi Y Pacitti|228 Lovage Ct|Biloxi|39532|MS|USA|nohemi_pacitti@example.com|769-141-4646,769-490-7338|20150415|Consulting
3784|Monserrate Q Raynal|412 Via Princessa|Kings Canyon National Pk|93633|CA|USA|monserrateraynal@example.gov|302-263-4252|20171125|Consulting
3792|Karmen J Hammett|1969 Santa Susana Dr|Tontogany|43565|OH|USA|hammett-karmen@example.gov|757-375-2659|20190529|Consulting
3793|Evelynn W Quintana|185 Devell Rd|Avoca|48006|MI|USA|evelynnwquintana@example.co.uk|734.738.6212|20190222|Consulting
3800|Kylie I Wockenfuss|1181 Podd Ct|Reagan|38368|TN|USA|kylie_wockenfuss@example.co.uk|775-480-1937|20171125|Consulting
3840|Loreta U Batovsky|61 Dairy Rd|Campobello|29322|SC|USA|batovskyloreta@example.gov|864-526-2185,9075939920|20101004|Consulting
3853|Ruth R Hutsenpiller|1465 Millston Ct|Hollywood|20636|MD|USA|ruth-hutsenpiller@example.org|6676769673|20180922|Consulting
3858|Tyron L Kiffmeyer|826 Blue Curl Wy|Saint Charles|55972|MN|USA|tyronkiffmeyer@example.gov|2188010065|20170101|Consulting
3867|Linda M Nothem|7 London Pl|Elkland|65644|MO|USA|nothem-linda@example.org|3143818841,314.768.6218,816-861-1459|20140603|Consulting
3880|Anjelica W Jonaitis|631 Olivas Pk Rd|Friars Point|38631|MS|USA|jonaitis_anjelica@example.com|7690257986,601-802-3287|20200106|Consulting
3884|Lisette H Weishoff|1886 Riverside Ln|Sylacauga|35150|AL|USA|weishoff.lisette@example.gov|8089888378|20141006|Consulting
3887|Rolf F Cheong|199 Honorine Ct|Lambert|59243|MT|USA|rolffcheong@example.gov|202-368-1925,406-390-6703,4064154593|20100508|Consulting
3889|Janie T Allendorf|2288 Hamlet Wy|Tunas|65764|MO|USA|janie-allendorf@example.com|636-033-9076|20140708|Consulting
3892|Dale X Driggars|505 Mountain Dale Ct|Bernard|52032|IA|USA|daledriggars@example.co.uk|508.850.7062|20160728|Consulting
3904|Lynnette A Lecours|13 American Av|Boggstown|46110|IN|USA|lynnettelecours@example.gov|219-493-1283,574.726.6636|20111112|Consulting
3910|Leslie H Marsyla|1538 Sheldon Av|Kaneohe|96744|HI|USA|lesliemarsyla@example.co.uk|347-565-1064,808-124-7673|20110131|Consulting
3913|Tory Q Vipond|519 Dario Av|San Diego|92102|CA|USA|vipond_tory@example.com|+17147247509|20131115|Consulting
3931|Bettie U Monheim|227 Aliso|Green Bay|54324|WI|USA|monheim_bettie@example.org||20110614|Consulting
3932|Evelin L Heidner|173 Forst Ct|California|20619|MD|USA|evelin-heidner@example.org|7312659062|20130510|Consulting
3950|Carmelina A Schnathorst|286 Camino Alegre|Manhattan|89022|NV|USA|schnathorstcarmelina@example.co.uk|0017028316206,671-304-2135|20100627|Consulting
3965|Joline I Scogna|1412 Alaminos Dr|Kansas City|64184|MO|USA|jolineiscogna@example.co.uk|660-124-7023|20140522|Consulting
3967|Krishna S Tirotta|9 Sardinia Ct|Nashua|3063|NH|USA|krishna.tirotta@example.org|970-707-6311|20181220|Consulting
3971|Kaycee D Hejlik|514 Rocky Mtn Ct|Cameron|59720|MT|USA|kayceedhejlik@example.com|207.145.3923|20100128|Consulting
3977|Melita P Pinnegar|1583 Blending Rd|San Diego|92126|CA|USA|pinnegar.melita@example.org|562.951.9694,805-709-2360|20150911|Consulting
3984|Werner Headley|1308 Woodfield Pl|Las Vegas|89145|NV|USA|headleywerner@example.gov|8086377702|20170124|Consulting
3987|Berta M Schinske|611 Quincy St|Hardin|59034|MT|USA|schinske.berta@example.co.uk|4062273657|20180624|Consulting
3993|Marcia M Poznanski|2009 Los Rogues Dr|Rockville|20849|MD|USA|poznanski-marcia@example.gov|301-136-6319,843-699-4113|20150223|Consulting
4005|Angelina K Sellars|1068 Oakmall Ln|Marion Junction|36759|AL|USA|angelinaksellars@example.org|725-588-9821,938.709.3426|20170926|Consulting
4041|Myrtice K Hoerter|288 Terrace Ct|Boston|2123|MA|USA|myrticehoerter@example.org|3513778965,503-560-0441|20180418|Consulting
4050|Marquis Saur|896 Pamplico Dr|Gober|75443|TX|USA|saur-marquis@example.com|4300226130,4352380870,9855304886|20170309|Consulting
4055|Tamisha U Gerring|419 Diaz Dr|San Perlita|78590|TX|USA|tamisha_gerring@example.com|360-137-6854|20110819|Consulting
4062|Van Q Hollinsworth|1256 Alaminos Dr|Alcova|82620|WY|USA|vanqhollinsworth@example.org|307-757-5985|20181225|Consulting
4067|Basilia R Chartrand|1083 Shadow Valley Ln|Evansville|47731|IN|USA|basilia_chartrand@example.org|717-404-3893|20160329|Consulting
4073|Myriam Buchter|717 Lady Linda Ln|Delray|26714|WV|USA|myriambuchter@example.gov|864-055-6508|20190830|Consulting
4086|Anna Franza|396 Carnation Ct|Annada|63330|MO|USA|franza.anna@example.co.uk|417-330-0865|20151021|Consulting
4090|Jazmine Z Schapiro|953 Craftsmen Ct|Greenwood|29648|SC|USA|jazmine_schapiro@example.com|803.966.1447|20131206|Consulting
4095|Lyndon L Busby|1650 Mendoza Dr|Saulsbury|38067|TN|USA|lyndon-busby@example.co.uk|930.310.4218|20180928|Consulting
4098|Nola V Middlestadt|234 Starkus Wy|Enfield|6083|CT|USA|middlestadt_nola@example.co.uk|626.749.4685,959.490.9965|20121210|Consulting
4111|Leigh F Donjon|1527 Weyerhauser Wy|Alvord|51230|IA|USA|leighfdonjon@example.com|779.596.0531,812-110-5548|20100303|Consulting
4113|Rosalee D Kacher|1343 Cascade Rd|Durham|27701|NC|USA|rosaleedkacher@example.com|7326474048,667-490-9473|20160630|Consulting
4119|Bev T Peppe|294 Red Pine Wy|Spartanburg|29319|SC|USA|bev-peppe@example.com|854-556-7385|20120514|Consulting
4120|Jean Y Figas|814 La Veda Av|Schriever|70395|LA|USA|jeanyfigas@example.gov|9852524299|20110124|Consulting
4127|Carmella H Eilers|1025 Floral Ct|Dike|50624|IA|USA|carmella-eilers@example.org|712-598-6815|20140102|Consulting
4132|Lorene A Wimmer|642 Vista Point Pl|Joinerville|75658|TX|USA|loreneawimmer@example.org|938-255-9078|20150701|Consulting
4134|Denita O Lisi|171 Mariel Wy|Ottawa|25149|WV|USA|lisi.denita@example.org|903-091-1749,610.541.2619|20180727|Consulting
4141|Coral R Leung|1033 Norfork Pl|Merrillville|46411|IN|USA|coral_leung@example.gov|308-868-7521|20180322|Consulting
4148|Leandro Y Ehasz|455 Starwood Wy|Las Vegas|89131|NV|USA|leandro-ehasz@example.co.uk|775-697-3350,405-889-2605|20160224|Consulting
4156|Nelia R Shimel|209 Edelweiss Ct|Pleasant Plains|72568|AR|USA|shimelnelia@example.gov|8706836939|20121209|Consulting
4162|Fairy D Iannini|417 Ponderosa St|Whiteoak|63880|MO|USA|fairy_iannini@example.co.uk|0018027879066,417.647.5303|20121229|Consulting
4168|Julianna H Sellmeyer|692 Via Candela|Georgetown|4548|ME|USA|sellmeyer-julianna@example.gov|308.875.7681|20121014|Consulting
4185|Joe Ginsbach|1145 Capew St|Fuquay Varina|27526|NC|USA|joe_ginsbach@example.com|8023366429|20141113|Consulting
4187|Talia L Szarowicz|845 Esquerra Rd|Brownwood|76801|TX|USA|talialszarowicz@example.org|3049775462|20170830|Consulting
4192|Royce Denyes|153 Cedar Glen Ct|Folsomville|47614|IN|USA|denyes.royce@example.co.uk|843-414-5230|20160227|Consulting
4199|Norris P Grulkowski|1026 Summit Pl|Snowflake|85937|AZ|USA|norrisgrulkowski@example.gov|9281184728,2072608049|20120716|Consulting
4201|Timika E Scherbel|1114 Ridge View Dr|Mc Keesport|15130|PA|USA|timikaescherbel@example.co.uk|5705682076|20100713|Consulting
4211|Santos M Messick|945 Pike Ln|Youngstown|44506|OH|USA|messick_santos84@example.com|220-536-9142|20120224|Consulting
4227|Lilian T Schaub|1356 Hathaway Dr|Strongsville|44136|OH|USA|lilianschaub@example.gov|2294828858|20130629|Consulting
4238|Minh Yogerst|367 Tannahill Av|Buffalo|14208|NY|USA|minh_yogerst@example.co.uk|671.009.5435|20110913|Consulting
4255|Darci J Libunao|1333 Via Delos|Sherwood|49089|MI|USA|darcijlibunao@example.co.uk|989-501-8726|20130719|Consulting
4262|Janis Mengers|909 Tulipland Av|San Juan Capistrano|92693|CA|USA|mengers.janis@example.com|408-416-1577|20130829|Consulting
4278|Lettie V Usey|622 Copper Ct|North Star|48862|MI|USA|lettievusey@example.gov|346.694.3612|20141006|Consulting
4280|Oscar B Ribas|655 Grand Cyn Rd|Lead|57754|SD|USA|ribas_oscar@example.co.uk|602.241.7559,903.625.4079,6051233908|20120427|Consulting
4304|Celesta K Lafollett|969 Treasure Vista Dr|Phenix|23959|VA|USA|lafollett_celesta@example.gov|603.581.1299|20121106|Consulting
4314|Deeanna N Uncapher|667 Blue Ridge Wy|Alexandria|22336|VA|USA|deeannanuncapher@example.com|603-514-5872|20191226|Consulting
4322|Brian Calimlim|185 Marina Point Ln|Milton|32583|FL|USA|briancalimlim@example.com|308-161-3818|20140626|Consulting
4347|Santa P Itnyre|2671 Rustico Ct|Concord|94527|CA|USA|itnyre-santa@example.co.uk|7147294936|20121229|Consulting
4377|Elijah Mayhill|597 English Rose Pl|Manasota|34260|FL|USA|elijah_mayhill@example.gov|+1-850-125-5432,305.779.9264,701.944.9191|20140513|Consulting
4396|Rosalba R Bierstedt|65 Honby Av|Albion|46701|IN|USA|rosalbarbierstedt@example.co.uk|484.705.0152|20140402|Consulting
4401|Shera H Moriguchi|2010 Ruby Ln|Glen Arbor|49636|MI|USA|sherahmoriguchi@example.org|7018806871,9716210526|20180301|Consulting
4403|Ambrose V Stoffel|693 Via Flamenco|Edmond|25837|WV|USA|ambrose.stoffel@example.co.uk|681.601.1557|20120924|Consulting
4405|Magdalene P Kohara|797 Wilde Av|Bondurant|82922|WY|USA|magdalene-kohara@example.com|307-957-3154|20130925|Consulting
4406|Toshiko T Tradewell|1724 Red Pine Wy|Woodacre|94973|CA|USA|tradewell-toshiko@example.gov|650.105.3814,2080539694|20150101|Consulting
4423|Wendy Busser|40 Redwood Cyn Ln|Montague|49437|MI|USA|wendy-busser@example.org|202.591.1979|20140325|Consulting
4429|Rosanna S Ceman|832 Ironwood Dr|Deer Park|77536|TX|USA|ceman-rosanna@example.org|4061974160|20101224|Consulting
4438|Magnolia T Hegy|1063 Cuestport Dr|Avawam|41713|KY|USA|magnoliathegy@example.com|2088498791|20171022|Consulting
4442|Dominga M Henige|1329 Midas Ln|Ebony|23845|VA|USA|domingahenige@example.com|2762743647,+1.907.930.2855|20170613|Consulting
4461|Lecia Borash|365 Stover Flats Ct|Nitro|25143|WV|USA|borash.lecia@example.co.uk|3047710617|20151110|Consulting
4464|Barbara L Winch|1172 Silver Ridge Pl|Watertown|2472|MA|USA|barbara_winch@example.gov|401.765.9891|20181022|Consulting
4481|Jenice O Arroyd|1175 Alder Ct|Fayette|13065|NY|USA|arroyd-jenice@example.org|5189543464|20180818|Consulting
4484|Chrystal X Heiner|2508 Monterey Pines Ln|Cape Coral|33990|FL|USA|chrystalxheiner@example.com|352-957-6177|20181006|Consulting
4492|Iraida Y Pagulayan|953 Morning Mist Dr|Hatton|58240|ND|USA|iraidaypagulayan98@example.org|701-555-5498,7019384430|20121212|Consulting
4516|Gladis N Kivisto|624 Camargo Dr|Placida|33946|FL|USA|gladisnkivisto@example.gov|208-071-4891|20131226|Consulting
4518|Janetta B Libra|662 Paradise Rd|Houston|77094|TX|USA|janettablibra@example.org|346.470.9851|20120511|Consulting
4533|Fabian C Millo|613 Calle De Sol Dr|Simi Valley|93063|CA|USA|fabian-millo@example.com|918-896-0577|20191002|Consulting
4537|Shera B Apted|405 Merryhill St|Leonardsville|13364|NY|USA|sherabapted@example.com|585-483-5296|20120204|Consulting
4541|Trenton B Aagaard|1966 Canyon Ter Wy|Evansville|47708|IN|USA|aagaard_trenton@example.com|671.530.6698|20140809|Consulting
4569|Allison R Heslep|2758 La Veda Av|Roca|68430|NE|USA|heslep_allison@example.org|402-802-3267|20160606|Consulting
4577|Alene N Longstaff|344 Ridgeway Ct|Elk Mound|54739|WI|USA|longstaffalene@example.org|5346896492,208.257.3905,6089915630|20160730|Consulting
4578|Marissa B Barany|2365 Begonias Ln|Lancaster|17601|PA|USA|marissa_barany@example.gov|412-369-7189|20161006|Consulting
4579|Rodger H Majerle|1024 Presidio|Salt Lake City|84190|UT|USA|majerle_rodger@example.gov|3853001083|20151221|Consulting
4580|Su B Wilmont|744 Elm Ct|Tujunga|91043|CA|USA|su_wilmont@example.co.uk|6577147392|20111008|Consulting
4592|Gertha Alls|761 Whispering Leaves Dr|Gulfport|39502|MS|USA|gerthaalls@example.gov|601.698.0506,802.167.6072|20191206|Consulting
4597|Rosalia Willbrandt|645 Carnation Ct|Shokan|12481|NY|USA|willbrandt.rosalia36@example.org|607.289.8058|20101226|Consulting
4622|Jeffry R Sherek|276 Bryce Ct|Galena|21635|MD|USA|jeffryrsherek@example.gov|4103910026|20150816|Consulting
4626|Jenee G Elble|555 Stillmore St|Hardburly|41747|KY|USA|jeneegelble@example.gov|939.934.8383|20130524|Consulting
4628|Kristie T Santen|1090 Yellowstone Ln|Pearblossom|93553|CA|USA|kristietsanten@example.co.uk|+18586038033,2067689827,601-876-8968|20101123|Consulting
4643|Karissa Natoli|1404 Pine Cove Cr|Sharon|16146|PA|USA|karissanatoli@example.gov|671.242.8034,7632863555,8160295268|20170128|Consulting
4651|Youlanda E Monterrey|1109 Jason Dr|Rio Oso|95674|CA|USA|youlandaemonterrey@example.gov|605-725-6713|20100425|Consulting
4653|Marcelino E Oehm|217 Stonecreek Rd|Sandisfield|1255|MA|USA|oehmmarcelino@example.com|6057192958|20131221|Consulting
4654|Mason L Klinghoffer|1919 Amable Ct|North Adams|1247|MA|USA|klinghoffer-mason@example.co.uk|413-328-7035,810.181.0211,339-209-6905|20131204|Consulting
4655|Betty A Gibbar|867 Rocky Mtn Ct|Cotopaxi|81223|CO|USA|bettyagibbar@example.gov|701-605-9225,303-678-2918|20151116|Consulting
4667|Patience W Kasik|635 Harwood Dr|Woody Creek|81656|CO|USA|kasik.patience@example.co.uk|3032002670|20140706|Consulting
4682|Ela Struckmeyer|107 Las Brisas Rd|Mc Connelsville|43756|OH|USA|struckmeyer-ela@example.org|5679072763|20200127|Consulting
4692|Britta Y Macneil|1341 Calle De La Paz|Goshen|84633|UT|USA|macneil-britta@example.gov|801.287.6470,671-023-2573|20190902|Consulting
4695|Karan D Minifield|664 Sack Junior Ln|Caledonia|58219|ND|USA|minifieldkaran@example.com|9160293369|20100406|Consulting
4701|Doretta K Kindberg|1809 Holiday Cr|Oklahoma City|73103|OK|USA|dorettakkindberg@example.org|480.186.5060|20110610|Consulting
4704|Maxima D Stem|705 Paige Pl|Lahoma|73754|OK|USA|maxima.stem@example.org|+1.908.894.7428|20181207|Consulting
4705|Lyn T Markowich|1790 Paseo Terraza|Bunker Hill|25413|WV|USA|lyn.markowich@example.co.uk|+13043414974|20140424|Consulting
4706|Kathrine E Khalid|2282 Deeptree Av|Nilwood|62672|IL|USA|kathrine.khalid@example.org|7251895865,779.111.5161|20170311|Consulting
4716|Salome Odishoo|374 Via Rana|Dayton|45422|OH|USA|salomeodishoo@example.com|6705746260,701-498-1165|20180812|Consulting
4720|Sherri X Cliffton|674 Red Cedar Wy|Washington|20554|DC|USA|clifftonsherri@example.co.uk|2027616293|20131208|Consulting
4728|Petrina C Muehlberg|893 Via Vista|Evansville|47732|IN|USA|muehlberg.petrina@example.gov|+12343059052|20170116|Consulting
4735|Ellena Bannen|22 Klevins Ct|Taneytown|21787|MD|USA|ellena_bannen@example.gov|657.634.2618|20100415|Consulting
4736|Alessandra T Wegele|342 Akins Ct|Alden|50006|IA|USA|alessandra-wegele@example.com|515.514.6419|20190405|Consulting
4743|Priscilla Q Furnari|413 Sunderland Ct|Waupaca|54981|WI|USA|priscilla.furnari@example.com|9391897784,9207270215|20121120|Consulting
4745|Shavonda L Kaitz|638 Hidden Valley Ct|Mayfield|49666|MI|USA|shavonda-kaitz@example.gov|803.584.7494,001-202-942-4593|20130112|Consulting
4747|Kathern O Oefinger|387 Travers Ct|Bowling Green|42102|KY|USA|kathernoefinger@example.gov|907-705-1713|20151104|Consulting
4750|Tiffaney G Hollon|1294 Avocet Ct|Peck|67120|KS|USA|tiffaney.hollon@example.org|6104547651|20150304|Consulting
4759|Neville L Heilner|950 Sandalia Dr|San Antonio|78253|TX|USA|heilner.neville@example.co.uk|936.548.7658|20130409|Consulting
4763|Kelley Z Silveri|1011 Jade Ct|Reed|42451|KY|USA|kelley.silveri@example.org|502-665-1537|20190909|Consulting
4776|Halina L Moesch|779 Railroad Av|Abilene|79602|TX|USA|moeschhalina@example.org|8121770598|20151203|Consulting
4781|Delaine Y Iacobacci|306 Doug Rd|Clyde|14433|NY|USA|delaine_iacobacci@example.gov|6239786839|20131016|Consulting
4784|Luis L Meintzer|1447 Franks Wy|New Durham|3855|NH|USA|luis.meintzer@example.org|606.391.7660,603.893.4126|20150513|Consulting
4792|Ahmad J Rossie|1145 Redbud Ridge Cr|El Paso|88526|TX|USA|rossie.ahmad@example.org|5207848854|20110715|Consulting
4793|Benito Herdrich|962 Plaza Escovar|Spencer|73084|OK|USA|benito.herdrich@example.org|6035833798,5809080140,539-261-5488|20160612|Consulting
4794|Shery Y Shatley|825 Railroad Av|Merrifield|22119|VA|USA|shatley_shery@example.org|5406456412|20160527|Consulting
4806|Rosina X Grotsky|1350 Valley St|Wilmington|19892|DE|USA|rosina.grotsky@example.org|202.006.5748|20150609|Consulting
4809|Benito Sadaka|1541 Frisca Dr|Mc Veytown|17051|PA|USA|sadaka.benito@example.gov|314.455.9635|20190116|Consulting
4810|Nettie N Sincock|200 Chatfield Wy|Oklahoma City|73153|OK|USA|nettiensincock@example.com|539-542-4537|20180222|Consulting
4832|Garland Martinie|1224 Snapdragon Pl|Glen Dale|26038|WV|USA|garland-martinie@example.co.uk|304.514.3896|20181224|Consulting
4835|Russel Poulose|1213 Lincoln Av|Longdale|73755|OK|USA|russel.poulose@example.org|9188330527,207.170.3877|20171215|Consulting
4843|Robbin W Fattore|738 Silverton Ct|Dunnigan|95937|CA|USA|fattorerobbin@example.com|4244176336|20170619|Consulting
4848|Emily V Petrocco|771 Via Ott|Kingsbury|46345|IN|USA|emilyvpetrocco@example.com|9386577496|20161023|Consulting
4850|Melda S Slagowski|2745 Drayton St|Newton|62448|IL|USA|slagowski.melda@example.gov|815.232.8229|20160731|Consulting
4853|Ron Lonie|1403 Franks Wy|Cherokee|73728|OK|USA|lonie.ron@example.org|7750284724|20170220|Consulting
4863|Miguelina Hassel|830 Av Hopkins|Columbia|65202|MO|USA|miguelina-hassel@example.co.uk|660.065.6349,409.455.4380|20170520|Consulting
4867|Gudrun F Surkin|471 Remer Ct|Paguate|87040|NM|USA|surkin.gudrun@example.gov|907.168.0304|20160528|Consulting
4889|Lora V Vitkauskas|304 Stonechat Ct|Aurora|80019|CO|USA|loravitkauskas@example.org|5730412201|20190227|Consulting
4893|Theodore S Clavelle|1165 Baldwin Pl|Washington|20337|DC|USA|theodoresclavelle@example.co.uk|202.436.1898,202.243.5342|20170310|Consulting
4903|Numbers I Turilli|838 Van Gogh Ln|Moulton|52572|IA|USA|turilli.numbers@example.co.uk|719-293-0494|20170319|Consulting
4909|Leone G Mcnack|627 San Martinez Rd|McLean|79057|TX|USA|leonegmcnack@example.org|469.285.1359|20121012|Consulting
4910|Leone G Mcnack|627 San Martinez Rd|McLean|79057|TX|USA|mcnack.leone@example.gov|404.331.3495|20110806|Consulting
4923|Robyn I Mione|1354 Raintree Ln|Washington|20204|DC|USA|robyn-mione@example.com|202.535.3581|20180527|Consulting
4927|Amy Y Krochmal|1033 Oakforest Ln|Alberta|56207|MN|USA|amy.krochmal@example.com|2284842742,218-386-6970|20120917|Consulting
4934|Armandina Hassig|1215 Glasser Av|White Oak|28399|NC|USA|hassig.armandina@example.gov|984.756.1049,919.553.8771|20150904|Consulting
4939|Alvaro S Nisi|147 Amor Walk|Brockton|2302|MA|USA|alvaro_nisi@example.co.uk|413.152.6589|20130106|Consulting
4947|Kelly Eakes|427 Starwood Pl|Berwick|3901|ME|USA|kellyeakes@example.co.uk|662.559.2013|20160119|Consulting
4950|Arleen J Setera|1408 Oakleaf Cyn Dr|Uwchland|19480|PA|USA|arleenjsetera@example.co.uk|724.928.8564|20160429|Consulting
4973|Loyce L Imran|423 Rocket Rd|North Lawrence|44666|OH|USA|imran.loyce@example.com|9372496708|20170330|Consulting
4982|Luisa P Iberg|362 Beldove Ct|Canton|44709|OH|USA|luisapiberg@example.org|2343329690|20180119|Consulting
4993|Malvina S Vidinha|657 Frost Ln|Lenox|36454|AL|USA|malvinasvidinha61@example.co.uk|340.154.2858|20170418|Consulting
5002|Vern D Tart|961 Avd De Estrella|Onida|57564|SD|USA|verndtart@example.gov|605-431-6620|20191118|Consulting
5004|Vern D Tart|961 Avd De Estrella|Onida|57564|SD|USA|tart.vern@example.com|605-939-3314|20191227|Consulting
5008|Marth W Podbielski|981 Golden Glen Ct|Fort Smith|72905|AR|USA|marthwpodbielski@example.org|501-888-1117,5636696809,5014699088|20151220|Consulting
5010|Colton U Samsel|483 Sky Ranch Rd|Ellendale|56026|MN|USA|colton-samsel@example.co.uk|651-459-5208|20120930|Consulting
5012|Colton U Samsel|483 Sky Ranch Rd|Ellendale|56026|MN|USA|coltonusamsel@example.org|+1-760-845-9016|20110208|Consulting
5030|Theresia N Geiser|2057 Serra Ln|Falconer|14733|NY|USA|theresiangeiser@example.co.uk|2768764772,559-963-8659|20170915|Consulting
5048|Nikki U Giannantonio|584 Via Princessa|Birmingham|35246|AL|USA|nikki-giannantonio@example.org|7193797981|20131205|Consulting
5050|Tomeka J Seib|697 Amberley Wy|Sacramento|94283|CA|USA|tomeka_seib@example.co.uk|626-705-7638|20200126|Consulting
5057|Johnsie W Keshavarz|1327 Gable Ranch Ln|Summit|84772|UT|USA|keshavarz.johnsie@example.org|+1.435.200.3294|20160102|Consulting
5060|Leida U Neifer|623 Black Oak Dr|Davenport|52804|IA|USA|neiferleida@example.co.uk||20180922|Consulting
5069|Ellena Bannen|22 Klevins Ct|Taneytown|21787|MD|USA|ellena-bannen@example.com|410-054-5864|20130213|Consulting
