18|Hilaria B Vinall|984 Paseo Terraza|Crocker|65452|MO|USA|vinall-hilaria@example.co.uk|2089170883|20200211|Finance
25|Corina I Emlaw|1095 Darter Dr|Cresson|76035|TX|USA|corinaiemlaw@example.com|8081266895,806-897-7224|20160723|Finance
26|Martina U Stofleth|1474 Charlie Ct|Gridley|66852|KS|USA|martina_stofleth@example.com|913.468.7841,6200150932,785.362.6571|20110527|Finance
30|Minh E Mayhue|328 Gita Wy|Clarksville|23927|VA|USA|minh.mayhue@example.gov|2767709161|20130329|Finance
31|Latasha K Meston|677 Via Jardin|Houston|77018|TX|USA|meston_latasha@example.co.uk|701-773-1719|20191028|Finance
33|Chantay B Magnelli|924 Bonita|Rowan|50470|IA|USA|magnellichantay@example.com|4344631021|20110706|Finance
55|Jestine Y Wegehaupt|993 Fall Cyn Truck Trl|Saint Paul|55120|MN|USA|wegehaupt-jestine@example.gov|5099997689|20120524|Finance
56|Thaddeus R Carera|167 Sag Harbor Ct|Bowling Green|63334|MO|USA|carera.thaddeus@example.org|6368941402|20180301|Finance
61|Josef Mesker|1365 Larkmain Dr|Oklahoma City|73102|OK|USA|josefmesker@example.org|405-230-8858|20140129|Finance
62|Dayle Mondejar|867 Oakdale Cyn Ln|Belfair|98528|WA|USA|dayle_mondejar@example.org|+1-509-073-2606,8705198655|20200111|Finance
89|Young R Cassatt|1003 Kevin Wy|Charlotte|28250|NC|USA|youngrcassatt@example.gov|443.070.3566,769-427-9199,743-250-5367|20120808|Finance
91|Corinna Giansante|416 Terri Dr|Parlin|8859|NJ|USA|corinna_giansante@example.gov|6292399647|20190705|Finance
96|Mavis R Haenlein|1530 Calypso Ln|Pearlington|39572|MS|USA|mavis_haenlein@example.co.uk|985.985.4807,208-513-3665,304.851.9008|20131127|Finance
101|Elinore Gaeddert|1197 Caladium Pl|Salt Lake City|84151|UT|USA|elinore-gaeddert@example.gov|302-104-8726|20101119|Finance
107|Benito Sadaka|1541 Frisca Dr|Mc Veytown|17051|PA|USA|benitosadaka@example.gov|302-408-9646|20171208|Finance
139|Gwendolyn K Kendrick|149 Valley Oak Pl|Solomon|67480|KS|USA|gwendolynkkendrick@example.co.uk|620.088.4407|20170727|Finance
145|Darlena T Knutzen|1491 Stevenson Ranch Pkwy|Pippa Passes|41844|KY|USA|darlenatknutzen@example.com|6314804849|20111001|Finance
167|Gladys C Favre|565 Oakwell Rd|Newport News|23606|VA|USA|favre.gladys@example.co.uk|580.321.8636|20120202|Finance
177|Gigi Scope|1078 Angelica Pl|West Liberty|41472|KY|USA|gigiscope@example.gov|907-787-3753,9701308734,708-605-7369|20160514|Finance
178|Starr J Krisko|552 Ricki Ct|Brownville|68321|NE|USA|krisko.starr@example.org|207-430-9426,6812486000,308.615.3086|20110916|Finance
184|Latisha K Reamey|168 Alesna Dr|Atlanta|30355|GA|USA|latisha_reamey@example.gov|229-271-3718,617-854-5679,706.943.8533|20130410|Finance
190|Delilah E Shimon|1078 Arbor Pl|Stafford|43786|OH|USA|shimon_delilah@example.com|419-250-6269|20191215|Finance
192|Teresia Beckam|135 Espinoza Dr|Stephens City|22655|VA|USA|teresiabeckam@example.org|7035332354|20100124|Finance
193|Sue Y Cashon|1987 Cedar Ridge Pl|Government Camp|97028|OR|USA|sueycashon@example.gov|6677440949|20120611|Finance
194|Ebonie Y Schmierer|2124 Centre Pointe Pkwy|Kansas City|64116|MO|USA|schmiererebonie@example.co.uk|5348443951|20100412|Finance
197|Yolande Tacey|755 Lakehills Rd|Welling|74471|OK|USA|yolande_tacey@example.co.uk|5806514194|20141113|Finance
201|Malcom Weeden|218 Icy Willow Ln|Freeland|21053|MD|USA|malcomweeden@example.com|301-123-1631|20140425|Finance
203|Thresa J Binau|61 Las Brisas Rd|Sardis|30456|GA|USA|binauthresa@example.co.uk|312-989-2658,478.715.0817|20130921|Finance
204|Twila J Bauta|24 Bonlee Av|Clayton|62324|IL|USA|bauta_twila@example.gov|309-230-1642|20140806|Finance
215|Debi C Maddry|978 Cavern Ct|Perry|32347|FL|USA|debi_maddry@example.org|479.483.7927|20150923|Finance
220|Sylvester K Fockler|974 Nautical Ln|Denver|80238|CO|USA|sylvesterkfockler@example.com|970-563-9881|20140517|Finance
240|Bradley S Fasullo|596 Mockingbird Ct|Tampa|33626|FL|USA|bradley_fasullo@example.gov|787-674-6183,727.925.6642,251-161-8420|20180128|Finance
253|Dustin A Gasiewicz|1215 Julianne Ct|Stockbridge|53088|WI|USA|gasiewicz.dustin53@example.co.uk|2625602962|20180121|Finance
254|Asley Demeritte|1392 Old Course Wy|Woodruff|84086|UT|USA|asleydemeritte@example.gov|8019278890,605-618-3751,3858597172|20170618|Finance
287|Madalyn Y Vishnevsky|242 Jarana Ct|Beverly|99321|WA|USA|vishnevsky.madalyn@example.gov|5095581733|20130925|Finance
304|Shella D Fippinger|73 Raindance Pl|Waldron|64092|MO|USA|fippinger_shella@example.co.uk|816.646.5741|20140604|Finance
324|May X Mcsparren|809 Golden Meadow Ln|Hidden Valley|15502|PA|USA|mcsparren_may@example.gov|4126959857|20170415|Finance
326|Marquis T Nizami|1457 True Grit Ct|Los Angeles|90014|CA|USA|nizami-marquis@example.gov|424.396.9707|20100818|Finance
328|Isaias W Cadd|1479 Russell Ln|Hicksville|11855|NY|USA|isaiaswcadd@example.org|001.208.631.3955|20190307|Finance
332|Dagmar F Dimisa|278 Oak Garden Ct|Council|83612|ID|USA|dagmar-dimisa@example.com|208.123.5695,551.491.0322|20101114|Finance
336|Franklyn X Lotspeich|6 Sorrento Ct|Inglewood|90303|CA|USA|franklyn_lotspeich@example.gov|+19493012531|20110627|Finance
341|Lakesha Bonazza|997 Avd Avila|Ottawa Lake|49267|MI|USA|bonazzalakesha@example.org|313-107-8513|20200103|Finance
348|Yolanda Q Licastro|94 Skyridge Dr|Tacoma|98444|WA|USA|yolandaqlicastro@example.org|414-036-9477|20180317|Finance
351|Kathlyn J Gettings|918 Snowy Owl Ct|Brasher Falls|13613|NY|USA|gettingskathlyn@example.org|716.915.3397|20101128|Finance
354|Ismael W Gade|22 Thistle Ct|San Mateo|94405|CA|USA|ismaelgade@example.com|804-398-6627|20190313|Finance
367|Cori M Krajacic|700 Snow Drop Ct|Pleasantville|37147|TN|USA|krajacic.cori@example.gov|3377151670,+1-629-916-1315|20161008|Finance
369|France R Lovesee|1558 Via Maduro|Shannon City|50861|IA|USA|francerlovesee@example.com|401.929.3127|20190411|Finance
372|Marge Z Feighner|72 Dry Well Cr|Ellerbe|28338|NC|USA|margezfeighner@example.gov|+1-919-031-2844|20110119|Finance
375|Lynetta C Gemme|390 Big Horn Wy|Taft|78390|TX|USA|lynetta_gemme@example.gov|409.227.6023,435.775.3323,940-873-2316|20141021|Finance
380|Peter U Silverthorn|762 Aspen Meadow Ct|Akron|44311|OH|USA|peterusilverthorn@example.org|567.704.7797,3307588787|20100321|Finance
383|Jeffrey Babinec|302 Dove Ct|Princeton|55371|MN|USA|jeffreybabinec@example.gov|612.220.7248|20170318|Finance
394|Luella V Mak|1395 Windy Wy|Stoddard|3464|NH|USA|luella-mak@example.gov|9139033847,603.699.8805,6039936927|20190328|Finance
409|Beula M Reder|1090 Montana Wy|Sand Fork|26430|WV|USA|beulamreder@example.org|3048383509|20150116|Finance
417|Edyth I Lewitzke|587 Clearview Ct|Washington|20040|DC|USA|edythilewitzke@example.co.uk|202-171-5661|20190619|Finance
419|Paula P Froelicher|216 Parklane Wy|Des Plaines|60019|IL|USA|froelicherpaula@example.org|641-447-3296,8153294176|20171124|Finance
423|Alpha N Wyper|126 Abbey Glen Pl|Victoria|55386|MN|USA|wyper_alpha@example.gov|3600789667|20160810|Finance
432|Vernon W Ouellet|615 Wildwind Rd|Millrift|18340|PA|USA|vernon_ouellet@example.org|570-868-3238,610-710-7150|20150318|Finance
444|Josette Zugay|678 Copper Mtn Ct|Chula Vista|91911|CA|USA|zugay.josette@example.gov|562-864-5937|20100921|Finance
447|Grady H Buchta|400 Camford Pl|Compton|90224|CA|USA|grady-buchta@example.org|3170948067|20140312|Finance
448|Merrie H Crowfoot|735 Cresthaven Ct|Cope|80812|CO|USA|merrie-crowfoot@example.gov|970.353.5928|20110712|Finance
456|Thaddeus W Gleen|331 Verona Dr|Dighton|67839|KS|USA|gleen-thaddeus@example.org|620-734-6567|20151121|Finance
462|Anita Q Pallardy|609 Mariam Pl|Duck Hill|38925|MS|USA|anita_pallardy@example.com|740-752-3991|20100503|Finance
465|Teodora W Setta|210 Highlands Ln|Concord|17217|PA|USA|setta.teodora@example.org|610.635.8058|20190817|Finance
480|Eloy U Learmonth|184 Delwood St|Gulnare|81042|CO|USA|learmontheloy@example.org|662-779-3191|20190104|Finance
482|Murray G Mclear|552 Essex Pl|Floodwood|55736|MN|USA|mclear_murray@example.org|970.795.9162,9528129902|20131111|Finance
489|Shanna U Nibbs|637 Mill Valley Rd|Portland|97256|OR|USA|shannaunibbs@example.gov|9403491076|20150926|Finance
497|Chastity D Dewyer|674 Alia Ct|Hubbell|49934|MI|USA|dewyer-chastity@example.co.uk|231.178.7431,802.520.5255|20130707|Finance
522|Stephaine Z Cuce|1491 Bension Dr|Boston|2207|MA|USA|stephainezcuce@example.org|641.170.5886|20181006|Finance
524|Waylon Valerius|716 Diver St|Maple Plain|55572|MN|USA|waylonvalerius@example.gov|9011920307|20131214|Finance
526|Elenor R Santus|106 Rolling Greens Wy|Peekskill|10566|NY|USA|elenor-santus@example.co.uk|508.280.5808,718.851.0971|20180310|Finance
534|Barney Covas|897 Vista Hills Dr|Chemung|14825|NY|USA|barneycovas@example.org|4351588512,585-007-4817|20130530|Finance
538|Pricilla Reil|513 Kristine Ct|Columbia|29203|SC|USA|reil-pricilla@example.gov|854-424-3382,3026150121|20150930|Finance
542|Leonia X Prats|880 Avd De Estrella|Washington|20268|DC|USA|leonia_prats@example.org|270.884.2392|20180420|Finance
544|Maurita G Gehl|1040 Tannahill Av|Nashville|37206|TN|USA|gehlmaurita@example.com|423.634.2835|20130723|Finance
545|Del H Stefanidis|454 Delight St|South Lebanon|45065|OH|USA|del.stefanidis@example.co.uk|808.596.7905|20130308|Finance
550|Elenor F Strenk|127 Starlight Ln|Ontario|91762|CA|USA|strenkelenor@example.gov|408-749-1300,701-360-9404|20200113|Finance
557|Susana G Topmiller|563 Greensbrier Dr|Hyattsville|20782|MD|USA|susanagtopmiller89@example.com|+1.203.073.2932|20141226|Finance
558|Ashely D Yuksel|125 Rush Cyn Truck Trl|Franklin|7416|NJ|USA|ashelydyuksel@example.com|2074205449|20130606|Finance
563|Lupita H Cossaboon|250 Sea Cove Ln|Portland|4109|ME|USA|lupita.cossaboon@example.com|662.936.9660|20130824|Finance
566|Shanae Q Hays|410 Almendra Dr|Ledbetter|42058|KY|USA|hays-shanae@example.co.uk|3407298285,+12708398601,2708360153|20150805|Finance
569|Carmon J Peil|1192 Rose Cyn Ln|Baltimore|43105|OH|USA|apehb@example.org|+13148940881|20100218|Finance
581|Golda L Krekorian|776 Rio Chico Dr|Holloman Air Force Base|88330|NM|USA|golda-krekorian@example.gov|601.693.7291|20190726|Finance
605|Aileen I Huckestein|1245 Calypso Ln|Friendswood|77549|TX|USA|aileenihuckestein@example.gov|859-555-6132,3072467262|20150205|Finance
639|Judi N Jersild|965 Rosehaven Ln|Argonia|67004|KS|USA|judi.jersild@example.gov||20170823|Finance
643|Tamika C Keich|656 Masters Cup Wy|Wilmington|28409|NC|USA|tamikackeich@example.com|984-395-3070|20190703|Finance
646|Dick E Melching|77 Lakemore Dr|Daytona Beach|32124|FL|USA|dickemelching@example.com|727-170-4882|20191119|Finance
654|Claudia L Boltinghouse|237 Knudsen Pkwy|Port Orange|32129|FL|USA|claudialboltinghouse@example.gov|6847430084|20190616|Finance
662|Kathi R Callam|123 Casselman Ln|Louisburg|27549|NC|USA|kathircallam@example.com|9844439610|20171006|Finance
670|Guadalupe U Fiorillo|768 Briardale Wy|Stanton|38069|TN|USA|guadalupe-fiorillo@example.co.uk|701.015.1227,901.821.2217,603.815.9994|20130922|Finance
696|Jerrie E Stfelix|262 Westover Wy|Bryan|77808|TX|USA|jerriestfelix@example.com|9406098506|20181117|Finance
709|Katelynn Z Vuich|2996 Concorse Dr|Neotsu|97364|OR|USA|katelynnvuich@example.org|216.971.1827|20110917|Finance
710|Les R Bremer|446 Ranney House Ct|Mill Creek|74856|OK|USA|les_bremer@example.gov|918-679-8356|20100928|Finance
712|Magdalene W Stimatze|852 Agajanian Dr|Ojo Caliente|87549|NM|USA|magdalene-stimatze37@example.org|5754271387,5754486437|20130207|Finance
721|Grazyna V Topol|811 Avd Ronada|Roodhouse|62082|IL|USA|grazyna-topol@example.com|3026791414|20120213|Finance
723|Dee Hovekamp|854 Cross Creek Dr|Mosheim|37818|TN|USA|dee-hovekamp@example.com|717.452.1878|20160702|Finance
767|Lamar Magalong|985 Ridgegrove Dr|Nesmith|29580|SC|USA|magalong.lamar@example.org|803-955-6655|20150127|Finance
770|Zenaida D Ruckman|1032 Stonechat Ct|Mount Pleasant|75456|TX|USA|ruckman.zenaida@example.org|713-723-2189|20161222|Finance
773|Latricia Hennessey|924 Ranier St|Lindside|24951|WV|USA|latriciahennessey@example.org|6416319200|20100410|Finance
776|Digna W Gillhouse|999 Pinksand Rd|Cumberland|21502|MD|USA|dignagillhouse@example.gov|301.006.5278|20180428|Finance
781|Larry V Hoback|1042 Scherzinger Ln|Whitefield|3598|NH|USA|larryhoback@example.org|6036047142|20180108|Finance
783|Sabine Lebourgeois|1227 Concord Av|Scottsdale|85257|AZ|USA|lebourgeois-sabine@example.gov|6467559962|20190517|Finance
799|Alida X Ziegenfuss|254 Hillsfall Ct|Shuqualak|39361|MS|USA|ziegenfuss_alida@example.org|601-584-8252,769.893.1863|20170716|Finance
807|Danyelle L Gyimah|510 Falls Dr|Newsoms|23874|VA|USA|danyellelgyimah@example.gov|701.527.3140|20120523|Finance
815|Iesha Dircksen|2278 Bentley Wy|Lingleville|76461|TX|USA|iesha-dircksen@example.org|2569995646|20180831|Finance
818|Kylie K Couser|1152 Topaz Ct|Stringer|39481|MS|USA|kyliekcouser@example.co.uk|720-132-1599|20150617|Finance
822|Caitlin B Guichardo|1782 Cavehill Rd|Thatcher|85552|AZ|USA|guichardo-caitlin@example.co.uk|8108280127|20160626|Finance
823|Fidel I Eisenlohr|129 Essex Pl|Washington|20074|DC|USA|eisenlohr_fidel@example.com|0012023300045|20160827|Finance
826|Novella B Thibeau|495 Carlos Pl|Belgrade|4917|ME|USA|novella_thibeau@example.org|207-341-4381|20191119|Finance
851|Myong B Chinappi|920 Ascona Dr|Arroyo Grande|93420|CA|USA|chinappi-myong@example.gov|6190636003|20130724|Finance
852|Masako U Birdsall|1761 Pinewood Ct|Middlesex|8846|NJ|USA|birdsall.masako47@example.co.uk|402.709.2909|20160719|Finance
857|Yoshie Y Lantz|341 Leong Ct|Baton Rouge|70802|LA|USA|yoshie-lantz@example.gov|+1-928-059-3892,908-456-3339|20120113|Finance
867|Gale V Wigington|536 Leonard Tree Ln|Jefferson City|65102|MO|USA|galevwigington@example.co.uk|5030419349|20130901|Finance
875|Gregorio B Alcantar|365 Anacapa Ln|Crivitz|54114|WI|USA|gregoriobalcantar@example.org|6716906688|20200101|Finance
887|Tobi Z Lienard|1254 Ruthspring Dr|Santa FE Springs|90671|CA|USA|tobilienard@example.co.uk|626.035.8475|20170721|Finance
890|Aracely M Dzielak|958 Houston Ct|Leonardsville|13364|NY|USA|aracelymdzielak@example.gov|585.187.4083|20181029|Finance
894|Jacquie F Hasey|908 Horseshoe Ln|West Point|10996|NY|USA|haseyjacquie@example.gov|3153475455,3191790463|20160818|Finance
909|Han Shettles|464 Radclay St|Denton|76202|TX|USA|shettles.han@example.gov|320.187.8299|20120116|Finance
912|Lucina G Kiswani|131 Sarape Ct|Dover|19905|DE|USA|lucina.kiswani@example.org|8089810941,340-247-4376|20140725|Finance
914|Johnathon Y Trasvina|238 Waterway Ln|Monaville|25636|WV|USA|johnathonytrasvina@example.gov|769.165.2553|20160222|Finance
922|Weldon O Agner|320 Sheldon Av|Gladeville|37071|TN|USA|agner.weldon@example.org|423.252.1074|20170620|Finance
936|Marc U Weisbard|2380 Western Cedar Ct|Slidell|70458|LA|USA|marc.weisbard@example.org|864-334-8403|20150924|Finance
942|Wilfredo Kalm|1575 Timber Pl|Gasconade|65036|MO|USA|kalm.wilfredo@example.gov|+18165387935|20180620|Finance
952|Toney Q Baris|748 Elliott Ln|Eldorado|73537|OK|USA|toneybaris@example.com|419-447-2175|20120129|Finance
953|Lilla L Kubiszewski|124 Golden State Hwy|Lehigh Acres|33970|FL|USA|lillalkubiszewski@example.com|816.955.1680,239-007-5190,7729864616|20150903|Finance
961|Cathern Didiano|306 Kavenagh Ln|Madison|66860|KS|USA|didiano.cathern@example.com|7013753020|20181223|Finance
967|Christian T Frost|1705 Blackfoot Ct|Ojo Caliente|87549|NM|USA|christian.frost@example.com|670.295.1200|20130130|Finance
970|Alda R Petridis|311 Rockport Wy|Thorofare|8086|NJ|USA|alda_petridis@example.co.uk|671.842.7601|20120524|Finance
980|Analisa L Roshak|134 Via Telino|Lewis|12950|NY|USA|roshak-analisa@example.gov|315-162-8618,212.418.0170|20110702|Finance
987|Kiana D Oskin|788 Gumtree Pl|Baton Rouge|70809|LA|USA|oskinkiana@example.co.uk|340-480-9463,331-394-9588|20140110|Finance
990|Ilse Nemchek|914 Majestic Ct|Westbury|11595|NY|USA|nemchekilse@example.gov|6202808384,3402096503|20110923|Finance
1011|Haydee S Grandits|840 Larbert St|Waco|76716|TX|USA|haydeesgrandits@example.co.uk|9042995394|20100109|Finance
1024|Nola Minvielle|2448 Essex Pl|Somonauk|60552|IL|USA|minvielle.nola@example.gov|3318812697,224-769-3787|20170526|Finance
1030|Valery R Yerger|638 River Trl Ln|Upperco|21155|MD|USA|yerger-valery@example.co.uk|508-127-2215|20100428|Finance
1041|Cody C Achenbach|1448 Oliver Wy|Whitesburg|37891|TN|USA|codycachenbach@example.org|931-716-4395|20170108|Finance
1046|Leonard L Cantey|761 Aosta Ct|Racine|64858|MO|USA|cantey-leonard@example.co.uk|816-761-5292|20121008|Finance
1047|Roy K Ogarro|865 Silver Oak Ct|Sicily Island|71368|LA|USA|ogarro_roy@example.org|318-093-8149,6717170365|20161018|Finance
1065|Bianca K Heddleson|258 Corsica Pl|Garrett Park|20896|MD|USA|biancakheddleson@example.com|0014101395918,410-847-0726,+1.671.262.8947|20130612|Finance
1072|Arthur K Cabeen|322 Woodpark Ct|Pittsburgh|15228|PA|USA|arthur_cabeen@example.com|7693377577,859.577.8528|20110515|Finance
1077|Blondell Y Menick|942 Winterset Dr|Northfield|44067|OH|USA|menick_blondell@example.org|2549814317,725.865.9026|20171212|Finance
1078|Davida A Wiethoff|562 Ivy Ln|Inglewood|90301|CA|USA|davidaawiethoff@example.gov|3239221592|20100914|Finance
1083|Alia L Elsener|785 Breakwater Wy|Underwood|58576|ND|USA|elsener.alia@example.com|701-821-2301,7010685920|20130317|Finance
1102|Stanton Spain|1561 Via Corsa|West Fargo|58078|ND|USA|stantonspain@example.co.uk|402-594-5351,8703704980|20131217|Finance
1110|Aundrea V Johes|1219 Park Woodland Pl|Shelby|28152|NC|USA|johes.aundrea@example.org|9106363439|20160718|Finance
1115|Jodee H Tangorra|1019 Chestnut St|Mustoe|24468|VA|USA|tangorra_jodee@example.com|351.523.4859|20160114|Finance
1116|Denese A Merolla|623 Hamlet Wy|Topeka|66622|KS|USA|merolla_denese@example.co.uk|860-193-3919|20111018|Finance
1159|Kum E Mande|278 Foxlane Dr|Morton|39117|MS|USA|kum.mande@example.org|939-640-9857|20180112|Finance
1160|Gilberto J Biello|5 Robinsong|Valencia|91354|CA|USA|gilbertobiello@example.com|424.458.8859|20191229|Finance
1177|Mandy V Slain|296 16th St|Opp|36467|AL|USA|slainmandy@example.org|251-398-9023|20160216|Finance
1197|Marylin X Rasulo|1370 Sack Junior Ln|Saint Johnsville|13452|NY|USA|rasulo_marylin@example.gov|8085790482,6053281848,3405528886|20100315|Finance
1213|Faustino Z Schmidbauer|373 Winter Pine Wy|Gastonia|28055|NC|USA|schmidbauer-faustino89@example.gov|+1-385-396-9687,743.762.0694|20171113|Finance
1225|Bo I Bristo|648 Van Gorder Wy|Overton|75684|TX|USA|bobristo@example.co.uk|979-407-6617|20140803|Finance
1227|Jeanne I Kassoff|1107 Via Dalia|Bennington|67422|KS|USA|jeannekassoff@example.co.uk|001.316.789.7842|20120904|Finance
1232|Burl Blacken|1612 Clarence Ct|Thousandsticks|41766|KY|USA|burl-blacken@example.com|605-143-0207,502-905-6033,270-077-8523|20130314|Finance
1237|Delbert Q Battel|314 Joseph Hooper Dr|Neligh|68756|NE|USA|delbertqbattel@example.org|856-809-4078|20150515|Finance
1258|Stephine F Pousson|120 Zaddison Ct|Creighton|68729|NE|USA|pousson-stephine@example.org|531-759-1060|20161202|Finance
1261|Luci U Winovich|297 Vista Del Rio|Little Valley|14755|NY|USA|luci_winovich@example.gov|8652675595|20160805|Finance
1272|Estefana F Kantar|1341 Rio Bueno Ct|Kinston|28501|NC|USA|kantarestefana@example.co.uk|402.199.9581,660-428-3795|20181016|Finance
1281|Yolando O Mcanarney|388 Lassen St|Ingleside|21644|MD|USA|mcanarney_yolando@example.gov||20120901|Finance
1286|Shelton Hasner|377 Farmington Ln|Wells Bridge|13859|NY|USA|sheltonhasner@example.com|6208079108,203-840-1548,646.297.9239|20100516|Finance
1304|Layne P Delgiorno|469 Via Kalban|Grand Ronde|97347|OR|USA|layne.delgiorno71@example.com|620-666-1295|20190227|Finance
1309|Shantell Gravitt|1952 Pandy Ct|Houston|77008|TX|USA|shantellgravitt@example.co.uk|972-846-5627|20170804|Finance
1320|Bruna Jedlowski|177 Beechwood Dr|Jamestown|42629|KY|USA|bruna.jedlowski@example.gov|502.011.5179,3640733113,502.913.2430|20130903|Finance
1330|Emelda L Massimini|378 Spandau Dr|South Branch|48761|MI|USA|massimini_emelda@example.org|906.071.8041|20110805|Finance
1331|Mavis D Saltsman|1311 Sleepy Creek Ln|Ford|67842|KS|USA|saltsmanmavis@example.co.uk|620-676-7868|20110802|Finance
1333|Alex Reichstadt|497 Burton Wy|Hershey|69143|NE|USA|alex.reichstadt@example.com|4357900005|20121111|Finance
1341|Dalia U Torcivia|388 Cordovan Ln|Wilsey|66873|KS|USA|dalia.torcivia@example.org|425.749.2160|20101003|Finance
1345|Asia I Aylmer|760 Honiton Av|Milton|32571|FL|USA|aylmer_asia@example.co.uk|787-575-5463|20190406|Finance
1352|Sha C Oberender|698 Chucker Ct|Westborough|1582|MA|USA|shaoberender96@example.org|7744990003,651.929.4859|20150226|Finance
1356|Jude Hutching|552 Peppermint Ln|Palmer|49871|MI|USA|jude_hutching@example.com|+1.608.632.6413,517.434.1393|20111219|Finance
1365|Esmeralda P Domski|190 Red Cedar Pl|Janesville|53546|WI|USA|esmeraldapdomski@example.com|7875696783|20181223|Finance
1379|Mckinley R Glagola|1445 Dakota Dr|Helena|59620|MT|USA|mckinley.glagola@example.com|304.134.5616|20140613|Finance
1389|Martine I Wonsey|765 Sidani Ln|Seattle|98118|WA|USA|martineiwonsey@example.com|684.467.7364,670.321.1173|20120909|Finance
1398|Maribel L Feuerbach|584 Alamos Ln|Jamesville|27846|NC|USA|feuerbach_maribel@example.gov|8029955639|20130907|Finance
1405|Exie U Ojha|2080 Far Hills Rd|Callands|24530|VA|USA|exieojha@example.gov|757.489.8583|20101214|Finance
1424|Ruth Q Boriack|775 Argenti Ct|Maxwelton|24957|WV|USA|ruthqboriack@example.org|304-028-2318,3042442936,4803193761|20110105|Finance
1436|Vina Piccola|297 Montevista Cr|Stone Mountain|30086|GA|USA|vinapiccola@example.org|4709686393|20181124|Finance
1437|Marvel T Spezio|257 Avd Avila|Chilhowie|24319|VA|USA|spezio_marvel@example.com|8081664511|20151201|Finance
1449|Felicitas C Prajapati|797 Huston St|Schaumburg|60195|IL|USA|prajapatifelicitas@example.gov|321-458-8479|20171214|Finance
1458|Kristal Scherz|1124 Lanview Ln|Albuquerque|87119|NM|USA|kristal-scherz@example.co.uk|671-166-3007|20130615|Finance
1468|Rene Q Bellington|613 Hearthside Ct|Clay|35048|AL|USA|bellington.rene@example.gov|3344018882|20101224|Finance
1469|Brinda R Polak|2005 Summit Cr|Owens Cross Roads|35763|AL|USA|brindarpolak@example.co.uk|334.999.3694|20170519|Finance
1470|Lanette S Mccowin|1543 Sunrise Hills Rd|Sumerco|25567|WV|USA|lanettesmccowin@example.com|539-522-5561|20120514|Finance
1480|Andrew Tampa|124 Camas Ct|Nelson|61058|IL|USA|tampa_andrew@example.org|7089838542,907.826.6034|20101204|Finance
1499|Arlyne J Mcdonnough|346 Rose Ct Dr|Chapmanville|25508|WV|USA|arlyne-mcdonnough@example.com|747-452-2328|20161112|Finance
1506|Leanora V Liolios|1789 Rio Prado Dr|Lynn|1910|MA|USA|leanora-liolios@example.co.uk|617-620-1353,2531746377,339-713-0180|20170610|Finance
1520|Trudie N Payno|78 2nd St|Baker|70704|LA|USA|trudienpayno@example.co.uk|769-732-0288|20101116|Finance
1522|Spencer P Duskin|329 Bruces Pl|Corpus Christi|78469|TX|USA|duskin_spencer@example.org|+1.903.665.4858,254-743-5230,802.249.1435|20180717|Finance
1527|Melonie Plantenberg|738 Birdsong Rd|Colorado Springs|80910|CO|USA|melonieplantenberg@example.com|671-733-8886|20170927|Finance
1537|Esmeralda Z Bienko|216 Flatwater Ct|Bray|73012|OK|USA|bienko-esmeralda@example.co.uk|4051483756|20141123|Finance
1542|Yanira H Estremera|290 Peary Dr|Rudyard|59540|MT|USA|yanirahestremera@example.co.uk|719-760-3866|20191222|Finance
1545|Pearl P Tuorto|41 Ellery Wy|Arion|51520|IA|USA|tuorto-pearl@example.gov|319-858-6166,208.098.7586|20161209|Finance
1547|Brooke Z Leuschen|245 Cheswold Ln|Mound|55364|MN|USA|leuschen.brooke@example.com|3201096537|20120330|Finance
1562|Patsy Z Magsayo|713 Wrangell Ln|Oil City|16301|PA|USA|magsayo_patsy@example.co.uk|219-141-6179|20100615|Finance
1565|Dorothy Vallejos|23 Bannerman Av|Glendale|91222|CA|USA|dorothy.vallejos@example.co.uk|860-757-0377|20181211|Finance
1574|Raymon Volling|379 Silver Aspen Wy|Brooklyn|11220|NY|USA|raymonvolling@example.gov|516.974.1200,516-077-5069|20131019|Finance
1581|Gladis U Kirst|217 Windward Ln|Wichita|67220|KS|USA|gladis.kirst@example.org|743-778-2614|20100121|Finance
1605|Lien G Aben|642 Alder Peak Av|Melvin|41650|KY|USA|lienaben@example.gov|270-855-4230|20180317|Finance
1614|Pandora F Aulbach|367 Amelia Ln|Sturgis|42459|KY|USA|pandorafaulbach@example.com|864.536.3296|20130215|Finance
1623|Kit X Pentland|2294 Western Cedar Ct|Sylvania|16945|PA|USA|kitxpentland@example.gov|931-270-4867,2289990141|20100830|Finance
1646|Providencia Y Driggins|163 Waterwheel Rd|Spicer|56288|MN|USA|drigginsprovidencia@example.gov|2536729703|20130210|Finance
1660|Bobbie M Gebel|43 Trevyelon St|Windsor|80550|CO|USA|bobbiemgebel@example.gov|9705455848,9700830840|20120229|Finance
1672|Felipa T Zona|143 Park St|Marion Center|15759|PA|USA|felipatzona@example.co.uk|307-426-4188|20181206|Finance
1677|Fredia Q Kindelberger|609 Natalie Wy|Arlington|42021|KY|USA|frediaqkindelberger@example.com|270.273.6368,606.744.2448,787.989.8468|20150130|Finance
1687|Toshia I Walkes|584 Bayport Ln|Winthrop|98862|WA|USA|toshiaiwalkes30@example.org|907.444.0979,575.789.1238|20100623|Finance
1708|Dorthea M Tsakos|1567 Refinery Rd|Chattanooga|37411|TN|USA|dorthea_tsakos@example.org|406.036.7415|20191108|Finance
1719|Belva J Fisette|2058 Pinnacle Ct|Harmony|55939|MN|USA|belva-fisette@example.org|854-176-2855|20191011|Finance
1729|Walker C Hayley|161 Cottage Cr Dr|Langtry|78871|TX|USA|walkerhayley@example.co.uk|817.837.6739,608-124-4180|20180603|Finance
1730|Alvaro R Pietrandrea|1002 Alta Knoll Dr|Porter|77365|TX|USA|pietrandrea-alvaro@example.co.uk|361.039.3475|20120106|Finance
1732|Kerry J Vanarnam|1728 Palomita Dr|Cedar Grove|53013|WI|USA|vanarnamkerry@example.co.uk|603.508.8474|20160116|Finance
1735|Samara S Arpan|1276 Quilla Rd|Saint Petersburg|33747|FL|USA|samaraarpan@example.org|786-305-0956|20151216|Finance
1748|Eunice S Salzmann|465 Roy Dr|Nevada|50201|IA|USA|eunicesalzmann@example.co.uk|515-880-3185|20140916|Finance
1751|Marlo H Klenz|899 Iris Pl|El Verano|95433|CA|USA|marlohklenz@example.com|763.606.0158|20120122|Finance
1767|Shonda I Mergener|203 Holmby Ct|Diamond City|72630|AR|USA|shonda.mergener@example.com|501.855.0894|20191029|Finance
1768|Kattie Glose|1246 Diamond Ln|Brussels|54204|WI|USA|glosekattie@example.gov|684-501-3263|20161115|Finance
1770|Carolin I Vandervalk|602 Via Turina|Sacramento|94271|CA|USA|carolinivandervalk@example.com|9164443574|20160131|Finance
1771|Shalon Siener|108 Vaca Av|Taylor|85939|AZ|USA|shalonsiener@example.com|480-866-2250|20130428|Finance
1776|Stevie A Ferrett|519 Peppermint Ln|Timberon|88350|NM|USA|stevieaferrett@example.org|505.631.9689|20100224|Finance
1777|Riley Varma|1116 Matana Dr|Rock Hill|29730|SC|USA|rileyvarma@example.co.uk|8549092906|20160418|Finance
1801|Tess S Valdo|1295 Madigan Dr|Stowell|77661|TX|USA|tess_valdo@example.com|772-513-9628,7139343857|20140330|Finance
1802|Roseann Atenco|310 Ron Ridge Dr|Puyallup|98371|WA|USA|atenco_roseann@example.com|2533211455|20100509|Finance
1812|Rebecca I Pavlov|1437 Sunrose Pl|Des Moines|50302|IA|USA|rebeccaipavlov@example.gov|6706184296|20180223|Finance
1816|Ronna S Tenenbaum|950 Los Altos Dr|Meshoppen|18630|PA|USA|ronna.tenenbaum@example.co.uk|2286863025|20100916|Finance
1824|Barb Q Fiorica|2733 Breton Ct|Philadelphia|19111|PA|USA|barb.fiorica@example.gov|803-014-6682|20150408|Finance
1829|Sanora Vieni|296 Arena Dr|Seco|41849|KY|USA|vieni_sanora@example.co.uk|684-255-0107|20131011|Finance
1836|Clair X Hahr|542 Old Stone Wy|Washington|20224|DC|USA|hahr_clair@example.co.uk|671.351.8405|20151014|Finance
1846|Wilson Lose|1742 Fairhaven Ct|Indian Trail|28079|NC|USA|wilsonlose@example.com|9012306891,+1.743.157.8906|20100523|Finance
1852|Jazmine Albanes|348 Golf Course Rd|Plumville|16246|PA|USA|jazmine_albanes@example.com|+15417562815,701-464-6264|20130125|Finance
1854|Melony N Baffo|826 Oakhorn Av|Chicago|60653|IL|USA|melony-baffo@example.org|8150510130,2241192032,256-345-2972|20131204|Finance
1866|Darby Z Lamica|72 Pipit Ct|Mohrsville|19541|PA|USA|darbyzlamica@example.gov|908.429.7730,215-601-1801|20160217|Finance
1867|Mildred N Slakey|183 Beachgrove Ct|Brimfield|61517|IL|USA|mildred_slakey@example.com|312-543-9126,6058212988|20180301|Finance
1870|Jolanda U Hegner|216 Helton Dr|Sapello|87745|NM|USA|jolanda-hegner@example.co.uk|5058363708,5051403207|20150517|Finance
1883|Conchita S Kalantarova|1932 Calle Terraza|Terre Haute|47802|IN|USA|kalantarova-conchita@example.gov|930.121.6745,479.980.0864,2095926715|20121020|Finance
1899|Belen Z Lahrman|194 Fenwall Dr|South El Monte|91733|CA|USA|belen-lahrman65@example.gov|8184080561,515.113.0240,308-438-1517|20120721|Finance
1918|Renee L Pancheri|74 Stonegate Dr|Cashiers|28717|NC|USA|pancheri_renee@example.org|9106196882|20100217|Finance
1929|Katie K Yaldo|1223 Pear Ct|Cave Creek|85327|AZ|USA|yaldokatie@example.co.uk|5200250197|20131104|Finance
1933|Rolande H Ngu|589 Carla Ct|Pine Prairie|70576|LA|USA|rolande-ngu@example.gov|+12252802221|20110202|Finance
1940|Daine Fraire|471 Windcrest Pl|South Fulton|38257|TN|USA|dainefraire@example.org|9498380324|20171231|Finance
1958|Matha D Romanenko|56 Grassy Knoll Ln|Eureka|59917|MT|USA|romanenkomatha@example.co.uk|2727130790,406-340-5546|20141031|Finance
1961|Tonette V Degruccio|190 Oakspur Dr|Orangeville|17859|PA|USA|tonettedegruccio11@example.co.uk|2200082672|20171025|Finance
1970|Briana Kosmach|439 Potrero Cyn Rd|Farmingdale|4344|ME|USA|kosmachbriana@example.gov|531.477.8321|20180509|Finance
1983|Emmanuel V Weik|1297 Hillsfall Ct|Omaha|68172|NE|USA|weikemmanuel@example.gov|302.524.6393|20191122|Finance
2010|Cristen Steeley|1372 Rosehaven Ln|Taft|74463|OK|USA|steeley-cristen@example.co.uk|804-102-7461|20121027|Finance
2026|Fermina N Vanderweide|585 Urbandale Av|Kennesaw|30152|GA|USA|ferminanvanderweide@example.com|307-473-9976|20200101|Finance
2028|Murray H Rosenlof|1620 Drake Pl|Buffalo|14267|NY|USA|murrayhrosenlof@example.gov|816.883.1558|20130223|Finance
2029|Felecia Burgoyne|410 Huffy St|Macon|31208|GA|USA|felecia_burgoyne@example.org|770-905-9040|20131112|Finance
2055|Lionel T Cahuantzi|1019 Heather Knolls Pl|Suffolk|23438|VA|USA|lionel.cahuantzi@example.co.uk|912.930.2941|20101030|Finance
2056|Tonisha O Compoli|60 Choke Cherry Ln|Baton Rouge|70898|LA|USA|tonishaocompoli@example.com|910.541.3458,2253915412,410.717.4890|20141001|Finance
2058|Carmine H Stealy|8 Matador Pl|Arnold|49819|MI|USA|stealycarmine@example.gov|+1.517.428.8170|20141015|Finance
2077|Heidy U Mohlman|89 Durant Pl|Garwood|7027|NJ|USA|heidyumohlman@example.co.uk|6719180252|20130624|Finance
2083|Kris N Felberg|351 Turnstone Ct|Wilkes Barre|18762|PA|USA|krisfelberg@example.gov|8784958737|20140505|Finance
2086|Shenita Lyra|1249 Thompson|Buffalo Creek|80425|CO|USA|lyrashenita@example.co.uk|719-069-5027,970.311.1295|20191130|Finance
2131|Kazuko P Hulting|675 Daydream Wy|Battle Creek|49017|MI|USA|kazukohulting@example.org|959.261.3637|20170614|Finance
2141|Yasmine E Campisano|460 Parklane Wy|El Paso|79905|TX|USA|campisanoyasmine11@example.org|574-805-4303|20160705|Finance
2146|Stefany G Lie|881 Rupert Ln|Lacrosse|99143|WA|USA|stefany.lie@example.co.uk|+1-360-649-9805|20170918|Finance
2147|Roslyn B Apsey|51 Ridge Vale Dr|Memphis|38116|TN|USA|roslynapsey@example.org|901-339-8990|20120427|Finance
2149|Epifania A Alatalo|87 Salem Ct|Fayetteville|72702|AR|USA|epifaniaaalatalo@example.co.uk|479.519.0516|20141212|Finance
2155|Doloris B Thibaut|578 Oakridge Rd|Smithers|25186|WV|USA|thibautdoloris@example.org|3046378945|20100707|Finance
2167|Millard G Pillion|148 Centre Pointe Pkwy|Fort Worth|76178|TX|USA|pillionmillard@example.com|231.053.9812|20130106|Finance
2170|Enid K Lopas|576 Av Penn|Stony Point|28678|NC|USA|enidklopas@example.org|3363156994,670-085-7238,757.068.4258|20180612|Finance
2179|Alysia P Bonefas|529 Midtown Ct|Washington|20061|DC|USA|bonefas.alysia@example.gov|+1-202-318-1816,202.380.2232|20141214|Finance
2193|Magaret Bingler|146 Hilltop Ct|Tampa|33655|FL|USA|magaretbingler@example.com|727.418.3460|20180626|Finance
2215|Carol Miletic|1514 Redstart Ct|Wallingford|19086|PA|USA|carolmiletic@example.com|434-731-5880|20200205|Finance
2221|Lissette V Oster|47 Granite Ct|Fargo|58103|ND|USA|lissette-oster@example.com|3028754689,701-220-8584,701-061-5224|20130928|Finance
2233|Lamar K Accomando|198 Road Runner Rd|Washington|20578|DC|USA|accomando.lamar@example.gov|2026222827|20180622|Finance
2238|Stacee T Varadarajan|1217 Mikelyn Rd|Orangefield|77639|TX|USA|staceetvaradarajan@example.com|9071709187|20170116|Finance
2239|Jesus I Kaempf|703 Toscana Dr|Gabbs|89409|NV|USA|kaempf.jesus@example.gov|725.144.0200|20130414|Finance
2244|Dollie C Acquistapace|704 Av Paine|Wisdom|59761|MT|USA|dolliecacquistapace@example.co.uk|4069206924,406-482-9814|20120630|Finance
2247|Burl K Sonzogni|812 Hayes Ct|Hot Sulphur Springs|80451|CO|USA|burl.sonzogni@example.com|605.402.3280,7209819592,6710764161|20110121|Finance
2252|Antoinette S Anene|233 Canary Ct|Ace|77326|TX|USA|antoinettesanene@example.com|947-142-2432,7136720512,928-189-3933|20110624|Finance
2275|Loree O Shenkel|943 Phosphorous Rd|Lafayette|70593|LA|USA|loreeoshenkel@example.co.uk|772.834.6697|20130926|Finance
2292|Margarite W Ynostroza|106 Moorhen Ct|Osyka|39657|MS|USA|ynostroza-margarite@example.com|6012123840|20160325|Finance
2293|Inell N Betros|639 Leticia Dr|Springville|38256|TN|USA|inell-betros@example.com|918.124.7996,9010279392,937.196.7744|20130619|Finance
2300|Cristine S Ohr|2 Via Valentina|Tulsa|74135|OK|USA|cristinesohr@example.co.uk|5864366262|20170826|Finance
2307|Lavon Tobias|263 Patricia Hill Dr|San Mateo|94407|CA|USA|lavontobias@example.com|684-631-9389,580.932.4952|20150615|Finance
2312|Hulda Q Hodne|2018 Ramillo Wy|Parishville|13672|NY|USA|huldaqhodne@example.co.uk|907-474-8178,8593132197|20180706|Finance
2320|Katelin Kevin|142 Gaines Wy|Hopkins|55305|MN|USA|katelinkevin@example.com|218.812.3748|20150414|Finance
2336|Kenneth T Noblett|764 Chiffchaff Ct|Kansas City|66101|KS|USA|noblett.kenneth@example.co.uk|5739608952|20181115|Finance
2351|Lavon Z App|1445 9th St|Lackey|41643|KY|USA|lavonapp@example.org|502.430.9387|20160707|Finance
2353|Robyn I Mione|1354 Raintree Ln|Washington|20204|DC|USA|mionerobyn@example.gov|202-884-2898,202-734-5824|20150812|Finance
2360|Talia Nasuti|578 Brian Ct|Richmond|23270|VA|USA|talianasuti@example.gov|4405540419|20100108|Finance
2372|Bo H Armster|487 Cambria Estates Ln|Burlington|5405|VT|USA|armster-bo@example.com|3319904601|20130221|Finance
2402|Elva F Barnard|304 Gratland Dr|Lanse|49946|MI|USA|elvafbarnard@example.org|6168231965|20170209|Finance
2406|Theodora G Davillier|433 Flowerpark Dr|Luray|29932|SC|USA|davillier_theodora@example.co.uk|803-348-7024,854.181.5337|20151216|Finance
2413|Lucinda Quirion|336 Oak Cyn Rd|Maribel|54227|WI|USA|lucinda-quirion@example.co.uk|4141835108|20100103|Finance
2424|Arleen X Solida|798 Brighton Ln|Story|71970|AR|USA|solida_arleen@example.org|670-130-2551|20160115|Finance
2426|Troy N Anstett|662 Aspen Ct|New Glarus|53574|WI|USA|troy-anstett@example.com|608.169.1670,920.262.7287,501.025.7846|20170905|Finance
2429|Andrea P Uttech|703 Calle De La Paz|Boston|2119|MA|USA|uttech-andrea@example.gov|781.629.7302,508-321-3505|20100423|Finance
2442|Kaci C Tillman|1997 Via Bordeaux|Santa Barbara|93130|CA|USA|kaci_tillman@example.com|951.247.6567|20191228|Finance
2443|Yahaira L Bable|586 Santa Clara St|West Bridgewater|2379|MA|USA|bable.yahaira@example.co.uk|541.678.7083|20140703|Finance
2462|Luciana Sehic|151 Arline St|Rockland|19732|DE|USA|luciana_sehic@example.gov|302.190.8400|20161121|Finance
2463|Constance Z Gimino|1738 Plumwood Av|Philadelphia|19092|PA|USA|constance_gimino@example.gov|5743294571|20140831|Finance
2464|Zita P Livolsi|2018 Crystal Springs Rd|Merced|95341|CA|USA|zitaplivolsi@example.co.uk|412-447-1451|20100128|Finance
2465|Adriana I Holubec|106 Orrente Ln|Pardeesville|18243|PA|USA|holubec-adriana@example.co.uk|203-162-7974|20180706|Finance
2473|Lester Serbousek|115 Cinnabar Ln|Mexico|13114|NY|USA|lester-serbousek@example.com|7011534566|20161126|Finance
2485|Robby Ziegelbauer|1133 Caston Ct|Santa Maria|93456|CA|USA|robby_ziegelbauer@example.org|9518728651|20160308|Finance
2491|Toi W Lindo|1338 Pinto Pl|Dallas|75237|TX|USA|toiwlindo@example.co.uk|8325243745|20190624|Finance
2497|Richard T Hovet|477 Plaza Luneta|Romeoville|60446|IL|USA|richardthovet@example.gov|307.977.8332|20190421|Finance
2501|Xuan Craddick|1792 Chervil Ct|Chicago|60645|IL|USA|craddickxuan@example.co.uk|3125250125|20191230|Finance
2502|Liza H Boccia|362 Via Palacio|Evansdale|50707|IA|USA|boccializa34@example.gov|5630916496,702-871-7118|20140317|Finance
2508|Robyn U Capecci|770 Via Aranda|Palmyra|4965|ME|USA|robynucapecci@example.com|7818363886,401-314-7416|20190318|Finance
2509|Dimple Bondie|1048 Via Dolarita|Mansfield|72944|AR|USA|bondiedimple@example.co.uk|608.451.1516|20110115|Finance
2523|Kaleigh Y Mccaughtry|1084 Bonnie Wy|Sparks|89434|NV|USA|mccaughtry-kaleigh@example.gov|+18028669130|20100119|Finance
2529|Stephnie Mastny|1160 Cedar Wy|Elk Grove Village|60007|IL|USA|stephniemastny@example.co.uk|651-050-7249|20100624|Finance
2530|Delia R Ostrand|689 8th St|Gable|29051|SC|USA|deliarostrand@example.co.uk|8548875736,854-187-3621,8648147371|20150404|Finance
2533|Devin G Woodson|1808 Wiley Cyn Rd|Triplett|65286|MO|USA|devingwoodson@example.gov|701.826.3430,202-774-4263,531-008-8272|20160509|Finance
2552|Robbyn D Berkompas|1072 Village Cr|Uvalde|78801|TX|USA|berkompasrobbyn@example.gov|573-772-8909,670-756-7206|20120122|Finance
2564|Debbie E Estillore|510 Lakehurst Av|Seattle|98150|WA|USA|debbieeestillore@example.co.uk|425-335-7845,8287311929,252.921.3262|20180425|Finance
2569|Bettina Q Wooddell|1014 Backer|Ola|83657|ID|USA|bettinaqwooddell@example.gov|7750268609,208-082-7367,671-969-9685|20121102|Finance
2572|Tammi O Myers|1294 Parkwood Ln|Shreveport|71166|LA|USA|tammi.myers@example.org|337-002-0793|20100603|Finance
2584|Stefani I Mcclafferty|15 Jerry Pl|Crabtree|15624|PA|USA|stefani_mcclafferty@example.com|6849316613|20100912|Finance
2586|Geraldo H Kohanek|467 Brian Ct|Abington|19001|PA|USA|geraldohkohanek@example.gov|267-846-8077|20131201|Finance
2595|Lavinia T Lanclos|47 Plymouth Rd|Baltimore|21282|MD|USA|laviniatlanclos@example.gov|7860914267|20140926|Finance
2608|Madeleine Younk|952 Pepperidge Dr|Melbourne|32941|FL|USA|madeleineyounk@example.com|9135142548|20190316|Finance
2624|Londa Freyermuth|1416 Sycamore Meadow Dr|Datil|87821|NM|USA|freyermuth-londa@example.gov|5756806028|20110410|Finance
2625|Lane X Haffley|1513 Avd Frasca|Prattville|36067|AL|USA|lane_haffley@example.gov|808-498-9090|20180528|Finance
2647|Lora S Pacocha|702 Lauren Ln|Bridgeton|8302|NJ|USA|loraspacocha@example.co.uk|3376469251|20160925|Finance
2648|Kristina H Nellans|254 Park Woodland Pl|Whitelaw|54247|WI|USA|kristina-nellans@example.org|985.021.2053|20151014|Finance
2654|Simone C Archambault|350 Tahoe Dr|Lubbock|79423|TX|USA|simonecarchambault@example.org|208-690-2822,737.803.7710|20130225|Finance
2661|Brooks A Mendes|373 Palomita Dr|Des Moines|50316|IA|USA|mendes.brooks@example.org|573.483.2839,8608987538|20110421|Finance
2662|June F Moorefield|216 Cindy Ct|Stephenville|76402|TX|USA|june.moorefield@example.gov|956-512-3003|20160412|Finance
2677|Julio K Coch|808 Kashmir Ct|Oklahoma City|73144|OK|USA|juliokcoch@example.org|267-563-9252|20150511|Finance
2708|Renetta S Orrick|1605 Boulder Creek Rd|Benedict|20612|MD|USA|renetta.orrick@example.org|3010010771|20150823|Finance
2731|Frances Y Eppolito|959 Anzel Cr|Sulphur Rock|72579|AR|USA|francesyeppolito@example.com|939-756-5386|20100401|Finance
2762|Fredericka N Zippay|1508 Savory Pl|Daggett|49821|MI|USA|frederickanzippay@example.org|906-736-5821|20100503|Finance
2778|Roni V Liborio|1165 Cross Gate Ct|Keeseville|12924|NY|USA|roni-liborio@example.co.uk|680-997-7275|20180704|Finance
2796|Margret Chandran|2014 Market St|Walled Lake|48391|MI|USA|chandran_margret@example.com|201.964.2159|20120831|Finance
2797|Gwenn Markovitz|521 Anacapa Ln|Wilder|38589|TN|USA|markovitz_gwenn@example.co.uk|575-488-3687|20110709|Finance
2799|Josefa B Archila|1984 Greensbrier Dr|Junior|26275|WV|USA|josefa.archila@example.gov|930.988.2608|20151104|Finance
2811|Jeri W Tatarian|257 Sally Rd|Meadows of Dan|24120|VA|USA|jeriwtatarian@example.com|684.984.8119|20181019|Finance
2813|Nobuko Gonzalezsanche|1162 Canary Ct|Morenci|85540|AZ|USA|gonzalezsanche.nobuko@example.org|928.785.3528,878-288-8050|20130125|Finance
2816|Candance A Buss|13 Pepper Pl|Pleasantville|50225|IA|USA|buss_candance@example.gov|808.007.6957|20170616|Finance
2837|Edmund F Kostur|184 Edison Potrero Rd|Jacksonville|32260|FL|USA|kostur-edmund@example.com|772.702.0515|20141106|Finance
2846|Yvonne J Frushon|574 Darrin Ct|Farrell|16121|PA|USA|frushon-yvonne@example.org|724-381-3502|20120920|Finance
2852|Juliet G Averill|366 Shannon Ridge Pl|Montgomery|77356|TX|USA|julietgaverill28@example.co.uk|3610046153|20190529|Finance
2863|Ahmed F Wilczynski|289 Cedarcreek St|Rush Valley|84069|UT|USA|ahmed-wilczynski@example.gov|8012896750,3858947696|20170423|Finance
2865|Vergie Z Carrier|583 Fitzgerald Av|Almond|28702|NC|USA|vergiezcarrier@example.gov|303-323-5125,7854654685,336.379.8102|20180422|Finance
2877|Renaldo R Szydlowski|60 Via Delos|Newport Beach|92663|CA|USA|nbacppngp@example.com|563.110.3454|20100718|Finance
2892|Chana S Lesaca|564 Ravenhill Rd|Columbus|28722|NC|USA|chanaslesaca90@example.com|9197722993|20200103|Finance
2909|Jonathon R Pfluke|1643 Via Copeta|Greenacres|99016|WA|USA|jonathonrpfluke@example.co.uk|253.480.6819,253.760.3790|20130624|Finance
2941|Rochell F Shtern|958 Oak Orchard Rd|Harrods Creek|40027|KY|USA|rochellfshtern@example.gov|2708080375|20131102|Finance
2953|Carey O Perlis|977 Swan Ln|Somerdale|8083|NJ|USA|careyperlis@example.com|6811473833,5517149008|20180109|Finance
2959|Bunny J Tanda|1054 Dalbey Dr|Hutchinson|67502|KS|USA|tandabunny@example.com|9139200686,913.539.8628,3165976708|20150101|Finance
2969|John J Machut|2012 Shadow Valley Ln|Wakonda|57073|SD|USA|machut_john@example.co.uk|402.069.3245|20200114|Finance
2973|Christin G Haering|100 Wager Rd|Grabill|46741|IN|USA|christinhaering@example.gov|317-776-3310,2606675664|20140518|Finance
2980|Jona N Lerose|1332 Southwind Ct|Chino|91708|CA|USA|jonanlerose@example.com|503-319-8980|20170724|Finance
3016|Heidi J Defendini|891 Hillcrest Pl|San Marino|91108|CA|USA|heididefendini@example.org|5316058095,684.697.2243|20150823|Finance
3019|Roberto E Schechner|1384 Anne Freda St|Charlotte|28278|NC|USA|roberto.schechner@example.org|336-028-3938|20100427|Finance
3020|Chrissy Anest|896 Heather Ridge Wy|West Middleton|46995|IN|USA|chrissyanest@example.gov|2194941706,479-488-0548|20120527|Finance
3025|Betty H Radosh|770 Arcadia St|Aurora|80013|CO|USA|radoshbetty@example.gov|907-794-9388|20180316|Finance
3031|Mitchell W Jestus|1593 Warm Springs Dr|Wells Bridge|13859|NY|USA|mitchellwjestus@example.co.uk|276-084-3701,629.255.8016,567.393.1463|20150806|Finance
3037|Carmelo K Molesky|640 Little Oak Ln|Helmetta|8828|NJ|USA|carmelokmolesky@example.org|513.847.9236|20180823|Finance
3043|Rachelle W Icart|47 Channel Rd|Overton|75684|TX|USA|rachellewicart@example.org|972-894-2579,2071614283|20170511|Finance
3045|Emilio Geres|636 Sierra Sunrise Ln|Piney Creek|28663|NC|USA|emiliogeres@example.gov|2020417929|20170522|Finance
3053|Louisa D Oldakowski|615 Hummingbird Cr|Manlius|13104|NY|USA|louisaoldakowski@example.gov|718-801-9892|20160614|Finance
3055|Mai Q Pancrazio|1104 Santa Ynez Wy|Young America|55562|MN|USA|pancraziomai@example.co.uk|651-502-6208,684-463-2278|20161117|Finance
3064|Bong Durke|2087 Avd Del Luna|Tampa|33634|FL|USA|durke_bong@example.com|3861125129,717-896-1688|20150101|Finance
3070|Jacquelyn P Kellenberger|973 Av Crocker|Miami|33192|FL|USA|kellenberger-jacquelyn@example.com|8087787419,406-777-6726,903-874-9343|20181108|Finance
3075|Jolyn Depaolo|412 Brei Ct|Coffeen|62017|IL|USA|depaolo.jolyn@example.org|7736181403|20150725|Finance
3077|Cristin C Radel|1742 Olympian Ct|Thomasville|36784|AL|USA|radel-cristin@example.gov|380-259-1004|20190817|Finance
3080|Katerine Topor|996 Peach Mtn Wy|Arcola|19420|PA|USA|topor_katerine@example.co.uk|2677223649,670-370-4488|20160522|Finance
3081|Errol I Carino|44 Baldwin Pl|Hartford|6105|CT|USA|carino_errol@example.com|475-143-5578|20151209|Finance
3101|Linwood A Hubner|830 Parasol Pl|Flint|48501|MI|USA|hubnerlinwood@example.org|870.759.6888|20110407|Finance
3119|Wm D Milow|512 Connie Ct|Olustee|32072|FL|USA|wmdmilow36@example.org|850-305-3052|20170602|Finance
3122|Layla D Raffield|728 Penwood Wy|Port Lions|99550|AK|USA|layla-raffield@example.gov|2534961980,218.642.3632|20171202|Finance
3124|Halina Brungardt|2219 Keepsake Wy|Deer Lodge|59722|MT|USA|brungardthalina@example.com|2024909976|20140614|Finance
3128|Ebonie S Docanto|298 Wayside Cyn Rd|Highland|48356|MI|USA|eboniedocanto@example.org|269.457.3773|20170401|Finance
3131|Marsha L Josie|168 Tierra Dr|Anniston|36207|AL|USA|marsha.josie@example.co.uk|205-583-4261|20111016|Finance
3132|Sam V Abadia|1523 Heritage View Ln|Elliott|51532|IA|USA|abadiasam@example.com|319.101.2298|20181230|Finance
3143|Julio O Brundridge|384 Thistle Ct|Eglon|26716|WV|USA|julioobrundridge@example.com|8709871447,304-038-1602|20150927|Finance
3148|Alane G Gresh|785 Mistletoe Ct|Blandford|1008|MA|USA|alaneggresh@example.org|6503524694|20141103|Finance
3167|Nestor Sergeant|699 Norland Rd|Grand Ridge|61325|IL|USA|nestorsergeant@example.co.uk|872-851-9243|20130906|Finance
3179|Hui U Meixell|1131 Av Tibbitts|Camino|95709|CA|USA|hui_meixell@example.gov|6699458437|20120703|Finance
3219|Pablo Y Kitko|1864 Carranza Ln|Newark|19715|DE|USA|kitkopablo@example.org|260.377.8125,302-815-2469|20111001|Finance
3222|Trenton E Mollberg|1829 Avd De Estrella|Alpaugh|93201|CA|USA|trenton-mollberg@example.com|657.097.6344,805.147.6206,530.018.0661|20190115|Finance
3233|Randee K Hanle|883 Newcastle Ct|Lost City|26810|WV|USA|hanle.randee@example.co.uk|304.756.1633,205.149.8961,681.107.0776|20140502|Finance
3239|Dorian J Serbantez|1639 Creek Dr|Denver|80249|CO|USA|serbantezdorian@example.org|515.891.4808|20190610|Finance
3243|Luanna T Choe|2 Via Galera|Fitchburg|1420|MA|USA|luanna_choe@example.org|434.839.7766|20111215|Finance
3252|Kasandra B Widger|357 Shirley Pl|Conroe|77302|TX|USA|widgerkasandra@example.org|956-924-2611|20100405|Finance
3259|Jessika P Rhoton|703 Summerglen Pl|Cloverdale|45827|OH|USA|jessikaprhoton@example.org|5317864249|20110502|Finance
3273|Shawanna D Bieth|602 Meadstone Rd|Vaughnsville|45893|OH|USA|bieth-shawanna@example.com|201.945.3753,307.326.3505,623-324-2957|20170519|Finance
3274|Jamie A Guidetti|533 Dewdrop Av|Chamberlain|57326|SD|USA|guidetti.jamie@example.gov|605.956.8487|20121202|Finance
3279|David D Kingrea|656 Barnacle Ln|Midland|48667|MI|USA|daviddkingrea@example.org|603.101.6557|20111225|Finance
3280|Mara Lichvar|369 Byrne Pl|Pembroke|42266|KY|USA|maralichvar@example.co.uk|364-985-5546|20130120|Finance
3281|Juan Z Wiitala|523 Pearson Ct|Eastham|2642|MA|USA|juanzwiitala@example.org|413-063-7476,308.686.6184|20180205|Finance
3284|Ermelinda Forren|793 Whippoorwill Pl|Rising Star|76471|TX|USA|ermelindaforren@example.com|+17130677027|20180320|Finance
3301|Sachiko P Kosack|776 Mt Stephen Av|Deary|83823|ID|USA|sachikopkosack@example.gov|0012087402091|20140715|Finance
3302|Renda W Darin|610 Cedarfort Dr|Wasilla|99654|AK|USA|renda.darin@example.gov|440-598-4511|20180220|Finance
3303|Jules C Schohl|851 Masterson Ct|Bakers Mills|12811|NY|USA|julescschohl@example.co.uk|001.845.789.6866|20100905|Finance
3310|Anibal E Sacia|170 Green Ter Dr|Alexis|61412|IL|USA|anibalesacia@example.org|872.073.8568|20121015|Finance
3315|Casandra Q Schwager|636 Centre Pointe Pkwy|Denver|80273|CO|USA|casandraqschwager@example.org|720.288.2783|20140812|Finance
3320|Billie Kapke|819 Winslow Pl|Westbrook|6498|CT|USA|billiekapke@example.com|959-873-8757|20100604|Finance
3329|Maisha K Fillers|616 Fremont Ct|Washoe Valley|89704|NV|USA|fillers.maisha34@example.org|702.354.4927|20160706|Finance
3341|Violet R Devore|494 Daniel Dr|Happy|41746|KY|USA|violetrdevore@example.com|4017276931,270.058.7894|20100810|Finance
3349|Keren K Mortorff|782 Avd Balita|Caryville|37714|TN|USA|mortorff_keren@example.org|520.367.8596|20121209|Finance
3361|Jina S Cicciarelli|681 Oak Highland Dr|Mount Lemmon|85619|AZ|USA|jina_cicciarelli@example.co.uk|9073787778|20100610|Finance
3363|Mercedes O Schrad|1249 D Errico Ln|Buhl|83316|ID|USA|mercedes_schrad@example.org|984-553-9171|20120824|Finance
3372|Marceline Q Saturnino|1467 Fig Ct|Milam|26838|WV|USA|marcelinesaturnino@example.gov|207-883-4254|20161022|Finance
3375|Susann C Almario|437 Melissa Ln|Fountaintown|46130|IN|USA|susannalmario@example.gov|9184073383|20140617|Finance
3414|Kimi C Guapo|1885 Hearthside Ct|Gap|17527|PA|USA|kimicguapo@example.org|7722203241|20140602|Finance
3438|Voncile I Lorrain|1174 Tambora Dr|Primghar|51245|IA|USA|voncileilorrain31@example.co.uk|0019044630046|20181126|Finance
3443|Dina Thole|1151 Crimson Ct|Adams|68301|NE|USA|dina-thole@example.com|9388260073|20141108|Finance
3445|Charlette Pascale|212 Pinksand Rd|Birmingham|35207|AL|USA|charlettepascale@example.com|6701915995|20160309|Finance
3449|Theresia N Stressman|2204 Zimmerman Pl|Colchester|5446|VT|USA|theresia_stressman@example.co.uk|2075481152|20100613|Finance
3457|Les A Sheffer|193 Meadbury Dr|Houston|77085|TX|USA|lesasheffer@example.gov|815-993-9245|20101117|Finance
3461|Jung Z Balandran|93 Olive Mill Ct|Siluria|35144|AL|USA|jungzbalandran@example.co.uk|251.138.2565,334.300.0178,334-860-4435|20161126|Finance
3470|Joaquin B Hostetter|1162 Mandarin Ln|Kell|62853|IL|USA|hostetter.joaquin@example.com|385-347-0150,208-178-5737|20131001|Finance
3480|Keith U Corte|405 Damar Ct|Grayslake|60030|IL|USA|cortekeith@example.gov|219.900.5667,202.293.5342|20150826|Finance
3495|Mellisa O Pastrano|1379 Penstock Dr|Garden Plain|67050|KS|USA|mellisaopastrano@example.org|8591955094|20160105|Finance
3499|Han R Melching|247 Jena Dr|West Monroe|71291|LA|USA|melchinghan@example.gov|843-715-6414|20100727|Finance
3513|Errol V Nood|926 Bronte Ln|Wichita|67220|KS|USA|nood_errol@example.gov|7256466106|20190731|Finance
3514|Jc C Gernon|636 Woodbury Pl|Rantoul|66079|KS|USA|gernon-jc@example.com|417.244.1900|20121130|Finance
3526|Clotilde I Schminkey|514 Trillium Ln|Fancy Gap|24328|VA|USA|clotilde_schminkey@example.org|480.086.6237,7572150841|20180617|Finance
3528|Iva L Selbitschka|853 Shawnee Ct|Carlinville|62626|IL|USA|iva-selbitschka@example.org|312-719-9411|20190225|Finance
3530|Alena M Koczur|24 Crystal Heights Ct|Phoenix|85043|AZ|USA|koczur_alena@example.com|928.821.5272|20100130|Finance
3536|Kimbra R Lucchesi|203 Hollyhock Ct|Troxelville|17882|PA|USA|kimbrarlucchesi@example.org|331-639-2547|20151208|Finance
3540|Cathie A Quemada|393 Posada Dr|Medina|58467|ND|USA|quemada.cathie30@example.com|5047019082|20190202|Finance
3556|Lissa H Mustafa|648 Black Pine Wy|Stockton|84071|UT|USA|mustafa-lissa@example.gov|385-730-5635|20171031|Finance
3557|Breanna M Schleben|755 Anderson Ln|East Windsor|6088|CT|USA|breanna-schleben@example.gov|203.186.6206|20120723|Finance
3566|Robert Weatherman|2065 Firenze Ct|South Gardiner|4359|ME|USA|robert_weatherman16@example.org|815.345.9220|20160520|Finance
3567|Dominick I Sindledecker|2166 Cowboy Ct|Centerview|64019|MO|USA|dominick-sindledecker@example.com|515.337.0004|20120322|Finance
3579|Melony H Pancrazio|775 Via Onda|Albuquerque|87108|NM|USA|pancraziomelony56@example.org|854-058-1277|20170614|Finance
3580|Annice T Hegazy|1047 Madison Wy|Bloomsburg|17815|PA|USA|annicethegazy@example.com|7178970903,334.838.3395|20120417|Finance
3583|Sol S Shankle|1668 Hampton Pl|Buffalo|14223|NY|USA|sol.shankle@example.com|8029118670|20131229|Finance
3586|Deidra E Rumel|113 Pena Rd|Schuyler Falls|12985|NY|USA|deidrarumel@example.com|929.509.0179,534-482-9807,6175997796|20140120|Finance
3601|Bella Y Huset|42 Heron Ln|Baltimore|21251|MD|USA|bella-huset30@example.org|401.395.6454,410-384-9553|20130720|Finance
3604|Merrill M Yacko|2577 Sival Ct|Raven|41861|KY|USA|merrill.yacko@example.com|3646040727|20160322|Finance
3624|Joy R Krolik|346 Smoke Tree Ln|Youngstown|44507|OH|USA|joy.krolik@example.org|9372320725|20100410|Finance
3627|Mozella Scarth|568 White Rock Ct|Independence|44131|OH|USA|mozella-scarth@example.gov|5139479355|20110427|Finance
3701|Carman U Eddleman|391 Silverado|Rosendale|64483|MO|USA|carmanueddleman@example.gov|+1-712-593-4481|20160222|Finance
3704|Enid A Scheck|494 Via Cresta|Martinsville|46151|IN|USA|enid.scheck@example.com|802-082-4637|20110630|Finance
3709|Jerry P Passage|358 Whites Cyn Rd|Manor|31550|GA|USA|jerryppassage@example.com|219-562-8541|20170622|Finance
3718|Nikole Greenbank|1590 Seco Cyn Rd|Westford|1886|MA|USA|nikolegreenbank@example.com|6718163669|20131016|Finance
3733|Pattie S Lisewski|1516 Darter Dr|Jamaica|5343|VT|USA|pattieslisewski@example.co.uk|802.378.1779|20100629|Finance
3734|Mariam Docanto|551 Angela Yvonne Av|Lenoxville|18441|PA|USA|mariam.docanto@example.co.uk|4845159430,4122206108,610.530.1807|20151109|Finance
3756|Ethel W Glunz|482 Squib St|Northport|35475|AL|USA|ethelglunz@example.co.uk|334-692-1348|20151031|Finance
3760|Esmeralda Michols|1207 Kimbrough St|Louisa|41230|KY|USA|esmeraldamichols@example.gov|3640720022|20170610|Finance
3771|Laurene R Ofstad|71 Vega Walk|Chamberlain|4541|ME|USA|laureneofstad@example.com|504-323-3886|20100118|Finance
3778|Garry V Wichers|353 Carvel Dr|Aberdeen|83210|ID|USA|wichers_garry@example.org|3078693864|20170131|Finance
3787|Grayce A Stenson|237 Electra Ct|Freedom|83120|WY|USA|grayceastenson@example.co.uk|814.188.4943,307-608-4699,301-384-7763|20150922|Finance
3790|Arlena K Tator|736 Black Pine Wy|San Antonio|78228|TX|USA|arlenaktator62@example.gov|830.891.1094|20101217|Finance
3795|Elena U Rapley|720 Montura Dr|Lutz|33548|FL|USA|elenaurapley@example.co.uk|001-854-203-3324|20140510|Finance
3801|Leighann R Nalk|907 Anchor Ln|Arjay|40902|KY|USA|leighannrnalk@example.com|8591266592|20100306|Finance
3805|Dorcas W Gerndt|2612 D Errico Ln|Breckenridge|80424|CO|USA|dorcas.gerndt@example.com|231-585-0719|20161228|Finance
3814|Vi X Noch|834 Western Cedar Ct|Sunflower|36581|AL|USA|vixnoch@example.co.uk|747-076-7310|20180618|Finance
3828|Andre M Pastre|210 Falconrim Dr|Euless|76039|TX|USA|pastre_andre31@example.gov|2021443703|20150430|Finance
3841|Hallie U Aronovitz|321 Timberline St|Overbrook|73453|OK|USA|hallie.aronovitz@example.org|5392607263|20160921|Finance
3863|Kelsie I Cacic|632 Ness Dr|Miltona|56354|MN|USA|cacic.kelsie@example.co.uk|843.460.9127|20110329|Finance
3872|Hyon Korhonen|837 Canyon Oak Pl|Shelton|68876|NE|USA|korhonenhyon@example.org|531.177.2953,919-488-5796,3085848080|20140901|Finance
3881|Elmira M Cluxton|279 Piazza Di Sarro|Blanco|87412|NM|USA|elmiracluxton@example.gov|575-743-1585|20100410|Finance
3882|Era A Nuce|11 Foxglove Ct|Lexington|40522|KY|USA|eraanuce@example.gov|234.350.1382|20130912|Finance
3895|Juliann Sparrer|1026 Cayman Pl|Paterson|7514|NJ|USA|juliannsparrer@example.com|201-419-4965|20170804|Finance
3915|Adalberto J Bazzini|2099 Brighton Dr|Winterville|30683|GA|USA|adalberto-bazzini@example.co.uk|4015644030|20200125|Finance
3919|Elvira G Beath|787 Willow Tree Ct|Dryden|24243|VA|USA|elviragbeath56@example.org|804-503-0056|20171016|Finance
3924|Becky Saya|503 Old Rock Rd|Pisgah|35765|AL|USA|becky.saya@example.gov|938.351.4312|20161203|Finance
3925|Telma J Mescher|172 Arrowhead Ct|Minneapolis|55414|MN|USA|mescher-telma@example.co.uk|+16206953221|20151110|Finance
3926|Neva O Kanoff|256 Morning Star Wy|Nashville|37249|TN|USA|kanoff.neva@example.gov|602.199.1457|20110329|Finance
3944|Zenaida B Kohanski|443 Canyon View Dr|Atkinson|3811|NH|USA|zenaidabkohanski@example.com|603.959.2071|20130511|Finance
3948|Rhona Swatek|1148 Ponderosa St|Kirtland AFB|87117|NM|USA|rhona-swatek@example.com|505.096.2163,413.748.9741|20130822|Finance
3953|Brian Ohnemus|492 Travers Ct|Pesotum|61863|IL|USA|ohnemus.brian@example.gov|312-280-2715,435.139.8397|20180803|Finance
3954|Tomeka Q Sigal|195 Sycamore Meadow Dr|Dardanelle|95314|CA|USA|tomekaqsigal@example.org|412.822.5932|20110719|Finance
3958|Loreta H Kowell|1623 Wingate Ct|Gallatin|75764|TX|USA|kowell-loreta@example.com|938-422-4417|20180928|Finance
3975|Nathalie K Desouza|849 16th St|Southfield|48037|MI|USA|nathalie_desouza@example.org|3133978376,3409675720|20190331|Finance
3981|Kelley B Galis|754 Toscana Dr|Riverside|92504|CA|USA|galis_kelley@example.gov|602.841.8885|20121201|Finance
3991|Buster K Gorsage|579 Cross St|Saint Paul|66771|KS|USA|gorsage_buster@example.com|316-764-5860|20170619|Finance
4002|Emiko Houtsma|368 Holly Dr|Celoron|14720|NY|USA|houtsma_emiko@example.com|718.833.3915,917.425.7705|20160829|Finance
4004|Jarred S Castoria|38 Red Pine Ct|Millers Tavern|23115|VA|USA|castoria.jarred@example.co.uk|434.294.3047,7030272926|20141217|Finance
4006|Doloris A Lubman|379 Anthony Ln|Paw Creek|28130|NC|USA|dolorisalubman@example.com|8289415419|20130210|Finance
4013|Charline S Leroux|9 Esquerra Rd|Barry|62312|IL|USA|charline_leroux@example.gov|872.035.0243|20150718|Finance
4021|Torie L Byars|85 Rockport Wy|El Paso|88570|TX|USA|torie.byars@example.co.uk|618.071.1508,847-005-6696|20150822|Finance
4023|Foster N Klundt|1902 Calwood St|Germantown|20875|MD|USA|fosterklundt@example.com|+1-719-676-3993|20150519|Finance
4030|Berry Waterous|530 Stevie Ct|Ogden|84412|UT|USA|berrywaterous24@example.gov|5638958859|20120530|Finance
4037|Julio Q Fraker|326 Glenridge Dr|Zebulon|30295|GA|USA|fraker.julio@example.com|319.157.2847,229.061.8046,9392320088|20190107|Finance
4038|Haywood X Nissen|196 Penwood Wy|Bloomingdale|31302|GA|USA|nissen_haywood@example.org|346-952-2017|20180513|Finance
4052|Marinda B Sloman|14 Turmeric Ct|Pocahontas|24635|VA|USA|marindabsloman@example.gov|5407146691,5407054661|20130119|Finance
4058|Shavonne Z Piechowski|222 Kent Ln|Grelton|43523|OH|USA|shavonnepiechowski@example.co.uk|270-850-4028|20140821|Finance
4069|Iraida Z Gladding|503 Heywood Dr|Tununak|99681|AK|USA|iraidagladding@example.org|2089441681|20140922|Finance
4072|Dulcie K Mctighe|2112 Claudette St|Parkdale|71661|AR|USA|dulcie.mctighe@example.org|3401072364|20130927|Finance
4074|Jena A Witters|349 Waycott Wy|Etna|43018|OH|USA|jena.witters@example.com|3800291237|20180415|Finance
4084|Dona Jaffery|1104 Christopher Ln|Egeland|58331|ND|USA|jaffery-dona@example.org|701-183-2702|20100604|Finance
4085|Marilee C Kaeppel|1294 Railroad Av|Columbus|43222|OH|USA|kaeppel_marilee@example.com|567-735-6046|20130611|Finance
4089|Blanche T Schatzke|823 Via Aranda|Meriden|6451|CT|USA|blanche_schatzke@example.org|475-303-4994,203.638.4292,203.118.9503|20150922|Finance
4115|Sandy Schlissel|1066 Paseo Del Caliente|Phillips|54555|WI|USA|sandyschlissel@example.org|571-751-4458|20131215|Finance
4117|Candi Z Victorson|49 Huerta Dr|Portland|45770|OH|USA|victorson.candi@example.com|772-437-4471|20171122|Finance
4130|Gilberte H Dupuis|248 Wellston Dr|Glen Burnie|21062|MD|USA|gilbertehdupuis@example.co.uk|240-648-1497,667.122.8110|20160913|Finance
4137|Ladawn Coveny|1161 Hemingway Wy|Beloit|44609|OH|USA|ladawncoveny@example.com|314.890.9153|20190607|Finance
4138|Janine Bougard|161 Red Oak Ct|Colorado Springs|80940|CO|USA|bougard-janine@example.org|719-837-4937|20120416|Finance
4142|Arcelia D Vreugdenhil|92 Marshall Wy|Cambridge City|47327|IN|USA|arcelia_vreugdenhil52@example.gov|6165639801|20180125|Finance
4143|Talisha Z Kriston|791 Vista Hills Dr|Hancock|21750|MD|USA|talishazkriston@example.co.uk|9540203623|20191114|Finance
4191|Jarod S Underwood|207 Johnson Rd|Rotan|79546|TX|USA|jarodsunderwood@example.gov|7137047934,2022553041,936-768-6291|20120307|Finance
4197|Loren Demeny|7 Ryan Ln|Reidsville|30499|GA|USA|lorendemeny@example.gov|0016780587143,706.360.3433,770-757-8732|20180307|Finance
4207|Aubrey G Stetz|885 Pinehurst Dr|Alpha|42603|KY|USA|aubrey_stetz@example.com|270.265.1744|20110913|Finance
4216|Maybell D Mckeiver|1723 Wellington Ct|Tryon|28782|NC|USA|maybell.mckeiver@example.com|919.739.7164|20120819|Finance
4229|Bryant Widdison|69 Horseshoe Cr|Florence|29502|SC|USA|bryantwiddison@example.co.uk|7083221734,864.771.7068,308.923.2387|20161220|Finance
4230|Theresia N Geiser|2057 Serra Ln|Falconer|14733|NY|USA|geiser_theresia@example.co.uk|304.284.0378,4327172789,3392924849|20140717|Finance
4239|Lawanda Ellerbee|262 Pinnacle Ct|Weeping Water|68463|NE|USA|lawandaellerbee@example.com|9784987294|20100713|Finance
4247|Valerie Dybus|1364 Riverchase Dr|Akron|44314|OH|USA|valeriedybus@example.com|951.403.0429|20120228|Finance
4248|Shantell Mollis|544 Ferguson Dr|Bowling Green|42104|KY|USA|mollis.shantell@example.com|7744821843|20140518|Finance
4250|Else L Purificato|124 Bella Vista Dr|Whiteville|28472|NC|USA|elselpurificato@example.org|702-699-3992,925-530-3091|20100617|Finance
4253|Brad C And|1527 Laurel Pl|Topeka|66617|KS|USA|brad_and@example.co.uk|713.412.9304,3168214102,913-631-6331|20150216|Finance
4256|Ardath Cochenour|1641 Pebble Ridge Pl|New Orleans|70142|LA|USA|cochenourardath@example.org|5042247647|20120715|Finance
4260|Jann H Senseney|1248 Grand Cyn Rd|Eugene|97403|OR|USA|jann_senseney@example.gov|6702676483|20111219|Finance
4261|Karina V Janelli|924 Maple Ridge Cr|Manchester|3105|NH|USA|karinavjanelli@example.co.uk|603.205.7881|20111031|Finance
4271|Jonnie Burlison|882 Magnolia Wy|Ogallah|67656|KS|USA|burlison-jonnie@example.org|785.140.9598|20110709|Finance
4279|Leo G Simecek|321 Lucille Ct|Stratham|3885|NH|USA|leo-simecek@example.co.uk|202-598-5675|20160303|Finance
4299|Fletcher Misra|2009 Ford Ct|Brownstown|47220|IN|USA|fletchermisra@example.gov|818.744.8642|20160723|Finance
4301|Santana G Douds|626 Austin Ct|Providence|27315|NC|USA|santanagdouds@example.co.uk|252.861.3663,6058406797,215.133.8667|20130630|Finance
4302|Teresa V Appleton|339 Mariel Wy|Mercer|64661|MO|USA|teresa.appleton28@example.co.uk|314-653-1598|20150206|Finance
4306|September W Mittler|1478 Meadowmont St|Oldenburg|47036|IN|USA|mittler-september@example.co.uk|317-343-6687,3177283916,+1.401.019.4975|20140518|Finance
4315|Lekisha Rothbauer|1191 Hilton Ct|Daniel|83115|WY|USA|lekisharothbauer@example.gov|8549800165|20140502|Finance
4319|Karin Bellon|552 Lanesboro Pl|Metairie|70002|LA|USA|bellon.karin@example.org|479.454.9993|20150627|Finance
4325|Sean Lanzano|2162 Briars Pl|Ballston Spa|12020|NY|USA|sean_lanzano@example.co.uk|5161111290|20151101|Finance
4326|Shanel H Gigli|776 Blossom Ct|Summersville|42782|KY|USA|shanel.gigli42@example.org|360.341.9811|20110512|Finance
4327|Essie H Mabson|1722 Mesa Verde Dr|Lennox|57039|SD|USA|essie-mabson@example.com|605-107-9279,4437826992|20190428|Finance
4343|Alease V Curbelo|446 Mirabile Ct|Aulander|27805|NC|USA|curbelo-alease@example.gov|901-353-6561|20180527|Finance
4358|Marie Suba|1579 Mill Valley Rd|Raritan|61471|IL|USA|suba_marie@example.gov|3127306279|20161025|Finance
4362|Ophelia Z Bernoski|3 Concorse Dr|Franconia|3580|NH|USA|ophelia.bernoski@example.co.uk|603-423-0332|20180309|Finance
4373|Korey B Degroote|492 Stevenson Ranch Pkwy|Raleigh|27658|NC|USA|koreybdegroote@example.co.uk|5631542569|20180626|Finance
4375|Chan B Langager|2754 Sumner Av|Andover|57422|SD|USA|chanblangager@example.gov|7250455347,6058338951,605.869.3959|20151215|Finance
4380|Nickole V Jarnigan|48 Ennismore Av|Burket|46508|IN|USA|nickolevjarnigan@example.gov|3408304353|20150414|Finance
4391|Jamal G Phenis|1025 Rodeffer Pl|Fairview|64842|MO|USA|jamal_phenis@example.gov|660.781.1469,854-591-4541|20180710|Finance
4397|Teri M Geans|755 Templin Hwy|Fairview|57027|SD|USA|terimgeans@example.co.uk|907-265-2265,605.630.9651,303.236.9369|20131129|Finance
4407|Samella P Chrislip|24 Weyerhauser Wy|Lincolnwood|60712|IL|USA|samellapchrislip@example.co.uk|872.440.3561|20181120|Finance
4411|Kirstin F Guiette|587 Rolla Rd|Sacramento|94273|CA|USA|guiette_kirstin@example.org|681-774-3071|20170803|Finance
4415|Andree R Kreilein|1010 Windsor Rd|Boca Raton|33488|FL|USA|andree_kreilein@example.com|719.367.2597,256-908-8360,+14071581750|20170307|Finance
4446|Shantelle T Longsine|145 Baneberry Pl|Sewickley|15189|PA|USA|longsineshantelle@example.org|774.532.9090|20171225|Finance
4454|Terina Q Brunnett|533 Lanesboro Pl|Shasta Lake|96019|CA|USA|brunnett_terina@example.com|657.632.3636|20121217|Finance
4458|Verena U Villacis|1023 Via Hispano|Corrales|87048|NM|USA|verenavillacis@example.co.uk|5058033791,575-021-3069|20150424|Finance
4465|Nenita I Kobi|1483 Festividad Dr|Homestead|15120|PA|USA|kobi_nenita@example.co.uk|313-266-8582,580-385-3928|20100215|Finance
4466|Almeda Shekar|461 Willow Oak Ct|Mobile|36612|AL|USA|almedashekar@example.org|938-400-1008|20120722|Finance
4475|Loren R Trewyn|743 Wolcott Wy|Newton|75966|TX|USA|lorenrtrewyn@example.com|314.186.2170|20130413|Finance
4476|Allan Opperman|769 Township St|Plummers Landing|41081|KY|USA|allanopperman44@example.co.uk|814-807-2167,5027623345,406.003.8252|20101025|Finance
4482|Louella J Niemietz|1795 Agajanian Dr|Rice|75155|TX|USA|louellajniemietz@example.co.uk|9784545421,281-931-7303|20140828|Finance
4529|Marco Mcdonalds|671 Piute Ct|Gleneden Beach|97388|OR|USA|mcdonalds_marco@example.com|458-574-1512,302.853.3971,302.635.6030|20191114|Finance
4542|Lynette J Lightfritz|1144 Blaine Ct|Concord|28026|NC|USA|lightfritz.lynette@example.org|208-918-9290,7015137791|20160627|Finance
4546|Rosita Kodis|1663 Cabrillo St|Mason|48854|MI|USA|kodisrosita@example.co.uk|947-282-0859|20170109|Finance
4548|Cecily U Gatchalian|2184 Sarape Ct|Philadelphia|19170|PA|USA|gatchaliancecily@example.org|670.984.9837|20110616|Finance
4552|Beata R Greenburg|1442 Franks Wy|Verplanck|10596|NY|USA|greenburgbeata@example.org|212.082.5272,406.472.0499,9144582392|20110112|Finance
4556|Sulema U Duenwald|1189 Dorado Dr|Apulia Station|13020|NY|USA|duenwald_sulema@example.gov|401.243.0315|20120124|Finance
4565|Allan W Neuerburg|850 Chestnut St|Boyd|59013|MT|USA|neuerburg.allan@example.com|615-365-5841|20151115|Finance
4572|Marica B Skoczek|981 Pantina|Julian|27283|NC|USA|skoczek_marica@example.co.uk|980-138-3239|20150320|Finance
4584|Mitzie H Venturino|402 Quigley Rd|Austin|78716|TX|USA|mitziehventurino@example.co.uk|8061059706,671.613.0631,660-480-6057|20191210|Finance
4614|Gloria L Victa|953 Via Delos|Muldoon|78949|TX|USA|gloria_victa@example.gov|7029510738|20110217|Finance
4616|Maile Stuever|1689 Via Juana|Lowell|5847|VT|USA|mailestuever@example.co.uk|802-514-7516|20150523|Finance
4624|Clare I Galzerano|758 Sand Cyn Rd|Somers|50586|IA|USA|clareigalzerano@example.org|706.492.8744|20140110|Finance
4635|Deandra K Grabenhorst|1341 Nasturtium Dr|Kirtland|87417|NM|USA|grabenhorstdeandra@example.org|734.801.5542|20171219|Finance
4650|Billie J Assenza|2198 Diver St|Denver|80252|CO|USA|billiejassenza@example.co.uk|5018417469,970-398-7063|20150623|Finance
4657|Joetta G Dezwarte|665 Agajanian Dr|San Marcos|78667|TX|USA|joettadezwarte@example.co.uk|7376456864|20120612|Finance
4665|Lorette B Kentner|398 Warbler Ct|Jersey City|7307|NJ|USA|lorette.kentner@example.org|312.463.4557|20100405|Finance
4671|Daniele H Grosjean|1657 Mariposa St|Esperance|12066|NY|USA|grosjean_daniele@example.org|6671328217|20180613|Finance
4675|Francine A Lies|426 Ironwood Dr|Broomfield|80038|CO|USA|lies_francine@example.gov|303.179.8373|20151025|Finance
4689|Jennette Asdourian|762 Fairweather St|Bucyrus|66013|KS|USA|asdourianjennette@example.co.uk|603.663.2569|20170801|Finance
4694|Kirby Bauermeister|645 Quail Oaks Dr|Pittsburgh|15241|PA|USA|kirbybauermeister@example.org|2676544227,+14014536670|20171209|Finance
4700|Moon B Ricket|269 Westford Pl|Alpena|72611|AR|USA|moon-ricket@example.co.uk|501.042.1885,781-343-2813|20190829|Finance
4724|Vicky Z Jacson|415 Rock Creek Dr|Milwaukee|53206|WI|USA|jacsonvicky@example.org|414.466.6106|20100130|Finance
4730|Ines Y Mozo|1124 Plaza De Oro|Santa Barbara|93110|CA|USA|inesymozo@example.org|+1.541.181.7367,+12136794796|20160226|Finance
4734|Nettie W Ziebert|291 Heirloom Pl|Mc Lean|13102|NY|USA|ziebert_nettie@example.co.uk|212.533.3021|20110315|Finance
4739|Lea S Ruenger|195 Dogwood Ct|Masonville|13804|NY|USA|leasruenger@example.org|4800695971,347-138-8282|20130605|Finance
4751|Lesli I Stangarone|1307 Basel St|Toluca Lake|91610|CA|USA|lesliistangarone@example.com|760-597-1618|20160325|Finance
4753|Melodie Q Urbanec|802 Adamsboro Dr|North Powder|97867|OR|USA|urbanecmelodie@example.gov|5413762933|20190110|Finance
4757|Charles I Bohlken|725 Riverchase Dr|San Antonio|78238|TX|USA|bohlkencharles@example.com|682-803-7658,325.709.2760|20100829|Finance
4758|Della Abdelaal|1465 Sena Ct|Snow Shoe|16874|PA|USA|dellaabdelaal@example.org|2521771083|20141214|Finance
4766|Rodrick Knauber|1232 Ficus Dr|Stennis Space Center|39529|MS|USA|rodrick_knauber@example.co.uk||20100314|Finance
4772|Hailey I Mcnellis|453 Papazian Ct|Williamsport|38487|TN|USA|haileyimcnellis@example.com|406-268-4555|20161006|Finance
4785|Chantelle G Murcia|994 Ermine Pl|Island|42350|KY|USA|murciachantelle@example.co.uk|859-397-5126|20100819|Finance
4795|Ellan D Senterfitt|145 Channel Rd|Belvidere|7823|NJ|USA|senterfittellan@example.gov|862.634.7418|20171112|Finance
4797|Fernande O Bogue|165 Vista Encantada Dr|Kensal|58455|ND|USA|bogue-fernande@example.com|208-253-5382|20181019|Finance
4822|Sierra Reinschmidt|741 Hope Wy|Skwentna|99667|AK|USA|reinschmidt_sierra@example.com|907.905.0594|20140209|Finance
4826|Georgene Mcneish|547 Eagle Ln|Belton|29627|SC|USA|georgenemcneish@example.co.uk|+1.406.870.4704|20151204|Finance
4856|Laverne D Bernon|299 Valley Vista Ct|Flat Rock|48134|MI|USA|laverne.bernon@example.co.uk|340-017-1032|20170624|Finance
4859|Paola P Ahmetovic|583 Rock Cyn Dr|Cloverport|40111|KY|USA|ahmetovic-paola@example.com|316.599.8497|20151215|Finance
4870|Danial Pannucci|589 Gaucho Ct|Seaforth|56287|MN|USA|danial_pannucci@example.com|507-268-1980,952.056.0369|20140611|Finance
4872|Danial Pannucci|589 Gaucho Ct|Seaforth|56287|MN|USA|danialpannucci@example.com|3070746753|20170105|Finance
4877|Peter Ludden|56 Breakers Cove|Sunbury|27979|NC|USA|peter.ludden@example.org|2073843447|20160318|Finance
4881|Alona Y Ellenbecker|1361 Crown Heights Ct|Dallas|75326|TX|USA|ellenbecker.alona@example.gov|970.590.6374|20190121|Finance
4890|Eunice S Salzmann|465 Roy Dr|Nevada|50201|IA|USA|eunicessalzmann@example.org|207-857-6659|20190111|Finance
4899|Annabell Roetker|510 Timberlane Ct|Amarillo|79165|TX|USA|annabellroetker@example.gov|806-774-1465,318-325-6159|20180206|Finance
4911|Leone G Mcnack|627 San Martinez Rd|McLean|79057|TX|USA|mcnack-leone@example.org|325-537-5757,302.216.0367|20131007|Finance
4918|Lilia J Fellwock|160 Baxard Pl|Meally|41234|KY|USA|liliajfellwock@example.co.uk|364.105.1130,4060152029,7751537925|20150416|Finance
4919|Lilia J Fellwock|160 Baxard Pl|Meally|41234|KY|USA|fellwock_lilia@example.co.uk|313.482.5986|20190620|Finance
4924|Kali Brienen|93 Wilderness Pl|Dellwood|53927|WI|USA|kalibrienen@example.com|340.379.6845|20190908|Finance
4943|Casey U Shavers|1380 Tamara Pl|Gordon|69343|NE|USA|caseyushavers@example.org|402.549.0966|20181207|Finance
4946|Delmar Liuzzo|705 Aparri Av|Koosharem|84744|UT|USA|delmarliuzzo@example.com|3853772861|20151026|Finance
4961|Dionne K Schaul|210 Cromwell Av|Natalbany|70451|LA|USA|dionneschaul80@example.org|773-214-2411|20190125|Finance
4970|Hui U Meixell|1131 Av Tibbitts|Camino|95709|CA|USA|hui_meixell@example.gov|858.790.2215|20151013|Finance
5035|Winnie Casano|671 Oriole Ct|Lontetree|82936|WY|USA|casanowinnie@example.org|307-927-9106|20200113|Finance
5039|Eliseo N Leisgang|1340 Royal Pine Ln|Minto|99758|AK|USA|eliseo_leisgang@example.com|907.363.8984|20200129|Finance
5065|Peg Hogan|610 Trinity Pl|Hustisford|53034|WI|USA|peg.hogan@example.org|704.579.7051|20170409|Finance
