4|Ling N Pinder|906 Golden Triangle Rd|Brookline|3033|NH|USA|pinderling@example.co.uk|603-374-1795|20100912|HR
17|Zelda W Dues|18 Loop Av|Urbana|65767|MO|USA|dues_zelda85@example.co.uk|417-446-0693|20131122|HR
29|Tatiana R Hulmes|2005 Macklin Av|Ray|58849|ND|USA|tatianarhulmes@example.gov|262.258.3885|20110510|HR
35|Reynalda Q Shepherdson|663 Poppy Meadow St|North Bend|17760|PA|USA|shepherdsonreynalda@example.gov|570-912-9547|20150923|HR
37|Janice Trueb|40 Golden Rain Ln|Cleveland|44108|OH|USA|janicetrueb@example.co.uk|5131249462|20160305|HR
50|Nelda G Yanity|1257 Benito Ct|Bearsville|12409|NY|USA|neldagyanity@example.org|934-196-2842|20120715|HR
60|Shaun E Nehus|34 Violetlane Wy|Goleta|93116|CA|USA|shaunenehus@example.com|757.629.6354,909-779-8840|20140717|HR
69|Vella J Cichosz|1331 Rosamond Dr|Pullman|49450|MI|USA|vellajcichosz@example.com|231-745-9431|20170316|HR
70|Geraldo F Hasenfuss|732 Springvale Ln|Lake Huntington|12752|NY|USA|geraldohasenfuss@example.gov|585.184.3833|20160220|HR
71|Guillermo D Presgrove|1493 Biago Ct|Kansas City|66117|KS|USA|guillermodpresgrove@example.gov|620-058-2867,970.058.8374,907-664-1365|20130106|HR
78|Manuel Palte|773 Skyridge Dr|Westville|29175|SC|USA|palte-manuel@example.gov|+18435109799|20110717|HR
90|Torrie J Geltz|1093 Hopkins Pl|North Middletown|40357|KY|USA|torriejgeltz@example.org|671-162-5171|20110822|HR
108|Magen Ramondetta|455 Cypress Pl|Warrenton|20186|VA|USA|ramondetta-magen@example.gov|703-913-1740|20180326|HR
110|Venice Coloma|292 Whitefield Pl|Fly Creek|13337|NY|USA|venicecoloma@example.org|516.722.1227|20140517|HR
123|Maryanne A Alto|795 Hope Cyn Rd|New Auburn|55366|MN|USA|alto-maryanne@example.co.uk|320.954.4675|20150724|HR
125|Aurelio Starlin|1100 Via Heraldo|Granite Falls|28630|NC|USA|starlin.aurelio@example.com||20160120|HR
130|Lavette R Ferrie|191 Scott Ln|Farmer City|61842|IL|USA|ferrie_lavette@example.org|402-843-9395,331.840.5634|20100811|HR
158|Deadra Burdin|128 Gate Rd|Mountainville|10953|NY|USA|deadraburdin@example.co.uk|315-769-1298|20170712|HR
161|Brain A Niebuhr|1807 Pepper Pl|Brooklyn|11209|NY|USA|niebuhr.brain@example.gov|702.530.1091|20150822|HR
169|Delila Y Ayles|1470 Wesley Wy|Nacogdoches|75962|TX|USA|delilaayles@example.gov|617.395.5385|20130912|HR
189|Alma H Gubin|1594 Lucille Ct|Montgomery|36101|AL|USA|gubin.alma@example.org|443.434.1463|20191008|HR
191|Ursula E Shiffman|256 Platt Ct|Wichita|67223|KS|USA|ursula-shiffman@example.com|671-286-4908|20120825|HR
196|Tonette P Chaban|1586 Via Chantilly|Whittier|90609|CA|USA|tonettepchaban@example.com|385.729.0503,4154705022|20120918|HR
200|Jayne X Riti|986 Ridge Rte Rd|Glady|26268|WV|USA|jaynexriti@example.org|731-982-4561,681.348.6695,432.578.6958|20190626|HR
205|Jamika U Spies|567 Dandelion Ln|Cincinnati|45224|OH|USA|jamika_spies@example.com|380.141.0528,219-783-8856,434-969-1035|20120723|HR
217|Martin Barberio|4 Canyon Pk Blvd|East Stone Gap|24246|VA|USA|barberio.martin@example.gov|276.866.5756|20150311|HR
222|Johanna T Coplan|2245 Label Av|Lexington|40512|KY|USA|coplanjohanna@example.org|8082104866|20160724|HR
228|Bambi X Kananen|317 Devell Rd|Pinon|86510|AZ|USA|bambixkananen@example.co.uk|2086138592|20150627|HR
234|Houston Raso|869 Cinnabar Ln|Bergen|14416|NY|USA|raso-houston@example.co.uk|6843487464,518-502-8501|20191230|HR
245|Brian U Wotherspoon|924 Calla Wy|El Paso|88558|TX|USA|wotherspoon-brian@example.org|5340042495|20140104|HR
247|Kathlyn Z Schliebe|336 Loop Av|Caledonia|14423|NY|USA|kathlynzschliebe@example.co.uk|501.938.9695,340-742-2784|20181202|HR
248|Adina B Alven|2068 Oakbrook Ct|Redwood|13679|NY|USA|adinabalven@example.org|6076371627|20120712|HR
249|Dagmar U Potucek|542 Bension Dr|Mesa|81643|CO|USA|dagmar.potucek@example.com|9070758089|20110330|HR
255|Vesta Frykman|494 Saddleridge Wy|Jonesville|49250|MI|USA|vestafrykman@example.gov|001.671.781.2930|20130130|HR
264|Carrie C Rolandelli|1213 Honeysuckle Hill Dr|Etters|17319|PA|USA|carriecrolandelli55@example.com|4844313868|20101229|HR
278|Santos N Piechnik|959 Bella Santa Dr|Laketown|84038|UT|USA|piechniksantos@example.gov|5132289451|20140423|HR
279|Odelia X Skillman|546 Quilla Rd|Doniphan|68832|NE|USA|skillmanodelia@example.co.uk||20140619|HR
286|Courtney Deatley|1239 Garland Dr|Brattleboro|5304|VT|USA|deatley_courtney@example.gov|802-082-1923,802.944.7165|20130222|HR
290|Dale S Lyng|1342 Sea Grit Av|Lubbock|79403|TX|USA|lyng_dale@example.com|4025767702|20130528|HR
297|Isela A Moneta|769 Calvello Dr|Franconia|3580|NH|USA|moneta.isela@example.co.uk|6030187871|20151019|HR
315|Dulce T Skemp|279 Grovepark Dr|Grosse Pointe|48236|MI|USA|dulcetskemp@example.co.uk|269.797.5021|20100522|HR
322|Natalia Leafblad|21 Edison Potrero Rd|Randolph|38864|MS|USA|leafblad_natalia@example.gov|2283357931,601.273.6862|20120731|HR
323|Jalisa Slagell|836 Candice Ct|Mechanic Falls|4256|ME|USA|jalisaslagell@example.com|207-109-1498|20191116|HR
333|Guillermina I Vinnedge|207 Mandarin Ln|Elkhorn|53121|WI|USA|vinnedge.guillermina@example.org|406-237-4398|20130306|HR
339|Charlotte R Pachelo|759 Label Av|Ulysses|67880|KS|USA|pachelocharlotte@example.com|7404017112,913-401-1856|20190917|HR
363|Edna Immormino|1555 Sturbridge Dr|Yorktown|78164|TX|USA|ednaimmormino@example.gov|830.815.4639,936-532-3701,713-398-3442|20100118|HR
370|Mandie V Agustin|1339 Hillfield Ln|Corinth|41010|KY|USA|agustin_mandie@example.co.uk|3464232570|20151004|HR
373|Grady T Tomchik|630 Townsley Ct|Fargo|58103|ND|USA|grady-tomchik@example.co.uk|701-737-3707|20140807|HR
374|Sergio N Velde|1056 Motor St|Long Beach|90810|CA|USA|velde-sergio@example.org|562-726-8113,571-146-9123,323-012-9978|20120119|HR
382|Dan J Hirneisen|945 Rocket Rd|Decatur|62524|IL|USA|danjhirneisen@example.co.uk|312.489.3115,224-265-1641,5014894262|20150115|HR
413|Hellen Y Oehl|345 Elk Av|Norwell|2061|MA|USA|hellenyoehl@example.gov|5082139598|20170503|HR
416|Mittie B Huckfeldt|646 Clio Ln|Westmoreland|66549|KS|USA|mittie_huckfeldt70@example.gov|7856887009|20120508|HR
429|Shannan Torrellas|355 Bobwhite Cr|Delta City|39061|MS|USA|torrellas-shannan@example.co.uk|605-152-6700|20100326|HR
443|Luanne D Salaiz|605 Heidi Jo Ln|White Mills|42788|KY|USA|salaizluanne@example.co.uk|6062658302,606.191.9955|20100821|HR
449|Heidi H Baradi|535 Fieldwood Ct|North Kingstown|2852|RI|USA|heidihbaradi@example.com|7258986652,4010417311|20100806|HR
461|Carline Q Natarajan|856 Sunnyvale Ct|Olney|76374|TX|USA|carline_natarajan@example.org|606-706-9912|20140823|HR
472|Tiffanie A Bohmbach|593 Eaglehelm Dr|Long Beach|90834|CA|USA|tiffanieabohmbach@example.gov|330-560-0951,6691528387,681.443.1484|20180618|HR
484|Lizette Beverley|378 Elm Glen Cr|Bakersfield|93305|CA|USA|lizette.beverley@example.org|671.514.7571|20120430|HR
490|Eileen D Horoschak|742 Green Palms Wy|Washington|20411|DC|USA|horoschakeileen@example.co.uk|202-156-6575,2029416569|20160808|HR
494|Willette G Mistric|640 Shawnee Ct|Cataldo|83810|ID|USA|willettegmistric@example.com|+1.208.987.3674|20131209|HR
496|Rosaura P Macafee|55 Peerless Bluff Ct|Eagle|53119|WI|USA|rosaura_macafee@example.gov|712.266.8198|20150527|HR
499|Lorna T Nikolaidis|1140 Dry Well Cr|Fort Pierre|57532|SD|USA|lornatnikolaidis@example.org|605-698-9608|20160906|HR
510|Trisha K Ammirato|178 Summit Pl|Donaldson|46513|IN|USA|trisha-ammirato@example.co.uk|930.225.9647,930.419.9628,8121802088|20140124|HR
511|Jordan Z Hinderer|594 Miss Grace Dr|Bristol|24202|VA|USA|hindererjordan@example.org|502-591-9065|20140130|HR
523|Idell Gerton|532 Brookdale Ln|Devils Tower|82714|WY|USA|idellgerton@example.org|001.670.509.3823|20120404|HR
529|Juliette N Anglim|247 Cobblestone Ct|Prairieville|70769|LA|USA|anglim.juliette@example.gov|3070398864|20161108|HR
546|Georgianne Osga|157 Oak Cyn Rd|Gilby|58235|ND|USA|georgianne.osga@example.gov|701-638-4041|20200118|HR
547|Loura Anzevino|539 Eagles Crest Ct|Aldenville|18401|PA|USA|louraanzevino@example.co.uk|814.684.2492|20100616|HR
555|Kemberly I Nickoles|1395 Derby Pl|Billings|59105|MT|USA|nickoles-kemberly@example.com|4063784854|20191030|HR
559|Danielle W Eckard|492 Sombras Ct|Morrisville|65710|MO|USA|danielle_eckard@example.com|2535302469|20100801|HR
573|Loriann H Tarnoff|133 Windrose Pl|Ashburn|20146|VA|USA|loriannhtarnoff@example.com|7252194199,816.011.1942|20191209|HR
587|Kelly Pensyl|18 Lilyfield Ln|Monroe|71211|LA|USA|kelly-pensyl@example.org|985.195.5452,5045118560,360.139.9176|20120426|HR
592|Jamey V Hughs|407 Sunrise Summit Dr|Charlotte|28274|NC|USA|jameyhughs44@example.org|3407225319|20170115|HR
602|Dawn J Vanbibber|382 Hideout Ct|Oakwood|73658|OK|USA|dawn_vanbibber@example.org|4051388444|20100804|HR
604|Andre C Connell|307 Rock Rose Ln|East Machias|4630|ME|USA|andre.connell@example.com|207-172-5953,5047792296|20160904|HR
610|Arletha K Penaranda|699 Millridge Dr|Belle Valley|43717|OH|USA|penaranda_arletha@example.co.uk|5137285934|20160803|HR
613|Concetta U Ickler|1052 Rio Prado Dr|Ennice|28623|NC|USA|concetta_ickler@example.co.uk|919-641-8266|20130406|HR
614|Stefania S Sorel|121 Minneola Ln|Wyarno|82845|WY|USA|stefania_sorel@example.org|5032355630|20140114|HR
619|Candie J Maack|157 Grove House Dr|East Northport|11731|NY|USA|candiejmaack@example.org|215-026-9983|20131105|HR
629|Shelly Roam|508 Kenwood Av|Tsaile|86556|AZ|USA|shellyroam@example.co.uk|6239920054|20110703|HR
630|Gladys Shiels|460 Beldove Ct|Cuttingsville|5738|VT|USA|shielsgladys@example.gov|802.402.4862|20170921|HR
631|Lera L Waterstraat|1205 Spencer Dr|Martin City|59926|MT|USA|leralwaterstraat@example.co.uk|516.178.5067,340.501.4103,406.022.6162|20190323|HR
632|Elyse D Leightner|419 Langley Pl|Mill Valley|94941|CA|USA|elyse-leightner@example.com|531-029-2725|20160823|HR
645|Ana B Linderoth|163 Voltaire Pl|Arcola|19420|PA|USA|ana-linderoth@example.com|606.784.9789|20120220|HR
649|Juliane P Kenna|827 Georgia Ln|Mansfield|44901|OH|USA|julianekenna@example.org|2167301388|20190406|HR
660|Les S Barbee|637 Bentley Manor Pl|Manchester Center|5255|VT|USA|barbeeles@example.co.uk|8020096868,802.751.1073,701-557-5961|20170920|HR
669|Kieth I Hollada|1681 Fambrough St|Conroe|77301|TX|USA|hollada_kieth@example.co.uk|281.654.7669|20170311|HR
689|Tawanna Raif|721 Coldsprings Pl|Horsham|19044|PA|USA|tawannaraif@example.com|717.235.6161|20180119|HR
691|Inocencia I Derenzi|575 Sagebrush Wy|Tovey|62570|IL|USA|inocenciaiderenzi@example.co.uk|7087748371|20130704|HR
693|Chandra Lundh|1185 Camp Plenty Rd|Jonesboro|72402|AR|USA|lundh_chandra@example.com|+1-479-497-7942|20120726|HR
701|Janeen H Liwag|1693 Oak Leaf Ct|Batesland|57716|SD|USA|janeenliwag@example.co.uk|939.493.5354,339-471-9892,580.225.2275|20130410|HR
703|Stuart O Staub|607 Sarro|Trenton|62293|IL|USA|staub_stuart@example.org|7793178272|20190319|HR
707|Tessie Z Kraklow|702 Chestnut St|Ellinwood|67526|KS|USA|tessiezkraklow@example.co.uk|671.188.0484|20181206|HR
727|Melda S Slagowski|2745 Drayton St|Newton|62448|IL|USA|melda.slagowski@example.gov|479-899-4007|20140128|HR
755|Shakia Copeland|194 Autumn Oak Wy|Bullville|10915|NY|USA|shakiacopeland@example.org|4126009898|20170828|HR
760|Viviana Stockland|1167 Driftwood Ct|Slidell|70469|LA|USA|vivianastockland@example.co.uk|412-964-6551|20151215|HR
780|Consuelo W Bianchetti|200 Balta Dr|Rock River|82083|WY|USA|consuelo.bianchetti@example.com|3404376630,909.826.6031|20180831|HR
793|Abe J Guilbert|695 Windriver Ct|Annapolis|62413|IL|USA|guilbert-abe@example.org|224.350.7103|20120830|HR
798|Adriane N Rup|940 Lilyfield Ln|Bentleyville|15314|PA|USA|adrianerup@example.gov|802.225.2056|20140701|HR
810|Michaela G Hornburg|446 Larkspur Wy|Estell Manor|8319|NJ|USA|michaelaghornburg@example.co.uk|509.190.9810,7018409070|20160226|HR
814|Cari M Kadin|1440 Joyce Pl|Maskell|68751|NE|USA|kadin-cari@example.co.uk|402.594.9430,4027493317,308-210-7936|20180531|HR
816|Bess C Ahlum|511 Easton Ln|Frisco|75035|TX|USA|bess.ahlum@example.org|832.922.0006|20190406|HR
831|Thanh U Liva|2193 Breckenridge Pl|Herbster|54844|WI|USA|liva.thanh@example.co.uk|3075783475,0014141316125|20130714|HR
835|Winston H Freimund|1343 Sandpiper Pl|Argonne|54511|WI|USA|freimund.winston@example.org|531-953-8391,534-125-5158,+1-715-536-5677|20110415|HR
844|Roberta J Mulalic|469 Sunset Creek|Woodford|53599|WI|USA|mulalicroberta@example.co.uk|575-604-5774|20150827|HR
864|Jo N Moorman|961 Rock Cyn Dr|Lake Charles|70611|LA|USA|moorman-jo@example.co.uk|001-337-426-8861|20140808|HR
869|Oneida W Saling|533 Saddle Peak Trl|Tampa|33605|FL|USA|oneida.saling@example.co.uk|813-122-7636|20140915|HR
876|Karima M Seruya|2078 Gold Hill Dr|Raleigh|27626|NC|USA|seruya_karima@example.gov|8284973199|20190201|HR
881|Jin I Huxtable|892 Avanti Ct|Birmingham|35209|AL|USA|huxtable_jin@example.com|251.903.7166|20150430|HR
883|Virgilio M Pazera|917 Romero Sloan Cutoff|Bridgeport|69336|NE|USA|pazeravirgilio@example.com|4353495325|20130602|HR
892|Alejandrina Lossman|2079 Glasser Av|Pittsburgh|15224|PA|USA|alejandrina-lossman@example.com|814.943.0492,907.367.4145,724-804-6965|20121114|HR
897|Kylie H Avondet|451 Quartz Mesa Ln|Whiterocks|84085|UT|USA|kylie_avondet@example.com|307.606.1813|20171204|HR
898|Nerissa P Kolecki|120 Muir Trl|Indian Hills|80454|CO|USA|nerissa-kolecki@example.gov|3031963970|20191019|HR
901|Alane X Naggar|820 Pike Ln|Holbrook|83243|ID|USA|alanenaggar@example.gov|208.264.0920|20110218|HR
911|Herman U Jergens|877 Fieldwood Ct|Crookston|56716|MN|USA|jergens_herman@example.gov|218.529.0545|20121101|HR
913|Carmelita Charlesworth|1184 White Oak Ct|Mc Intosh|57641|SD|USA|carmelitacharlesworth@example.co.uk|939-551-2784,605-686-4730|20140914|HR
921|Earlie U Sproull|1031 Hazelcrest Ln|El Paso|79999|TX|USA|earlieusproull@example.co.uk|713.850.3441|20140616|HR
926|Leo S Kealoha|286 Boxwood Ln|Great Meadows|7838|NJ|USA|kealoha_leo@example.com|7324892156,360-820-4063|20130803|HR
931|Shaneka X Sosby|772 Brookhaven Pl|Oklahoma City|73112|OK|USA|sosby_shaneka@example.com|8783826566|20101226|HR
933|Myrtice Ostenson|556 Via Helina|Decatur|30034|GA|USA|ostenson-myrtice@example.org|229-203-1999,225.099.1072,5515705600|20191011|HR
938|Lavinia Z Kostman|1176 Tierra Dr|Banquete|78339|TX|USA|laviniazkostman@example.co.uk|6717257993|20110720|HR
941|Wilburn Pitard|469 Ermine St|Sheppton|18248|PA|USA|pitard_wilburn@example.gov|5205279258,484-341-9142|20120423|HR
950|Nona U Pinchback|1509 Vasquez Wy|Port Richey|34668|FL|USA|pinchback-nona@example.com|4253084782|20100104|HR
951|Ruthie G Amara|55 Sand Cyn Rd|Warden|98857|WA|USA|ruthieamara@example.co.uk|507-360-3847|20160120|HR
956|Rosita Q Kawazoe|997 Stonecreek Rd|Thurston|97482|OR|USA|rosita.kawazoe@example.co.uk|541-860-5432|20140813|HR
971|Buena M Zanti|763 Juneda Dr|Wilton|4294|ME|USA|buenamzanti@example.com|4060466772|20101203|HR
972|Alexis Swogger|966 Wellston Dr|Memphis|38173|TN|USA|swogger-alexis@example.co.uk|3137243945|20121115|HR
979|Ricki I Saqib|1414 Christopher Ln|Wheaton|60187|IL|USA|saqib-ricki@example.org|7735283271|20141214|HR
998|Anamaria G Maroulis|1164 Falconrim Dr|Saint Petersburg|33705|FL|USA|anamaria_maroulis@example.co.uk|9708668329,865.092.5426|20100523|HR
1021|Rosaria R Granja|16 Oak Cyn Rd|Clawson|48398|MI|USA|rosaria.granja@example.org|970.342.4106,9895235392|20130913|HR
1022|Sanda F Culross|905 Franklin Pkwy|Turney|64493|MO|USA|sanda-culross@example.org|573.984.5494|20110710|HR
1025|Marci R Aylett|1316 Tiffany Ln|Fort Smith|72917|AR|USA|marciraylett@example.co.uk|501-489-7438|20141021|HR
1036|Georgann Blanset|909 Dagmar Wy|Newhall|91321|CA|USA|georgann-blanset@example.com|213-765-7729|20170712|HR
1039|Jan D Allinder|33 Via Marcia|Glenbrook|89413|NV|USA|allinderjan@example.co.uk|725-512-8465,775-656-4572|20120229|HR
1051|Lashanda M Brigante|2144 Calla Wy|Smiths Grove|42171|KY|USA|brigante_lashanda@example.org|859-021-2525,502-634-2887|20150425|HR
1053|Dalton A Snidarich|854 Quinn Pl|Racine|45771|OH|USA|daltonasnidarich@example.com|0014192038340|20121110|HR
1058|Deandra W Skarie|421 Kimbrough St|Northboro|51647|IA|USA|skarie-deandra@example.co.uk|7127942300|20120625|HR
1076|Ken S Samara|1102 San Leandro Dr|Charleston|72933|AR|USA|kenssamara@example.org|802.121.0799,681.652.2111|20180108|HR
1084|Joseph S Rubinsky|1447 Falcon Crest Dr|Angola|46703|IN|USA|rubinskyjoseph@example.com|808.199.7830|20160511|HR
1087|Katia V Demetriades|35 Ebb Ct|Rio Grande City|78582|TX|USA|katia-demetriades@example.org|972.312.5123|20110531|HR
1101|Frances E Rodregus|1853 Campbell Ct|Apache Junction|85220|AZ|USA|franceserodregus@example.com|406-401-4818|20130722|HR
1112|Cleora B Denisco|214 Branbury Ct|Fort Wayne|46804|IN|USA|deniscocleora@example.co.uk|317.843.2969,202.337.6491|20110412|HR
1113|Aleshia F Urciuoli|426 Via Escovar|Rocky Ridge|21778|MD|USA|aleshia_urciuoli@example.co.uk|2072188476|20131101|HR
1119|Evita H Schantz|1445 San Rafael Dr|Linwood|14486|NY|USA|evita-schantz@example.org|2700771362|20130704|HR
1120|Mitsue I Massey|38 Elder View Dr|Britt|55710|MN|USA|mitsue.massey@example.com|802.310.7817|20161003|HR
1122|Trista T Dowden|1794 Sagecrest Wy|Richwood|43344|OH|USA|trista_dowden@example.co.uk|662.308.6108,573.274.0654|20110507|HR
1123|Ryan O Navarre|1457 Euclid Av|Rawlings|23876|VA|USA|ryannavarre@example.org|571-110-5294|20161026|HR
1150|Quinn I Whitteker|100 Acacia Ct|New Straitsville|43766|OH|USA|quinniwhitteker@example.com|860-861-2513,763-801-2490|20180118|HR
1157|Lyndsay Schaum|12 Jacana Ct|Old Town|4468|ME|USA|lyndsayschaum@example.org|207-588-9403|20171227|HR
1158|Tomoko V Greenblat|367 Dupont Pl|Hampden|4444|ME|USA|greenblattomoko@example.co.uk|551-971-3278|20100414|HR
1188|Damien P Mante|888 Kahoolawe|Tokeland|98590|WA|USA|mante.damien@example.co.uk|401.778.5082|20110517|HR
1203|Earle W Hegy|898 Avd Rondel|Monticello|53570|WI|USA|earle.hegy@example.co.uk|4145642574|20170214|HR
1208|Jacqualine M Neusch|487 Swift Ln|Cleveland|44124|OH|USA|jacqualine_neusch@example.org|+1.440.536.5145,4026722646|20170706|HR
1214|Ricardo Hamrah|509 Galway Pl|Eagle|83616|ID|USA|ricardo_hamrah@example.gov|2085345394|20131008|HR
1219|Laveta U Cost|409 Kim Ln|Montgomery City|63361|MO|USA|cost_laveta@example.gov|816-721-2042,718.803.0722|20151026|HR
1220|Francis Fridell|844 Dry Creek Ct|Bazine|67516|KS|USA|fridell_francis@example.org|878-521-6978|20151004|HR
1230|Laura M Plyler|367 Bryant Pl|Danciger|77431|TX|USA|lauramplyler@example.gov|985.924.7317|20130116|HR
1247|Dominique O Mahar|327 Buckeye Ct|East Irvine|92650|CA|USA|dominiqueomahar@example.co.uk|8312958264|20110715|HR
1267|Kyong Shats|1364 Lady Linda Ln|Scottsdale|85251|AZ|USA|shats_kyong@example.gov|5707960313,6231865970|20190201|HR
1271|Galina D Frankfurt|295 Mapleleaf Ct|Holden|25625|WV|USA|galinadfrankfurt@example.org|304.620.3162,304.916.9677,304.320.8672|20121216|HR
1283|Linette E Fales|605 Desert Pl|Wichita|67205|KS|USA|linetteefales@example.org|6206369135|20180512|HR
1291|Chery I Chernicky|412 Mirasol St|Yale|62481|IL|USA|chernickychery87@example.gov|+1.207.509.0587,930.529.7503|20121113|HR
1306|Nakita Mcgeown|1065 Magdalena Dr|Ogema|54459|WI|USA|nakita-mcgeown@example.com|9204259822|20190206|HR
1310|Danette D Rodie|294 Holt Av|North Miami Beach|33160|FL|USA|pxymms@example.com|786.504.6828|20130507|HR
1315|Dottie P Boekeloo|2003 Spruce St|Swengel|17880|PA|USA|dottie.boekeloo@example.com|7018696897|20100516|HR
1316|Chas G Ozburn|707 Don Gee Ct|Hustisford|53034|WI|USA|ozburn_chas@example.com|920.923.7751|20200126|HR
1324|Coralie Y Matter|1222 Dan Ct|Clearwater|33760|FL|USA|coraliematter@example.gov|727.638.7761|20170514|HR
1328|Marianne D Yohannan|1765 Bridger Ct|Ouzinkie|99644|AK|USA|yohannan.marianne@example.co.uk|501-821-5742,907.146.4895|20180704|HR
1329|Taisha H Androff|660 Berkshire Pl|San Diego|92131|CA|USA|androff.taisha@example.co.uk|314-003-7577,270.350.9416|20180812|HR
1342|Herlinda P Gali|1388 Wayman St|Jonesville|29353|SC|USA|herlindapgali@example.co.uk|8019454993|20140117|HR
1348|Shamika B Rocafort|9 Pantina|Aquashicola|18012|PA|USA|rocafortshamika@example.com|9384861661|20150531|HR
1354|Renetta S Hitz|1505 Travers Ct|Farmington|48334|MI|USA|renettashitz@example.co.uk|208.414.0870|20190404|HR
1375|Carry E Pierie|181 Spring Shadow Ct|Barbourville|40906|KY|USA|carry.pierie@example.co.uk|307.070.4483|20191213|HR
1378|Kendra L Venetucci|317 Guilford Ln|Fountain Hill|71642|AR|USA|venetucci_kendra@example.co.uk|8705079263|20191204|HR
1382|Brian T Katz|688 Beech Creek Cr|Machiasport|4655|ME|USA|katz_brian@example.co.uk|5022533880|20110130|HR
1384|Salvador P Degrasse|1158 Versailles Av|Lakeside|59922|MT|USA|salvadorpdegrasse@example.org|202-386-9660|20150805|HR
1387|Essie O Degado|501 Don Gee Ct|Wheeler|62479|IL|USA|essie-degado@example.com|801.650.4325,331-848-0579|20150710|HR
1399|Dee J Mone|992 The Old Dirt Rd|Albany|5820|VT|USA|deejmone@example.com|775-882-8763|20130110|HR
1401|Frankie X Mayock|646 Pamplico Dr|Warrenton|20187|VA|USA|frankiexmayock@example.org|3072110745,2628431647|20130505|HR
1421|Meta D Groft|224 Weathersfield Dr|Aleppo|15310|PA|USA|meta_groft@example.com|480.431.2987,2031969719,779.272.5304|20120427|HR
1430|Heide Balman|1101 Klamath Ct|Escatawpa|39552|MS|USA|heidebalman@example.com|701-700-1943,2283596535|20180204|HR
1448|Sebastian T Fickel|706 Avd Del Luna|Mulberry|37359|TN|USA|fickel.sebastian@example.org|731-285-0928,423.109.0510|20160914|HR
1452|Ernestine P Valasek|449 Creekside Rd|Gary|46407|IN|USA|ernestine.valasek@example.com|3170733468|20150227|HR
1471|Miquel R Rotondo|1163 Vernal Wy|Salem|97305|OR|USA|miquel-rotondo@example.co.uk|9719604411|20150126|HR
1476|Louis N Laughton|261 Benton Ct|Saint Benedict|70457|LA|USA|laughton.louis59@example.org|9851240416,+15044485294,603.430.7768|20170804|HR
1477|Mertie W Endicott|96 Wolf Creek Trl|Copeland|34137|FL|USA|mertiewendicott@example.co.uk|305.358.3296,406.108.8804|20130421|HR
1479|Alyssa Petruzzo|40 Whitfield Pl|Norfolk|13667|NY|USA|petruzzo-alyssa@example.org|307.445.2638|20180325|HR
1488|Francisco R Peskey|1284 Mackenzie Wy|Centerville|2634|MA|USA|franciscorpeskey@example.com|234-844-1377|20200207|HR
1491|Lyndon L Hubinger|257 Lanesboro Pl|Jenkins|56456|MN|USA|lyndon-hubinger@example.co.uk|+16518356954,651-936-0443|20120218|HR
1492|Lucina Kruty|1874 Arbor Hill Wy|Portland|4104|ME|USA|lucina.kruty@example.org|207-085-5576|20120119|HR
1500|Rashida Z Dolgoff|718 Oak Valley Rd|Gibson|28343|NC|USA|rashida-dolgoff@example.org|980-279-1893,704-593-7923|20131023|HR
1512|Susy Deach|1057 Northbrooke Ln|Palco|67657|KS|USA|susy_deach@example.gov|3167363506|20190812|HR
1549|Meredith M Scoby|479 Augusta Pl|Oceanside|92058|CA|USA|meredithmscoby@example.co.uk|678.402.8075|20130131|HR
1561|Naomi C Gandeza|150 Deena Pl|Ransom|18653|PA|USA|gandeza-naomi@example.org|803-138-3152,2720797520|20140604|HR
1599|Eladia W Landolfi|642 Schrey Pl|Grimesland|27837|NC|USA|eladiawlandolfi@example.com|719.376.7523|20161215|HR
1603|Lakita P Keena|1016 Iris Pl|West Columbia|29170|SC|USA|keena.lakita@example.org|843.558.5197|20110613|HR
1604|Doyle A Prosch|444 Crimson Ct|State Road|28676|NC|USA|doyle.prosch@example.gov|252-439-0917,704.497.2318|20130201|HR
1613|Silvia P Baltrip|378 Hickory Pl|Windham|12496|NY|USA|baltrip_silvia@example.com|6800913071,5182543060|20171008|HR
1625|Eloise P Becktell|616 Walt Ct|Inez|41224|KY|USA|eloise-becktell@example.co.uk|6702902003,2709185439|20191216|HR
1647|Deandra Dutson|563 Lookout Rd|Haines|99827|AK|USA|deandradutson79@example.com|907-702-0574|20170326|HR
1657|Gerda Y Sallen|1317 Kirstengary Wy|Levittown|19056|PA|USA|sallen-gerda@example.gov|272-804-2668|20151224|HR
1667|Rhea U Booty|1311 David Wy|Lexington|29072|SC|USA|rheaubooty@example.co.uk|843-532-6627|20120726|HR
1671|Cecily F Taras|1349 Coleridge Pl|Valier|15780|PA|USA|cecily.taras@example.org|8122241116,3303119696|20160403|HR
1679|Caprice Lovero|945 Silverstone Ln|Parker|83438|ID|USA|lovero-caprice@example.org|208.043.4630,4100220892|20140424|HR
1681|Enoch Tansky|821 Park Ln|Bethesda|20817|MD|USA|enochtansky@example.com|410.793.2162,4437998564|20100304|HR
1686|Lanita L Moragne|645 Via Eliso|Oak Lawn|60454|IL|USA|lanita.moragne71@example.gov|618-396-7540,385-214-0389|20151203|HR
1702|Terresa N Georgette|1548 Dewdrop Av|Douglas|35964|AL|USA|georgette_terresa@example.gov|8010190158|20161130|HR
1711|Delta J Schnelker|1070 Stowe Ln|Oregon House|95962|CA|USA|delta_schnelker@example.gov|628.077.6963,4062442638|20111116|HR
1723|Myrtle S Ams|368 Amaryllis Ct|Whaleyville|21872|MD|USA|myrtleams@example.co.uk|4106662230|20130427|HR
1741|Toshiko R Nystrom|540 Royal Rd|Conway|72033|AR|USA|toshiko_nystrom@example.gov|985-179-1407|20110921|HR
1750|Freeman D Cockley|2125 Sugar Loaf Ct|Southgate|48195|MI|USA|freemandcockley@example.gov|313.393.1621|20180507|HR
1755|Oralia S Calderhead|208 Everett Dr|Mont Vernon|3057|NH|USA|oraliacalderhead@example.org|404.846.6623,6031378534|20100703|HR
1756|Tena E Kelsey|807 Rio Norte Dr|Kansas City|64109|MO|USA|tenaekelsey@example.com|561-011-5279|20100124|HR
1757|Judson Yeatts|688 Pietro Dr|Laura|45337|OH|USA|yeatts.judson@example.com|240-759-3091|20170904|HR
1781|Rachael S Delosier|425 Emerald Dove Dr|New Vienna|45159|OH|USA|delosier_rachael72@example.co.uk|7020402182|20100923|HR
1785|Deon O Kusaka|817 Rana Dr|Holtwood|17532|PA|USA|kusaka.deon@example.gov|3407143672|20190711|HR
1795|Trisha Abay|1076 Lost Creek Rd|Belt|59412|MT|USA|abay-trisha@example.com|406-534-3048|20150402|HR
1803|Shantel K Drakulich|1170 Nightingale Ct|Glenwood|98619|WA|USA|drakulich-shantel@example.co.uk|+1-206-001-6053,2538309008,712-297-5664|20140520|HR
1810|Melissia Dahlhauser|1098 Fedala Rd|Oxford|67119|KS|USA|melissiadahlhauser@example.gov|6201875398|20170522|HR
1811|Glennis P Strosser|493 Riverrock Wy|Sykeston|58486|ND|USA|glennis-strosser@example.gov|3024844826|20110806|HR
1817|Hosea F Hoeg|682 Canso Ln|Creedmoor|27522|NC|USA|hosea_hoeg@example.com|980.871.3582|20150621|HR
1820|Elliott B Sliwoski|536 Bookham Dr|Templeville|21670|MD|USA|sliwoski.elliott@example.gov|304-518-6386|20100207|HR
1831|Barabara P Beveridge|2207 Warm Springs Dr|South Sutton|3273|NH|USA|barabarabeveridge@example.gov|6031657397|20100310|HR
1839|Kristyn Q Aragona|466 Holiday Cr|Neche|58265|ND|USA|kristyn_aragona@example.co.uk|701.951.3576|20190205|HR
1844|Bryant I Woodal|203 Avd De Estrella|Sharon Springs|13459|NY|USA|bryant-woodal@example.co.uk|202.829.3243|20160216|HR
1860|Thea D Achtenberg|477 Dowell Dr|Fountain City|54629|WI|USA|theadachtenberg@example.co.uk|3379067127,9707712973|20161211|HR
1878|Kelly R Reyner|815 Via Campana|Stella|64867|MO|USA|kellyrreyner@example.co.uk|636.335.0368|20170731|HR
1879|Elwood L Buccieri|402 Los Pinetos Water Tank Rd|Frankfort|40620|KY|USA|elwoodlbuccieri@example.gov|3648915354,502.305.8417|20170329|HR
1905|Lizabeth Hostettler|97 Matisse Ln|Fort Belvoir|22060|VA|USA|lizabeth.hostettler@example.com|5402848152|20180808|HR
1906|Tonja Portell|57 Stagecoach Wy|Kirvin|75848|TX|USA|portelltonja@example.org|401-608-8600|20161217|HR
1911|Shayne J Albaran|1419 Vasquez Cyn Rd|Andover|3216|NH|USA|shayne_albaran@example.org|414-003-5992,509-338-2765|20181112|HR
1922|Shantell Gillin|68 Fairway Dr|North Monmouth|4265|ME|USA|shantellgillin@example.com|6845278081,2078691360|20170822|HR
1965|Marilyn Q Hollie|341 Via Castanet|Sunset|76270|TX|USA|marilynqhollie@example.gov|7400433972,737.484.6614,682.993.5668|20140505|HR
1966|Karma Uhlenbrock|1457 Gray Ln|Sunnyvale|94088|CA|USA|uhlenbrock_karma@example.co.uk|707-829-7085|20150607|HR
1967|Myong W Mcpheters|212 Capew St|East Hebron|3232|NH|USA|mcpheters_myong@example.com|6034445476|20151102|HR
1997|Trista Dettmer|1077 Garyford Rd|Rhinecliff|12574|NY|USA|dettmer.trista@example.com|5189264538,6077979425,9345106675|20151031|HR
2001|Lore V Verhalen|1027 Chelsea Wy|San Diego|92137|CA|USA|verhalen_lore@example.org||20150718|HR
2002|Delfina Barrigar|232 Oakmall Ln|Dickerson Run|15430|PA|USA|delfina.barrigar@example.co.uk|435.508.0231|20160228|HR
2003|Magen R Ambush|545 Innsbruck Point Ct|Tucson|85742|AZ|USA|magen.ambush@example.co.uk|541-494-5387|20110610|HR
2006|Marsha Nakhleh|1312 Los Pinetos Water Tank Rd|Telford|37690|TN|USA|nakhlehmarsha@example.org|325-960-9989,931-008-5616,901-498-8064|20121124|HR
2022|Gracia U Guittard|1340 Webster Pl|Lyndora|16045|PA|USA|graciauguittard@example.gov|602.308.5446|20101201|HR
2032|Isabella S Bronowski|490 Drayton St|Little Neck|11363|NY|USA|isabellabronowski@example.gov|607.803.8973|20170302|HR
2034|Lindsey T Bruley|258 San Francisquito Motor Wy|Greenleaf|54126|WI|USA|bruley-lindsey@example.com|808-894-2350|20160226|HR
2038|Rodolfo P Rosiere|1061 Arcay Av|Kiester|56051|MN|USA|rodolfoprosiere@example.org|3402552371|20131205|HR
2045|Eliana Schaffino|1967 Durant Pl|Lexington Park|20653|MD|USA|elianaschaffino@example.com|206-629-3558,240-535-4627,334.293.7701|20100613|HR
2046|Tressie V Steenbergh|181 Smoketree Ln|Eagle Lake|4739|ME|USA|steenbergh_tressie47@example.gov|2078438868|20140803|HR
2059|Deja Nurse|251 Medford Pl|Hulls Cove|4644|ME|USA|nurse-deja@example.gov|+1.207.760.6958|20110422|HR
2061|Gia Q Oksanen|524 Madloy St|Van Lear|41265|KY|USA|oksanen-gia@example.org|606.993.9619|20151129|HR
2066|Ignacio J Taliento|196 Blanca Wy|Houston|77297|TX|USA|ignaciojtaliento@example.co.uk|8083849854|20160908|HR
2072|Sally Q Frigon|1311 13th St|Union Bridge|21791|MD|USA|sallyqfrigon@example.com|206-674-2899|20100610|HR
2082|Truman H Showe|501 Laurel Pl|Miami|33190|FL|USA|showe.truman@example.org|2071159934|20140226|HR
2089|Melia D Mandato|723 Schubert Cr|Athens|30613|GA|USA|meliamandato@example.org|229-616-6134,863-220-2986|20161227|HR
2097|Gregorio W Raffaeli|194 Laurelcrest Ln|South Hadley|1075|MA|USA|gregorioraffaeli@example.co.uk|406-331-8544|20130224|HR
2099|Sol E Collamer|847 Via Tanara|Bryan|77806|TX|USA|solecollamer@example.co.uk|504-897-1491|20191126|HR
2102|Pearline M Garred|265 Twin Tides Dr|Wellborn|32094|FL|USA|pearline.garred@example.co.uk|954.176.1443|20151225|HR
2109|Brinda Diosdado|2441 Ashland Ct|Fort Benning|31905|GA|USA|brindadiosdado@example.gov|4042492152,208-544-8061|20101111|HR
2115|Cameron A Ranes|23 Ficus Dr|Burnwell|35038|AL|USA|cameronaranes88@example.org|703.789.3675|20111002|HR
2122|Mae Difazio|275 Bentley Manor Pl|Lawley|36793|AL|USA|difazio-mae@example.com|304-989-4571,575.823.9668,931-414-4015|20170712|HR
2123|Farah S Ramanan|2565 Fairway Cr|Kernersville|27284|NC|USA|farahramanan@example.gov|7043946147|20111106|HR
2148|Hildegarde A Bobbin|3125 Tiburon St|Monkton|21111|MD|USA|hildegardeabobbin@example.co.uk|6671391954,816.215.1305|20160814|HR
2152|Roni Flakus|1172 Charlie Ct|Catawba|29704|SC|USA|flakus_roni@example.com|435.610.2344|20190713|HR
2168|Roberta Pardilla|2246 Juniper Ct|Northfield|1354|MA|USA|pardilla-roberta@example.gov|857.050.5154|20150820|HR
2176|Darrin U Giessel|1813 Rosa Ln|Aurora|44202|OH|USA|darrinugiessel@example.com|419.413.4061,806.086.2273|20100612|HR
2181|Chae X Travioli|2076 Courtview Dr|Marietta|45750|OH|USA|chaextravioli44@example.co.uk|7409141628|20120712|HR
2182|Floria X Joyner|1954 Stillmore St|Apison|37302|TN|USA|floriaxjoyner@example.gov|4233310677,505-975-7272|20130809|HR
2192|Elyse Y Dunckley|572 Kerry Robin Dr|Porterville|93258|CA|USA|elyseydunckley@example.gov|707.759.8781,747.225.4109|20190224|HR
2194|Juan Delbridge|2136 Bronte Ln|Jacksonville|32226|FL|USA|juandelbridge@example.com|202.229.2533|20130727|HR
2197|Florrie B Jarred|393 Covala Ct|Lelia Lake|79240|TX|USA|florrie.jarred@example.co.uk|319.541.5698|20190613|HR
2201|Dorothy M Vonada|959 Parkview Dr|Tupman|93276|CA|USA|dorothymvonada@example.gov|680-980-4519|20130310|HR
2211|Stephen T Westdyke|125 Cement Block Rd|Greenwood Springs|38848|MS|USA|westdyke.stephen@example.com|7696686950|20170412|HR
2222|Jaimee A Anonuevo|1251 Bentley Manor Pl|Las Cruces|88012|NM|USA|anonuevo_jaimee@example.co.uk|575-589-0471|20101118|HR
2230|Freddie G Colozzo|1147 Hilse Ln|Yukon|73085|OK|USA|freddiegcolozzo@example.gov|405.007.5161,575.473.7019|20111031|HR
2260|Rozella E Rewis|1256 Nike Ln|Watkinsville|30677|GA|USA|rewis_rozella@example.org|985-379-3391,802-555-0403|20130303|HR
2262|Sebastian Z Moehring|322 Rosamond Dr|Bennington|68007|NE|USA|sebastianzmoehring44@example.co.uk|531-322-6610|20140515|HR
2269|Armand V Murk|95 Stone Cyn Ln|Arispe|50831|IA|USA|armand.murk@example.com|302-586-9880|20120625|HR
2278|Ileana J Solimando|774 Lisa St|Huntsville|35898|AL|USA|ileanajsolimando@example.org|651.414.9974|20140226|HR
2283|Joeann H Snowton|585 Via Ventana|Windsor|1270|MA|USA|joeann-snowton@example.com|671-091-7819|20120804|HR
2289|Evangelina Hazen|405 Lloyd Houghton Pl|Anderson|46017|IN|USA|evangelina_hazen@example.gov|2190893557,971-088-3658|20130625|HR
2304|Lilia J Fellwock|160 Baxard Pl|Meally|41234|KY|USA|fellwock.lilia@example.org|671.783.1572|20120220|HR
2316|Albertina K Tschudi|21 Vicci St|Mount Pleasant|52641|IA|USA|tschudi-albertina@example.co.uk|814-678-8510|20120401|HR
2317|Blanca H Entner|345 Summer Grove Pl|Fayetteville|28311|NC|USA|jxomblngxl@example.org|907.612.7330|20161009|HR
2319|Lavada Duckart|34 Sunflower Ct|Auburn|46706|IN|USA|lavadaduckart@example.org|765-431-5172|20180719|HR
2323|Elmer N Meemken|2432 Corry Pl|Elmwood|68349|NE|USA|elmer.meemken@example.com|4023091375|20160628|HR
2325|Myles W Verhulst|994 Cockleburr Ln|Spruce Pine|28777|NC|USA|myles-verhulst@example.com|919-545-0886,4783554361|20150424|HR
2327|Tasha Q Manglos|395 Nottingham Ct|Columbia|29228|SC|USA|tashaqmanglos@example.co.uk|6178217447|20150220|HR
2328|Luther C Spiegl|1520 Windriver Ct|Southeastern|19397|PA|USA|spiegl-luther@example.gov|412-802-5357|20160827|HR
2340|Caroll U Caudell|1480 Beechnut Cr|Kelly|28448|NC|USA|carollucaudell@example.com|402.323.3204|20181014|HR
2350|Alfonzo M Pitarresi|1249 Centurion Wy|Pomona|10970|NY|USA|alfonzompitarresi@example.org|207-900-5960,515-806-1857|20100606|HR
2359|Leatha R Ruttan|3207 Avd Dorena|Thornwood|10594|NY|USA|leatharruttan@example.co.uk|212-156-0093|20130814|HR
2379|Laticia M Kaszycki|644 Louis Av|Otis Orchards|99027|WA|USA|hsvtq@example.gov|+14753652518|20191024|HR
2381|Beverlee I Benz|756 Wharton Dr|Concord|3301|NH|USA|benzbeverlee32@example.gov|6039210587|20190412|HR
2384|Yoko P Macadam|939 Av Hopkins|Sioux Falls|57196|SD|USA|yokomacadam@example.co.uk|6054836007|20120502|HR
2389|Caitlin T Frisa|177 Milano Ln|Goleta|93117|CA|USA|caitlin-frisa@example.co.uk|208.239.0563|20160207|HR
2390|Mitchell E Defiesta|1482 Duxbury Pl|Melrose|59743|MT|USA|defiesta_mitchell@example.co.uk|6037679909,406.051.5256,406.928.7935|20110820|HR
2397|Cecile P Mckinnell|34 Gate Rd|Hampton|23664|VA|USA|cecile.mckinnell@example.org|802-323-0628|20141020|HR
2400|So H Balajadia|1169 Incline Ln|Macon|31216|GA|USA|so_balajadia58@example.co.uk|770.054.5374|20120708|HR
2403|Aiko A Betit|74 Ermine St|Warren|1083|MA|USA|aikobetit@example.org|253-579-5655,207-237-6480,857.725.8455|20150331|HR
2415|Shawanda Y Oatts|1090 Forest View Ct|Santa Rosa|95409|CA|USA|shawanda.oatts45@example.com|262-299-1665|20141126|HR
2418|Donette A Challen|277 Harwick Pl|Poneto|46781|IN|USA|challen.donette@example.com|302-341-3399|20111107|HR
2421|Devona Kerstein|162 Colina Dr|Sardinia|14134|NY|USA|devonakerstein@example.gov|315.517.9510|20150908|HR
2433|Chang Schleeper|142 Jasper Ct|Plymouth|44865|OH|USA|changschleeper75@example.co.uk|479-093-4460|20161002|HR
2434|Tandy R Leppert|220 Sorrento Pl|Huntington|25705|WV|USA|lepperttandy@example.com|3043468738|20200208|HR
2437|Kenna Wycuff|1489 Camino De Cielo Dr|Santa Margarita|93453|CA|USA|wycuff_kenna@example.org|213.375.0380,5757537848|20120419|HR
2447|Karri B Pursell|163 Tourelle Pl|Batesville|47006|IN|USA|pursell.karri@example.org|580-732-5927,9384545628|20110330|HR
2455|Eugena H Stayrook|2 Meadowlark Ct|Charleston|25332|WV|USA|eugena_stayrook@example.org|2562032774,670.188.6943|20151019|HR
2468|Epifania G Potter|617 Connick Pl|Orlando|32804|FL|USA|epifania.potter@example.gov|321-711-4144,386-645-0119,843.861.9267|20130713|HR
2469|Charlott E Mendolera|593 Bryce Ct|Greenville|27835|NC|USA|charlottemendolera@example.org|2073088080|20190401|HR
2482|Shaneka W Snively|1129 Alder Ct|Lake Orion|48362|MI|USA|snively.shaneka@example.co.uk|3396097887|20190506|HR
2492|Alfredo D Loboda|653 Lakemore Dr|Brinklow|20862|MD|USA|alfredodloboda@example.com|7197013076|20100908|HR
2510|Yolanda S Balik|707 Hampton Dr|O Brien|32071|FL|USA|yolanda_balik@example.com|+18029098471|20151227|HR
2554|Teresia I Floersch|1185 Posada Dr|Rockwall|75032|TX|USA|teresiaifloersch@example.org|432.261.3855|20171111|HR
2562|Jonathon L Sc|2002 Mockingbird Ln|Leo|46765|IN|USA|jonathonlsc@example.co.uk|317-429-1569|20121014|HR
2570|Timothy Juda|1053 Summerhill Ln|Englewood|80155|CO|USA|timothyjuda@example.com|720-166-9026|20131219|HR
2581|Nicolas G Naea|1301 Kim Ln|La Place|61936|IL|USA|naea.nicolas35@example.com|7759148334,929-758-0155|20100609|HR
2591|Analisa E Shircliff|42 Rosamond Dr|Watsontown|17777|PA|USA|shircliff.analisa@example.co.uk|267-356-7747|20151005|HR
2593|Debi G Naess|1914 Dove Ln|Whitetail|59276|MT|USA|debinaess@example.gov|406-591-0710|20160829|HR
2617|Paz Q Keiper|879 Franks Wy|Frankfort|4438|ME|USA|paz.keiper@example.org|3010299381,670-936-6434|20180425|HR
2622|Dylan I Slonaker|1915 Avion Cr|Scaly Mountain|28775|NC|USA|dylan_slonaker@example.gov|3366759350|20180728|HR
2626|Adela Y Bonville|2039 Ruby Ln|Washington|7882|NJ|USA|adela_bonville@example.gov|605.591.6006,848-388-6606|20180910|HR
2630|Danita Y Bannon|1132 Steve Jon St|Avondale|24811|WV|USA|danita_bannon@example.gov|907-206-6816|20100117|HR
2639|Issac Z Coudron|956 Arcay Av|Lenorah|79749|TX|USA|issaccoudron@example.com|956-748-5912|20130711|HR
2644|Sheryl E Hodgkins|1512 Capallero Dr|Brookhaven|39601|MS|USA|sherylehodgkins@example.org|970.140.8674,6628334821,2283183228|20190831|HR
2658|Hannah Prola|998 Corsica Pl|Moro|62067|IL|USA|prola-hannah36@example.co.uk|207-642-5048|20131211|HR
2659|Marita Manzella|516 Ladley Ct|Cottonwood Falls|66845|KS|USA|manzellamarita@example.com|3162079055,8010850546,785-872-6423|20130522|HR
2687|Noelia Drylie|319 Begonias Ln|Ruth|48470|MI|USA|drylienoelia@example.co.uk|517-769-3979|20170226|HR
2690|Solange Z Demmin|1448 Golden Triangle Rd|Rosedale|24280|VA|USA|demmin_solange@example.gov|+1.540.373.7239|20121222|HR
2710|Alvaro S Nisi|147 Amor Walk|Brockton|2302|MA|USA|alvarosnisi@example.org|+1-857-424-4108|20100101|HR
2716|Deidra C Pelekai|744 Barbacoa Pl|Tulsa|74103|OK|USA|pelekai.deidra@example.gov|4062289410,539.572.9347,405.111.8476|20160418|HR
2719|Zelma K Bisignani|1290 Shangri La Dr|Arlington|2174|MA|USA|zelmakbisignani@example.gov|781-387-0926|20180119|HR
2720|Carolin R Birgel|1076 Barnhill Rd|Cumberland|21505|MD|USA|birgel_carolin@example.gov|443-568-0177|20110111|HR
2725|Adelia O Morilla|612 Curtis Alan Pl|Hume|61932|IL|USA|adelia.morilla@example.gov|8604279543|20180325|HR
2738|Shanti Pyszka|2188 Medlar Dr|Canaan|6018|CT|USA|shanti_pyszka@example.gov|218.903.2789|20140610|HR
2741|Doyle Z Aben|1922 Cordovan Ln|Suncook|3275|NH|USA|doylezaben@example.co.uk|6058387538|20130925|HR
2744|Ernesto E Dighero|784 Pamplico Dr|El Paso|88572|TX|USA|dighero_ernesto@example.org|325.284.6153|20100718|HR
2752|Fredia O Fody|137 Laurel Oak Ct|Chattanooga|37410|TN|USA|fody_fredia@example.org|423-652-4964,423-655-9797,931.891.3967|20130413|HR
2769|Krystyna G Weeman|217 Thoreau Wy|Branchville|47514|IN|USA|krystynagweeman@example.gov|3174446237|20180101|HR
2775|Luciana E Mazzi|226 Lakehurst Av|Ludlow|39098|MS|USA|lucianaemazzi@example.co.uk|203-303-9427,6013398875|20130209|HR
2786|Shaquana P Beeler|52 Emerson Ln|Omaha|68122|NE|USA|shaquana-beeler@example.co.uk|843-778-1220,818-075-7078,531-767-8454|20140716|HR
2798|Fausto H Gulbransen|158 Millstream Dr|Tickfaw|70466|LA|USA|fausto_gulbransen@example.gov|618.778.7524|20160201|HR
2815|Timothy V Policht|1963 Coleridge Pl|San Jose|95152|CA|USA|timothy_policht@example.org|209-966-0274|20130112|HR
2826|Bertie G Dambrose|944 Nahin Ln|West Sunbury|16061|PA|USA|dambrose-bertie@example.org|775.228.0058|20180529|HR
2828|Kathlene W Chudyk|2050 Atherton Cyn Rd|Challenge|95925|CA|USA|kathlenechudyk@example.com|8581768208|20141031|HR
2856|Deon Lauck|414 Pinedale Pl|Boston|2295|MA|USA|deonlauck@example.org|671-774-8505,8576497032|20141222|HR
2860|Collene R Pingle|1341 Kearney Dr|West Henrietta|14586|NY|USA|collenerpingle@example.com|7186212136,670.319.7606|20130817|HR
2868|Johnnie K Kludy|1769 Garfield St|Cleveland|44143|OH|USA|kludy.johnnie@example.co.uk|775-399-3355|20110920|HR
2869|Sallie B Aurilia|825 Riverview Ln|Baldwyn|38824|MS|USA|auriliasallie@example.co.uk|662-259-7386|20150309|HR
2878|Dawne B Tyson|188 Homestead Pl|Pleasant Hill|38578|TN|USA|dawnetyson@example.gov||20110920|HR
2883|Maddie A Muster|154 Estrella Pl|North Hyde Park|5665|VT|USA|maddieamuster@example.org|208.238.2577,802.514.2820,907-348-1445|20100501|HR
2887|Staci Kujava|415 Pinecone Pl|Charleston|25303|WV|USA|staci_kujava11@example.gov|304-992-1915,6713922293,3040565800|20110116|HR
2899|Carol O Lalancette|1024 East Rd|Brandon|76628|TX|USA|carol_lalancette@example.gov|5010129155,0015017159433|20180530|HR
2923|Arleen J Setera|1408 Oakleaf Cyn Dr|Uwchland|19480|PA|USA|arleenjsetera@example.gov|671-096-7904|20150722|HR
2929|Estella L Drolet|543 Teak Ct|Kihei|96753|HI|USA|estella_drolet@example.gov|508-317-0976,8087524001|20120320|HR
2960|Liz Colter|636 Calle Ct|Chatawa|39632|MS|USA|lizcolter71@example.org|601.099.1045,2289819711|20170116|HR
2963|Lauralee O Derrow|1276 View Pointe Ln|Sheldon|29941|SC|USA|lauraleeoderrow@example.com|854.188.7836|20190810|HR
2965|Tamesha O Holt|774 Ravenhill Rd|Brooklyn|11208|NY|USA|tamesha-holt@example.org|716.998.3189,718-926-4705|20121218|HR
2972|Deandrea T Fenicle|711 Rose Cyn Ln|Swatara|55785|MN|USA|fenicle_deandrea@example.com|320-620-6465|20110411|HR
2986|Merrill J Eiken|1341 Oakbrook Ct|North Las Vegas|89033|NV|USA|merrilljeiken@example.org|7758477812|20191002|HR
2993|Carlos V Wedin|1118 Ashbrook Ln|Clarksville|37042|TN|USA|wedin.carlos@example.gov|901-380-1409|20130304|HR
3024|Kiera R Mattix|64 Cross Creek Dr|Munds Park|86017|AZ|USA|kierarmattix@example.gov|540-714-5584,307-067-6619,623.133.2531|20100603|HR
3026|Soledad Argy|386 Barnhill Rd|San Perlita|78590|TX|USA|soledadargy@example.com|9808367503|20180203|HR
3047|Margaret G Blink|1170 Mariposa Pl|Benton City|99320|WA|USA|blink.margaret@example.org|5088718749|20171014|HR
3056|Angelique L Chic|2462 Garfield St|Estero|33928|FL|USA|angeliquechic@example.co.uk|9548753704|20140511|HR
3062|Quinton L Kader|774 Dandelion Dr|Manchester|31816|GA|USA|quinton_kader@example.org|706-326-2338,7748771431|20130821|HR
3069|Sammie H Maglia|915 Carlos Pl|Orlando|32898|FL|USA|sammiemaglia@example.com|772-617-7513|20161120|HR
3072|Rochell V Paskoff|564 Woodlark Ln|Plainville|2762|MA|USA|rochellvpaskoff@example.gov||20160309|HR
3073|Dorie Judith|630 Landon Pl|Port Jervis|12771|NY|USA|judith-dorie@example.gov|6712073013|20140512|HR
3091|Tabatha B Bucca|2207 Presidio|Charlotte|28242|NC|USA|bucca-tabatha@example.org|662.188.7131|20130419|HR
3097|Maranda N Wendle|1093 Sunrose Pl|Bristol|37620|TN|USA|maranda.wendle@example.com|001-423-293-5191,314.867.8462|20150208|HR
3110|Gertrud U Eschner|452 Hidden Oak Pl|Yankton|57079|SD|USA|eschner_gertrud@example.org|331-176-4128|20151123|HR
3111|Ruthie A Kladis|896 Littleton Wy|University Center|48710|MI|USA|ruthieakladis@example.org|5856846759|20180916|HR
3113|Deb J Wrobbel|478 Avd Del Sol|Thetford Center|5075|VT|USA|debjwrobbel26@example.gov|802-951-9418,6718299870,802-528-7302|20161218|HR
3115|Josefa N Duprat|456 Valley Oak Ct|Dublin|31040|GA|USA|josefaduprat@example.org|470-404-5063|20170928|HR
3117|Pricilla Godleski|777 Trevyelon St|Cedar Rapids|52403|IA|USA|pricillagodleski@example.gov|515-120-9024|20130308|HR
3135|Terisa J Purner|173 St Moritz Dr|Dendron|23839|VA|USA|terisapurner@example.gov|7034709859,804-564-3577,5016194351|20121006|HR
3139|Elliot T Ruesga|967 Bradenton Ct|Whittier|90608|CA|USA|elliottruesga@example.org|6060436219|20180614|HR
3159|Michiko Mansilla|1370 Topper Ct|Glen Wilton|24438|VA|USA|michiko-mansilla@example.org|978.443.6433|20150810|HR
3160|Willian S Smyles|591 Fairview Dr|Jonesville|49250|MI|USA|willian.smyles76@example.com|808-226-8908|20150412|HR
3170|Shu Begler|658 Castaic Reservoir Rd|Colony|73021|OK|USA|shu.begler@example.org|701-323-1676,479-652-4560|20170429|HR
3196|Sherell P Baumhardt|305 Santa Rosa Ln|Hunker|15639|PA|USA|sherellbaumhardt@example.org|7242354561,907.234.9110|20171002|HR
3198|Nydia X Tame|736 Montecito Wy|Fairgrove|48733|MI|USA|nydiaxtame@example.gov|810-251-3482|20140707|HR
3207|Verena F Blasser|894 Bridger Ct|Jesse|24849|WV|USA|blasser-verena@example.co.uk|304-726-4170|20180714|HR
3215|Hong I Riddiough|654 Woodpark Ct|Clintwood|24228|VA|USA|riddiough.hong@example.com|804.901.1001|20190113|HR
3228|Tania I Sherar|664 Hillcrest Pl|Cullman|35057|AL|USA|tania.sherar@example.co.uk|205.950.5610|20130604|HR
3236|Carmen B Khaja|384 Timber Pl|Seminole|33775|FL|USA|carmen_khaja@example.gov|352-058-5475|20190313|HR
3240|Kyla I Gunnarsson|290 Via Alcira|Farmington|48332|MI|USA|kylaigunnarsson@example.co.uk|3402709571|20160102|HR
3244|Armida J Carrico|16 Camino Del Arte Dr|Ghent|41045|KY|USA|mavnswqkk@example.co.uk|502.327.2973|20150301|HR
3250|Roxy P Dubuisson|2173 Whitney Cyn Rd|Minerva|12851|NY|USA|roxy.dubuisson@example.gov|7161778121|20120201|HR
3253|Chung C Crittle|406 Beaver Run Rd|Hempstead|11549|NY|USA|chungccrittle@example.org|646-760-5765,320-552-0349|20181209|HR
3254|Usha Z Bellow|70 Stafford Cyn Rd|Dallas|75238|TX|USA|usha_bellow@example.co.uk|936.589.2028|20110614|HR
3258|Luisa P Iberg|362 Beldove Ct|Canton|44709|OH|USA|iberg.luisa@example.org|406.627.1342|20140605|HR
3270|Eusebia Grzenda|689 Kim Ln|China Grove|28023|NC|USA|eusebiagrzenda@example.org|309-414-3475,207.237.1093|20160601|HR
3287|Violet U Antus|1501 Orion Ln|Sparta|49345|MI|USA|violet.antus@example.gov|336-697-9777|20160719|HR
3290|Mickey B Belshe|1689 Riversbridge Wy|Fulton|71838|AR|USA|mickey-belshe@example.org|484-668-9814,870-612-3782|20161205|HR
3293|Yun F Bertschy|3052 Flowerpark Dr|Wagon Mound|87752|NM|USA|yunfbertschy69@example.co.uk|406.416.8544|20180413|HR
3300|Latonia Blackeagle|2603 Saffron Ln|Chelsea|35043|AL|USA|blackeagle_latonia@example.com|334.986.6177,443-677-2388,717-443-4662|20190108|HR
3316|Ginny Y Nardi|82 Woodfield Pl|Ira|50127|IA|USA|ginny-nardi@example.com|670-108-9762|20110407|HR
3321|Gennie L Northover|849 Daniel Dr|Spokane|99213|WA|USA|gennienorthover@example.com|253.230.7426|20190628|HR
3322|Seema R Beighle|883 Ness Dr|Bethlehem|18017|PA|USA|beighle.seema@example.org|8784150085,919-662-4204|20101008|HR
3330|Samuel Z Keeshan|992 Summerhill Ln|Fort Howard|21052|MD|USA|keeshansamuel@example.com|2256540104,667.684.9333,+1.412.408.7338|20190220|HR
3334|Alena Crosta|144 Sunderland Ct|Beaver Crossing|68313|NE|USA|alena_crosta@example.gov|4321276347|20121117|HR
3335|Kate C Janin|576 Via Corto|Oden|71961|AR|USA|katecjanin@example.gov|870.701.7548|20101120|HR
3336|Jin K Saninocencio|830 Clementine Dr|Madison|53779|WI|USA|jin.saninocencio@example.com|262.361.3157,854.773.7866,2082936900|20130914|HR
3352|Yessenia T Voelker|719 Mountain Pk Rd|Aurora|55705|MN|USA|voelker.yessenia@example.com|260-277-6440|20180729|HR
3356|Casandra R Frend|1227 Ramillo Wy|Pittsburgh|15270|PA|USA|casandra_frend@example.org|870-491-4748,207.497.5353|20170730|HR
3358|Genaro L Alderton|601 Via Acorde|Meadville|16388|PA|USA|genaroalderton@example.gov|267.389.5586,4128462974|20110205|HR
3362|Justine A Morser|703 Avd Terraza|Lewisville|71845|AR|USA|justine_morser@example.co.uk|8283227979,5013219078|20170706|HR
3365|Erasmo X Phillipson|1709 High Sierra Trl|Churchville|14428|NY|USA|erasmoxphillipson@example.org|3076837845,9140764997|20100318|HR
3367|Mandie Y Encarnacion|1144 Cape May Ct|Ontario|91764|CA|USA|mandieyencarnacion@example.co.uk|6818156613|20140407|HR
3368|Mikaela Wudtke|812 Danton Ct|Point Pleasant|25550|WV|USA|mikaelawudtke@example.org|3041482788|20151002|HR
3370|Clarita U Pulfer|798 Crest Heights Dr|Eustis|32727|FL|USA|claritaupulfer@example.com|561.472.3366|20130917|HR
3386|Dara H Dills|940 Cavehill Rd|Montpelier|58472|ND|USA|dills-dara@example.org|684-509-8194,6719185086|20150208|HR
3395|Jarod Paparella|467 Tapia Cyn Rd|Middletown|45043|OH|USA|jarodpaparella@example.co.uk|7310978520,2067788983|20120106|HR
3401|Gloria W Passariello|465 Partridge Dr|Ronda|28670|NC|USA|passariello.gloria@example.org|9106406196|20140302|HR
3405|Angela B Health|876 Lupita Dr|Onancock|23417|VA|USA|angela.health@example.org|4345842751,571.354.8096,276-314-6851|20140818|HR
3417|Antonette T Schnare|301 Steinbeck Av|East Waterboro|4030|ME|USA|antonettetschnare@example.gov|671-306-1078|20180613|HR
3418|Wanetta T Kehl|926 Strawberry Pine Ct|Dover|3821|NH|USA|kehl.wanetta@example.org|603.907.3421|20150911|HR
3419|Olinda P Huergo|792 Egret Pl|Pottersville|7979|NJ|USA|huergoolinda@example.com|307-454-8810|20170315|HR
3433|Connie G Brockmiller|957 Flying Tiger Dr|Deer Isle|4627|ME|USA|conniebrockmiller@example.co.uk|2072777499,2071336155|20130708|HR
3436|Fran Romasco|745 Glorioso Ln|Manly|50456|IA|USA|franromasco@example.gov|719.605.3857,563.444.9379|20101019|HR
3437|Jessia C Kohanek|320 Via Amare|Hanover|3755|NH|USA|jessiackohanek@example.org|603-403-1041|20140316|HR
3440|Lurlene A Krish|883 Granger Pl|Tebbetts|65080|MO|USA|lurleneakrish@example.org|6170207130|20150830|HR
3451|Jaye U Delviscio|388 Reade Pl|Breese|62230|IL|USA|delviscio_jaye@example.com|630-721-2919|20150315|HR
3467|Alison X Agerton|1363 Sunbird Ct|Campbellsville|42718|KY|USA|alisonxagerton@example.org|270.646.5268|20121210|HR
3468|Elizabeth Minano|297 Lurie Ct|Atoka|74525|OK|USA|elizabethminano@example.gov|+1.509.247.5433,708.505.7332,580-389-0471|20110915|HR
3469|Lynetta R Vasiloff|785 Arlen Dr|Orlando|32855|FL|USA|lynettavasiloff@example.com|+1-727-635-1095,319.005.8980|20130102|HR
3478|Jerrell W Bruske|87 Nicklaus Dr|White Hall|71602|AR|USA|jerrell-bruske@example.co.uk|479-687-5979|20161124|HR
3481|Reginia R Centofanti|452 Cardwick Ct|Wheaton|60189|IL|USA|centofanti.reginia@example.org|847-549-3660|20121010|HR
3485|Bobette Valenti|427 Vista Fairways Dr|Glover|5839|VT|USA|valenti_bobette@example.org|747.504.3229|20141206|HR
3493|Tomasa V Bodrey|134 Prairie Ln|Pierrepont Manor|13674|NY|USA|tomasavbodrey@example.com|304.898.5027|20160720|HR
3502|Karri M Tatu|562 Seasoned Rd|College Grove|37046|TN|USA|tatu.karri@example.gov|615.441.2995|20191110|HR
3512|Gerda Gilliland|145 Farrell Rd|Wichita|67223|KS|USA|gilliland_gerda@example.org|732-063-0845|20160207|HR
3515|Catina K Clements|1973 Gate Rd|Alexandria|22331|VA|USA|clements.catina@example.co.uk|434.138.1771|20140826|HR
3547|Adriana S Luecker|1085 Saratoga Wy|Duluth|55804|MN|USA|adriana.luecker@example.co.uk|+1.302.405.8329|20171130|HR
3550|Mira P Doroff|2261 Via Valentina|Holy Trinity|36859|AL|USA|mirapdoroff@example.org|2054848968|20190719|HR
3599|Evonne R Bille|1120 13th Pl|Cleveland|44191|OH|USA|evonnerbille@example.com|0013305486530|20170318|HR
3609|Parker X Cornelis|846 Ash Ct|Phoenix|85043|AZ|USA|parker-cornelis@example.org|520.927.6561|20200127|HR
3617|Jeannine S Reading|1394 Mapleleaf Ct|Barry|62312|IL|USA|jeanninesreading@example.com|779.662.5008,435.283.6478|20130922|HR
3621|Pamula A Lehto|93 Honiton Av|Danbury|6813|CT|USA|pamulaalehto@example.co.uk|6152435663|20100915|HR
3636|Nakia Ulep|272 Heartwood Ct|Bailey|27807|NC|USA|ulep_nakia@example.gov|931.992.6190|20171109|HR
3643|Chang E Lukac|1137 Winslow Pl|Rupert|25984|WV|USA|lukac_chang@example.com|920-776-8933,2072824121|20160122|HR
3650|Nick T Paguia|384 Norland Rd|Marion|71260|LA|USA|nickpaguia@example.com|475-814-0148|20121217|HR
3653|Nathalie Bodtke|2555 Luther Dr|Redford|12978|NY|USA|nathaliebodtke@example.com|6789042534|20150427|HR
3672|Dale M Materia|553 Taft Ct|Springfield|19064|PA|USA|dalemmateria@example.gov|5706816587|20160710|HR
3684|Hermine Mchorney|165 Stallion Pl|Benton City|65232|MO|USA|herminemchorney@example.com|314.316.7106|20120122|HR
3688|Winfred B Afalava|857 Burgandy Crossing Ln|Argillite|41121|KY|USA|winfredbafalava@example.org|860.172.4515,+1-270-015-1336|20181208|HR
3695|Chet Theodoridis|420 Sam Pl|Roxbury|4275|ME|USA|chettheodoridis@example.gov|3640152089|20150406|HR
3702|Stepanie A Schrickel|179 Milliken Dr|Pleasant Grove|95668|CA|USA|schrickel_stepanie@example.gov|415-758-1430|20140308|HR
3719|Audrey Y Semidey|2364 Potter Pl|Callahan|32011|FL|USA|semidey_audrey@example.co.uk|660.535.5342,804.704.9440|20160323|HR
3720|Dwayne Vibert|639 Oak Spring Cyn Rd|Dayton|45419|OH|USA|dwaynevibert@example.co.uk|614.771.2357,671-299-1033|20140608|HR
3732|Melissia O Fickling|32 Suzanne Ln|Paris|75460|TX|USA|melissiaofickling@example.gov|4698771939|20140423|HR
3740|Melisa Y Ahrend|1533 Luss Dr|Harrison|48625|MI|USA|melisa-ahrend@example.co.uk|517-590-4659|20100830|HR
3745|Luella E Hazelbaker|33 Beale Ct|Lowell|32663|FL|USA|luella_hazelbaker@example.co.uk|702-005-3393|20160517|HR
3750|Kristie C Yaklin|815 Singing Hills Dr|Hamden|6514|CT|USA|yaklinkristie@example.gov|623.845.7164|20171205|HR
3751|Kamala L Borst|55 Camino De Cielo Dr|Falcon|65470|MO|USA|yfsktmrmks@example.gov|816-396-4401,410.517.6323,850.710.4868|20101205|HR
3759|Catheryn N Drabek|1437 Kinglet Pl|Malcolm|68402|NE|USA|catherynndrabek@example.gov|402-032-0271|20110427|HR
3772|Kris R Southward|255 Juneda Dr|Eielson AFB|99702|AK|USA|krissouthward@example.co.uk|4069827696,907-281-1434,907.355.9999|20110416|HR
3775|Carmine Q Sheiman|1157 Cariz Dr|West Linn|97068|OR|USA|sheiman.carmine@example.gov|502.439.7426,971.104.9482,3186942141|20120414|HR
3779|Shanda C Karbach|1039 Devonshire Ct|Wakefield|49968|MI|USA|shanda-karbach@example.gov|340-482-7129|20150411|HR
3785|Mauro L Tabuchi|590 Vista Fairways Dr|Sioux Falls|57110|SD|USA|tabuchi.mauro@example.gov|208.899.8091|20101114|HR
3786|Ta B Villasenor|540 Spring Cyn Rd|Luzerne|48636|MI|USA|tabvillasenor@example.com|2020700790|20170723|HR
3788|Rosalba S Philson|167 Santa Maria Dr|Panama City|32406|FL|USA|philson-rosalba@example.co.uk|727-551-0153|20191222|HR
3796|Solomon L Karafa|768 Pashley St|Stuarts Draft|24477|VA|USA|solomonlkarafa@example.com|+1.804.146.8198|20120807|HR
3803|Lianne G Schwartzbauer|1391 Chesterfield Dr|Shobonier|62885|IL|USA|lianne_schwartzbauer@example.gov|7734479115,202-042-7076,7082163908|20180220|HR
3804|Blythe Flatgard|1721 Rio Norte Dr|Toronto|43964|OH|USA|flatgardblythe@example.org|629.289.2566|20161005|HR
3813|Vern D Tart|961 Avd De Estrella|Onida|57564|SD|USA|tart-vern@example.org|7192629388|20190929|HR
3824|Paulita X Tuma|1918 Oak Plaza Ct|Polk|16342|PA|USA|tumapaulita@example.com|215-118-3775|20181126|HR
3826|Delicia G Gubbins|249 Tampico Dr|Richmond|94804|CA|USA|gubbins_delicia@example.gov|7652106136|20181215|HR
3827|Melodi W Keyser|591 Davenport Rd|Cambridge|2238|MA|USA|melodiwkeyser@example.co.uk|9197212552|20130807|HR
3848|Jennifer Gombas|435 Myrtle Wy|Kalispell|59902|MT|USA|gombas.jennifer@example.com|406-800-4571,4060751130|20130402|HR
3850|Reba U Swell|109 Corsica Pl|Perryman|21130|MD|USA|rebauswell@example.com|458-744-8524,240-007-3461|20110306|HR
3851|Shirly U Socia|401 Myrin Ct|West Palm Beach|33413|FL|USA|socia-shirly@example.gov|305-623-7227|20170818|HR
3855|Abigail Y Alhaj|478 Barnett Ln|Rule|79547|TX|USA|abigail_alhaj@example.org|4324196002,972.343.0266|20180731|HR
3856|Oneida N Gatter|2210 Timber View Ct|Fitzpatrick|36029|AL|USA|oneidangatter@example.org|2561701938|20190123|HR
3857|Jacquelyn Y Heisman|593 Trent Wy|Beggs|74421|OK|USA|heisman.jacquelyn@example.gov|5394745292,414-711-5065,580.212.7607|20100619|HR
3865|Rocio X Bardin|534 Manzanita Ln|Saint Louis|63118|MO|USA|rocioxbardin@example.gov|6360355713|20100117|HR
3878|Doreen V Kessie|341 Liverpool Ct|Sacramento|94244|CA|USA|doreenvkessie@example.com|208.502.0762|20171127|HR
3888|Jana L Miccio|629 Mariposa Pl|Oakdale|11769|NY|USA|janalmiccio@example.co.uk|001-860-178-8415|20171011|HR
3893|Teodora Y Mcelhaney|1150 Figueroa St|Haymarket|20169|VA|USA|teodoramcelhaney@example.gov|743-314-1642|20180619|HR
3894|Dexter Menezes|690 Christie Ct|McMinnville|97128|OR|USA|dexter-menezes@example.gov|340.828.9759,9711895223|20190804|HR
3896|Leatha N Glushko|1946 Alamos Ln|Honolulu|96809|HI|USA|leatha.glushko@example.co.uk|684-719-7042|20171010|HR
3897|Elina J Hendel|1167 Deerfield Ln|Palo Verde|92266|CA|USA|hendel-elina@example.gov|8727184501|20181207|HR
3906|Marlon Z Kisker|989 Henley Wy|Oklahoma City|73153|OK|USA|marlonzkisker@example.co.uk|8088063541,404-218-8149,712-733-0419|20190704|HR
3914|Sina C Shangreaux|61 Pickford Pl|Stratford|6614|CT|USA|sinacshangreaux@example.co.uk|904-085-1536|20180730|HR
3920|Matthew Q Rissel|995 Candice Ct|Kipton|44049|OH|USA|matthewqrissel@example.com|740-467-0606,419-146-4334|20120322|HR
3939|Suzette D Cravatta|787 Shelley Pl|Fort Lauderdale|33310|FL|USA|suzettedcravatta@example.com|401.327.6840|20141114|HR
3940|Shannon G Kotila|1296 Willowbrooke Ct|Black River|13612|NY|USA|shannongkotila@example.gov|319.419.7078|20110626|HR
3949|Stefan L Inbody|313 Piazza Di Sarro|Washington|20550|DC|USA|stefanlinbody@example.org|202-284-3786|20150907|HR
3963|Sheri Bizzaro|721 Northbrooke Ln|Inglis|34449|FL|USA|sheri_bizzaro@example.gov|386-364-4595|20190928|HR
3992|Johnathan Cream|1819 Fallen Oak Ct|Wishek|58495|ND|USA|johnathancream@example.org||20161127|HR
3994|Noe G Depot|1057 Fairweather St|Ridgeway|24148|VA|USA|noegdepot@example.org|4024186557|20141016|HR
4011|Carolin N Simshauser|1622 Plymouth Rd|Gruetli Laager|37339|TN|USA|carolinsimshauser@example.co.uk|662-499-2403|20190227|HR
4022|Carla H Brugge|692 Paragon Dr|Corona|92882|CA|USA|carla_brugge@example.co.uk|701-819-2991|20100806|HR
4024|Wen Z Labao|456 Santa Clara Truck Trl|Millbrook|60536|IL|USA|labaowen@example.org|312.176.8018,5080432218|20111024|HR
4029|Kaley Z Garley|634 Picadilly Pl|Sandy Hook|23153|VA|USA|kaley.garley@example.gov|5404554304|20140615|HR
4032|Annette Bud|868 Coronado Ct|Round Mountain|89045|NV|USA|annettebud@example.gov|725-560-6550|20130606|HR
4033|Troy G Hoerig|1481 Beaver Run Rd|Buxton|58218|ND|USA|troyhoerig@example.gov|3853814769|20170726|HR
4045|Petrina R Barnidge|183 Poseidon Ln|Arnoldsburg|25234|WV|USA|petrina_barnidge@example.gov|304.015.8651,304-053-9064,681-886-9421|20120529|HR
4051|Gerry C Regan|178 Oak Hill Ct|Bristol|37621|TN|USA|gerrycregan@example.com|575-969-0785|20121102|HR
4071|Rachele Arnowitz|2241 Crystal Heights Ct|Duryea|18642|PA|USA|csors@example.org|6032757708|20200211|HR
4080|Marvis T Ransbottom|584 Karie Ln|Burlingame|94011|CA|USA|marvisransbottom@example.co.uk|6570155554,3344642539|20121025|HR
4082|Luis A Merkling|330 Pine St|Anniston|36204|AL|USA|merkling_luis@example.com|2513245612|20161017|HR
4092|Cordie R Zerda|615 Gray Ln|Birmingham|35298|AL|USA|cordie_zerda34@example.org|938.185.6635|20181011|HR
4097|Cinthia N Gini|391 Darter Dr|Dravosburg|15034|PA|USA|cinthia_gini@example.gov|4848232448|20181115|HR
4101|Agnes M Portell|305 Canyon Heights Cr|Eagleville|64442|MO|USA|portell_agnes@example.org|702.914.3200,603-767-7873|20141227|HR
4102|Kimbery Y Czekanski|182 Heather Knolls Pl|Palomar Mountain|92060|CA|USA|kimberyczekanski@example.org|4022327134,+1.559.326.4508,9518299235|20140823|HR
4123|Willian V Galbo|922 Parkwood Ln|Delhi|71232|LA|USA|willianvgalbo@example.com|2167354095|20110605|HR
4133|Elijah L Lasater|698 Noelle Wy|Memphis|38161|TN|USA|elijahllasater@example.co.uk|312-222-8094,684-325-1167|20140508|HR
4152|Andrea Kroger|825 6th St|Hartselle|35640|AL|USA|krogerandrea@example.com|539.331.2111|20180301|HR
4155|Bridget R Kales|436 Potrero Cyn Rd|Independence|97351|OR|USA|qmjrtz@example.co.uk|425-652-1962|20110429|HR
4178|Ka D Vitellaro|105 Homestead Pl|Fayette|84630|UT|USA|kavitellaro@example.com|8014170926|20190924|HR
4186|Lamonica Bagin|878 Mapleleaf Ct|Ballouville|6233|CT|USA|lamonica-bagin@example.gov|203-155-8997|20120509|HR
4200|Tiffani U Opdyke|931 Brookdale Ln|Hillsboro|45133|OH|USA|tiffaniuopdyke25@example.co.uk|220-672-1145|20191115|HR
4203|Danuta J Waligura|589 Corales Pl|Zion|60099|IL|USA|waliguradanuta@example.co.uk|4054936615,207-322-0580,234-355-3162|20130309|HR
4206|Jolene Goodnite|384 Redstart Ct|Falls Church|22043|VA|USA|goodnite.jolene@example.gov|6707128224|20100330|HR
4213|Clemmie K Smeck|453 Gaucho Ct|Nenzel|69219|NE|USA|clemmieksmeck@example.org|270.471.0531,308.942.2463|20130924|HR
4219|Lizabeth M Olfers|598 Madison St|Vidor|77670|TX|USA|lizabethmolfers@example.com|2142363082,9791507671,907.171.4258|20181114|HR
4235|Gregory M Dremann|562 Barfield Dr|New Harmony|84757|UT|USA|gregory_dremann17@example.co.uk|4356542861|20140501|HR
4243|Willetta Q Papstein|137 Brooks Cr|Bridgeton|63044|MO|USA|willettaqpapstein@example.co.uk|7604839980|20190326|HR
4249|Vincenza L Ping|1893 Oak Cr|North Aurora|60542|IL|USA|vincenzalping@example.gov|+12174077385|20120716|HR
4267|Shawnda T Morie|1482 Liverpool Ct|Lick Creek|41540|KY|USA|morieshawnda@example.com|606-987-2985,859.932.9730,606-692-9314|20140505|HR
4273|Demetria F Vivona|31 Brighton Ln|Atlanta|30306|GA|USA|vivona_demetria@example.gov|762-520-8108,2029669712|20140821|HR
4277|Suzan Davidov|224 Acacia Ct|Higden|72067|AR|USA|suzan-davidov@example.com|501-554-4723,859.663.4996|20170730|HR
4286|Latricia Prucha|598 Flower Fields Av|Surprise|85374|AZ|USA|latricia.prucha@example.com|602.821.1657,6238574821|20180923|HR
4291|Lavonia Cordel|1197 Atwood Blvd|Silver Grove|41085|KY|USA|lavonia-cordel@example.co.uk|859-412-9238|20111111|HR
4293|Tenesha C Szmyd|2408 Eternal Valley Fire Rd|Baton Rouge|70816|LA|USA|teneshacszmyd@example.co.uk|504.047.8218|20120601|HR
4296|Darcy Debutts|140 Maged Ct|Accord|12404|NY|USA|debuttsdarcy@example.gov|9078101071|20130826|HR
4303|German S Telkamp|112 Winslow Ct|Goleta|93199|CA|USA|germantelkamp@example.co.uk|914.682.4183,4248186175|20190602|HR
4309|Marquetta Ghanim|903 Black Oak Dr|Kenmare|58746|ND|USA|ghanim_marquetta@example.org|7010835620|20170401|HR
4313|Katlyn K Senser|1277 Howard Marie Ct|Corona|92879|CA|USA|katlynksenser@example.com|6191796097|20161104|HR
4331|Emilia Gurecki|845 Woodfield Pl|Oglesby|76561|TX|USA|gurecki.emilia@example.gov|775.942.2590,346-108-5548,6820635757|20160608|HR
4333|Jackelyn Golemon|159 Darter Dr|Santa Barbara|93105|CA|USA|golemonjackelyn@example.com|415.178.0901|20120815|HR
4335|Roseanna P Lenardson|194 Channel Rd|Broomfield|80038|CO|USA|roseannaplenardson@example.gov|458.064.8693|20190419|HR
4346|Milan D Jubilee|312 Copperstone Dr|Latexo|75849|TX|USA|milandjubilee@example.co.uk|281.255.0124|20141015|HR
4350|Carly N Tvrdik|85 Kenneth Pl|Isle|56342|MN|USA|tvrdikcarly@example.co.uk|340-421-9127|20140515|HR
4353|Omer I Schulgen|895 Kay Dr|Nags Head|27959|NC|USA|omer_schulgen@example.gov|9102195368|20150210|HR
4361|Waldo Q Sinesi|1173 Timon Ln|Wendel|96136|CA|USA|waldoqsinesi@example.co.uk|3230493409,562-213-0696,3048342178|20181004|HR
4367|Betsey P Nikolich|754 Parklane Wy|White Owl|57792|SD|USA|betseypnikolich@example.gov|605.625.9264|20140710|HR
4381|Celina H Clevenstine|1496 Avignon Dr|Madison|53704|WI|USA|clevenstine_celina@example.org|980-335-4201|20101019|HR
4399|Yaeko M Veasy|387 Gilbert Dr|Winston Salem|27198|NC|USA|veasy.yaeko@example.org|+1.220.048.7394|20160126|HR
4409|Rolanda M Rozman|1932 Sunrise Summit Dr|Louisville|40205|KY|USA|rozmanrolanda@example.co.uk|984-480-7648|20190309|HR
4422|Lawerence I Jardel|693 Jasper Ct|Andover|1810|MA|USA|lawerenceijardel@example.co.uk|5080653189,978-063-1700|20140219|HR
4444|Particia S Erling|1649 Dunsmore Pl|Rollinsford|3869|NH|USA|particiaserling@example.co.uk|520.468.3012,762.102.9377|20160613|HR
4452|Tiesha L Coomber|580 Banjo Cr|Covington|30014|GA|USA|tiesha.coomber@example.co.uk|470-488-4105|20100219|HR
4468|Keiko Zschokke|908 Hideout Ct|Durham|27717|NC|USA|keikozschokke@example.co.uk|267-750-8959|20180624|HR
4471|Kyle F Pannone|1461 Harwick Pl|Houghton|14744|NY|USA|kyle_pannone@example.gov|670-386-4945|20200108|HR
4480|Leonora S Fettkether|655 Glendower Ct|Ulmer|29849|SC|USA|fettkether_leonora@example.co.uk|843-120-0998|20110709|HR
4508|Wilfredo Jados|1071 Santa Clara Truck Trl|Philadelphia|19145|PA|USA|jadoswilfredo@example.gov|254-405-2322|20190114|HR
4510|Mabel F Gaer|1552 Majestic Ct|Tiller|97484|OR|USA|mabel.gaer@example.org|4580303322|20100622|HR
4514|Brooks V Detwiller|466 La Madrid Dr|Chunchula|36521|AL|USA|detwiller_brooks@example.org|2512088320|20180428|HR
4521|Hermelinda S Pilat|418 Pepperidge Dr|Henderson|89015|NV|USA|hermelinda.pilat@example.co.uk|843.807.6722,667-968-4926,725.936.6197|20100126|HR
4523|Loreta P Cisna|280 Fairway Ln|Perris|92571|CA|USA|loreta.cisna@example.com|5593136609|20100821|HR
4528|Jackqueline F Hinh|522 Mariposa Pl|San Diego|92190|CA|USA|hinh_jackqueline@example.com||20170626|HR
4535|Kaleigh Dicarlantonio|1651 Applewood Ln|Seymour|6483|CT|USA|kaleighdicarlantonio@example.gov|2036692726|20100901|HR
4582|Leopoldo I Villon|356 Los Pinetos Water Tank Rd|Climax Springs|65324|MO|USA|villonleopoldo@example.com|801.336.9250,3142288137,6608115144|20131107|HR
4586|Leia Fahl|521 Elias Av|Akiachak|99551|AK|USA|leiafahl@example.gov|9712077773|20140305|HR
4588|Tomeka J Seib|697 Amberley Wy|Sacramento|94283|CA|USA|tomeka-seib@example.org|0013199665847|20191226|HR
4589|Celena D Mudie|953 Autumn Pl|Gray|50110|IA|USA|celena.mudie@example.com|641-137-1515,574-899-5054|20120924|HR
4593|Karisa N Jolles|320 Staten Pl|Akiak|99552|AK|USA|jolleskarisa@example.com|907-511-2968,754-058-0513|20190422|HR
4595|Chiquita W Donohoo|305 13th St|Hays|59527|MT|USA|donohoo_chiquita@example.gov|406.094.5487|20120808|HR
4599|Queen J Palaniuk|786 Rio Lobo Wy|Crystal Springs|39059|MS|USA|queen-palaniuk@example.com|769-150-9791|20190130|HR
4604|Vanessa Deziel|1179 Wild Oak Dr|Scioto Mills|61076|IL|USA|vanessadeziel@example.org|815.232.4843|20191123|HR
4608|Abel Bayati|474 Cabrillo Ln|Hatton|58240|ND|USA|abelbayati@example.org|7017552261|20120821|HR
4618|Keith W Lamberton|496 Stillmore St|Camillus|13031|NY|USA|keith_lamberton@example.gov|731-276-5420|20160227|HR
4623|Merissa Kurdi|109 Flatwater Ct|Anchorage|99523|AK|USA|merissakurdi@example.gov|907.172.3644|20141227|HR
4639|Jeromy H Edu|351 Caraway Ln|Washington|20577|DC|USA|edu_jeromy@example.gov|2021173156|20171003|HR
4640|Lillia Hopkin|1140 Delden Rd|Atlanta|30365|GA|USA|lillia_hopkin@example.org|847.321.5377|20120224|HR
4656|Albertine Ayan|755 Shadylane Pl|Atlanta|71404|LA|USA|albertineayan@example.org|985-569-7270|20150823|HR
4659|Katina F Aung|1203 Rob Roi Ct|Chicago|60646|IL|USA|katinafaung@example.com|787.904.6279|20140317|HR
4668|Thomasine J Griswell|273 Lisa St|Lambertville|48144|MI|USA|thomasine_griswell@example.com|9891298311,734.641.9929|20140415|HR
4669|Rosalee D Hageness|1199 Avocado Ln|Westfield|5874|VT|USA|rosalee.hageness@example.co.uk|802.947.5893,802.547.9539|20190801|HR
4678|Shayne B Kuljanin|843 Pinto Pl|Evansville|47739|IN|USA|kuljaninshayne@example.gov|574-920-9753|20120102|HR
4680|Ronald Z Boulding|847 Sky View Ct|Akron|44303|OH|USA|ronaldzboulding@example.org|440.886.7687,6142600293|20180218|HR
4684|Wilton Gorbet|168 Vasquez Cyn Rd|Minneapolis|55401|MN|USA|wilton_gorbet@example.gov|2182566660|20190806|HR
4715|Clarence Y Harvat|658 Blue Spruce Pl|Simsbury|6070|CT|USA|harvat_clarence40@example.com|860-547-7147|20190112|HR
4737|Ileen Lingel|131 Pyramid Peak Dr|Lawley|36793|AL|USA|lingelileen@example.org|256.482.3275|20100712|HR
4769|Thi T Tonarelli|1257 Johnson Rd|East Saint Johnsbury|5838|VT|USA|tonarelli-thi@example.co.uk|8020031597|20180419|HR
4770|Olen Y Herko|32 Hillcrest Pkwy|Modale|51556|IA|USA|olen-herko@example.com|701-710-3654,828-395-6460|20171230|HR
4783|Sanora Izor|1003 Pantina|Lancaster|93534|CA|USA|sanoraizor@example.gov|415-926-9282|20170204|HR
4800|Rosann V Perakis|292 Lea Ct|Escatawpa|39552|MS|USA|rosannvperakis@example.co.uk|3032690259,769-330-1765|20181003|HR
4801|Viva M Rubinetti|139 Greensleeves Ct|Hat Creek|96040|CA|USA|viva-rubinetti@example.com|3202512791|20160826|HR
4802|Antoine Q Frohlich|1709 Abordo Dr|Brookline Village|2447|MA|USA|antoineqfrohlich@example.org|7747408320|20180427|HR
4807|Loreta Dwyer|1540 Gardenia|Fort Lauderdale|33317|FL|USA|loretadwyer@example.gov|305-918-3051|20150827|HR
4816|Betsey E Waterous|1039 Stonington Ln|Philadelphia|19147|PA|USA|betsey.waterous@example.org|954.772.3283|20190624|HR
4818|Betsey E Waterous|1039 Stonington Ln|Philadelphia|19147|PA|USA|waterous.betsey@example.org|501.836.0693,830-553-7368|20160123|HR
4820|Larry N Grubbe|2576 Mendoza Dr|Fort Calhoun|68023|NE|USA|larrygrubbe@example.gov|503-803-7030|20190129|HR
4824|Georgene Mcneish|547 Eagle Ln|Belton|29627|SC|USA|georgene-mcneish@example.co.uk|3394152969|20161014|HR
4827|Rusty R Schiemer|304 Cape Jasmine Rd|Lester|25865|WV|USA|rusty-schiemer@example.org|6814332222|20151113|HR
4828|Rusty R Schiemer|304 Cape Jasmine Rd|Lester|25865|WV|USA|rusty-schiemer@example.co.uk|001-480-730-8825|20190103|HR
4829|Rusty R Schiemer|304 Cape Jasmine Rd|Lester|25865|WV|USA|rustyrschiemer@example.co.uk|681.532.2806|20190602|HR
4834|Russel Poulose|1213 Lincoln Av|Longdale|73755|OK|USA|russelpoulose@example.co.uk|539-555-8842|20190223|HR
4837|Shonda Morriston|761 Firebrand Dr|Troy|38260|TN|USA|morriston_shonda@example.org|9016802080|20120910|HR
4838|Shonda Morriston|761 Firebrand Dr|Troy|38260|TN|USA|shondamorriston@example.org|865.043.0119|20130901|HR
4840|Katelynn E Hafemeister|330 Cerezo Ct|Sand Creek|54765|WI|USA|katelynn.hafemeister@example.gov|715-882-7188,406.491.8868|20160101|HR
4844|Jerri Charleson|2274 Indian Wells Cr|Anahuac|77514|TX|USA|charleson-jerri@example.gov|3346333239|20190724|HR
4851|Ron Lonie|1403 Franks Wy|Cherokee|73728|OK|USA|lonie.ron@example.com|340.032.7478|20111103|HR
4862|Miguelina Hassel|830 Av Hopkins|Columbia|65202|MO|USA|hassel-miguelina@example.com|302.224.1170|20171229|HR
4864|Olinda D Bohart|101 Valley Point Ln|Punta Gorda|33951|FL|USA|bohart-olinda@example.co.uk|754-195-6009,406.144.0984|20190528|HR
4871|Danial Pannucci|589 Gaucho Ct|Seaforth|56287|MN|USA|pannucci.danial@example.gov|507-806-3513|20141211|HR
4873|Arlen C Mandina|1076 Honiton Av|Harrod|45850|OH|USA|arlen_mandina@example.org|5675174008|20180221|HR
4878|Dominique O Mahar|327 Buckeye Ct|East Irvine|92650|CA|USA|dominiqueomahar@example.gov|7470453556|20161007|HR
4883|Hunter Q Merrihew|973 Saddleback Ridge Rd|Birmingham|35277|AL|USA|hunterqmerrihew96@example.org|3346378393,208-478-6521,670-120-6861|20110428|HR
4894|Theodore S Clavelle|1165 Baldwin Pl|Washington|20337|DC|USA|theodoreclavelle@example.com|2021348387,8439882229|20181130|HR
4898|Annabell Roetker|510 Timberlane Ct|Amarillo|79165|TX|USA|roetker.annabell@example.co.uk|503-175-3957|20171204|HR
4900|Arden F Mailander|575 Nolte Ct|Great Mills|20634|MD|USA|fgdjnr@example.co.uk|3400541428,360.690.7507,240-033-1457|20181119|HR
4906|Izetta J Guenard|1011 Market St|South Cle Elum|98943|WA|USA|izettajguenard@example.org|7658916541,206-081-1073|20131017|HR
4908|Murray H Rosenlof|1620 Drake Pl|Buffalo|14267|NY|USA|rosenlof.murray@example.gov|332-533-2131,6039095409,+15162786736|20180303|HR
4915|Roni Flakus|1172 Charlie Ct|Catawba|29704|SC|USA|flakus-roni@example.org|8436208386|20191201|HR
4921|Robyn I Mione|1354 Raintree Ln|Washington|20204|DC|USA|robynimione@example.gov|571-007-8692|20161202|HR
4932|Bettina Q Wooddell|1014 Backer|Ola|83657|ID|USA|bettinawooddell@example.co.uk|419-443-7236|20190129|HR
4938|Alvaro S Nisi|147 Amor Walk|Brockton|2302|MA|USA|alvarosnisi@example.com|8577181179|20101125|HR
4944|Delmar Liuzzo|705 Aparri Av|Koosharem|84744|UT|USA|delmar-liuzzo@example.com|6036267799|20190219|HR
4951|Elsa W Jabusch|412 Lowridge Pl|Atlanta|30336|GA|USA|elsa_jabusch@example.gov|770.415.6216,6067666467|20160528|HR
4954|Tracy Forneris|1189 Via Bordeaux|Portsmouth|23703|VA|USA|tracyforneris@example.com|7039014212|20190821|HR
4966|Erna P Cenname|1057 Highspring Av|Leavenworth|98826|WA|USA|cenname.erna@example.gov|602-419-8936|20190218|HR
4972|Loyce L Imran|423 Rocket Rd|North Lawrence|44666|OH|USA|loyce.imran@example.gov|330-159-4018,203.117.8159|20170329|HR
4979|Roxy P Dubuisson|2173 Whitney Cyn Rd|Minerva|12851|NY|USA|roxydubuisson@example.gov|3239726964|20190106|HR
4984|Jules C Schohl|851 Masterson Ct|Bakers Mills|12811|NY|USA|jules_schohl@example.gov|2521470407,516.764.1656|20160605|HR
4986|Valentina D Khalaf|871 Lupine St|Dugway|84022|UT|USA|valentina-khalaf@example.gov|907-949-4885|20161228|HR
4988|Al Naberhaus|479 Golden Willow Wy|Buckland|99727|AK|USA|naberhaus-al@example.com|9077720001|20190517|HR
4992|Evonne R Bille|1120 13th Pl|Cleveland|44191|OH|USA|billeevonne@example.gov|860.610.2004,+1.216.872.0921,440.788.0928|20170727|HR
4995|Yulanda J Jussila|992 Mikhail St|Norge|23127|VA|USA|jussila-yulanda@example.gov|540.431.2408|20190317|HR
4999|Kylie I Wockenfuss|1181 Podd Ct|Reagan|38368|TN|USA|kylieiwockenfuss@example.co.uk|479.745.5976|20171224|HR
5001|Kylie I Wockenfuss|1181 Podd Ct|Reagan|38368|TN|USA|kylieiwockenfuss@example.com|8654779908|20180222|HR
5005|Jennifer Gombas|435 Myrtle Wy|Kalispell|59902|MT|USA|gombas-jennifer@example.gov|4064107625|20170227|HR
5006|Jennifer Gombas|435 Myrtle Wy|Kalispell|59902|MT|USA|jennifergombas@example.org|406-128-1162,701.166.2152|20150912|HR
5022|Drew X Jaindl|456 Hasley Cyn Rd|Burnside|62318|IL|USA|drew-jaindl@example.com|618-728-2691|20190603|HR
5027|Brendan B Gatehouse|38 Via Gavola|Houston|77236|TX|USA|ngsxuo@example.org|281.811.6606|20130301|HR
5029|Theresia N Geiser|2057 Serra Ln|Falconer|14733|NY|USA|theresia_geiser@example.co.uk|878-456-9949|20190922|HR
5041|Alexandria F Rolleston|1724 Elm Ct|Thomas|73669|OK|USA|rolleston.alexandria@example.org|540-650-8852,681.201.6863|20150831|HR
5042|Genna Paddock|1021 Rio Prado Dr|Depew|14043|NY|USA|paddock_genna@example.gov|929-683-5988|20190927|HR
5052|Karissa Natoli|1404 Pine Cove Cr|Sharon|16146|PA|USA|natoli.karissa@example.org|671-085-3491,+1-401-826-8210|20181128|HR
5071|Alessandra T Wegele|342 Akins Ct|Alden|50006|IA|USA|wegele_alessandra@example.gov|712.560.8820|20190825|HR
