1|Sam J Rehbein|952 Bond Ct|Phoenix|85010|AZ|USA|rehbeinsam@example.org|520.894.1258|20120402|IT
10|Rosanne S Halfman|808 Carmelita Dr|Streetman|75859|TX|USA|rosannehalfman@example.co.uk|802.733.1600,469-489-6781|20140206|IT
12|Dorla S Lanpher|277 Edison Rd|Boise|83725|ID|USA|lanpher.dorla@example.co.uk|802-778-8599|20101011|IT
34|Jackqueline I Bowry|670 Farmington Ln|Gretna|68028|NE|USA|jackqueline-bowry@example.co.uk|308.657.6826|20160920|IT
39|Bonita B Pulvirenti|430 Heather Ln|Los Angeles|90007|CA|USA|pulvirenti_bonita@example.co.uk|208-516-0379|20141002|IT
57|Jacquelyn P Heitzinger|698 Vista Del Canon|Red Lodge|59068|MT|USA|heitzinger.jacquelyn@example.co.uk|4066763018|20170923|IT
63|Delsie Buday|833 Festividad Dr|Stebbins|99671|AK|USA|buday_delsie@example.co.uk|907.244.8049,907.817.8443|20191109|IT
76|Keshia B Rennier|24 Oak Av|Lawrence|1840|MA|USA|keshia-rennier@example.co.uk|774-715-8882|20190705|IT
77|Chelsey M Jakubowicz|824 Locust Ridge Cr|Glenwood|14069|NY|USA|chelsey.jakubowicz@example.org|757.379.2117|20111221|IT
80|Raylene G Teusch|244 Camino Arena|Cooperstown|13326|NY|USA|raylenegteusch@example.gov|516.691.4886|20120105|IT
83|Rhona Addiego|1858 Holmes Pl|Unionville|44088|OH|USA|addiegorhona@example.org|5394794985|20150618|IT
85|Jerrie Flicek|1268 White Pine Pl|Westerville|68881|NE|USA|jerrieflicek@example.org|402.903.4857|20100406|IT
86|Blanca M Piazzola|180 Monterey Pines Ln|South Lebanon|45065|OH|USA|blancampiazzola@example.com|2295566440,603.181.3720|20121120|IT
109|Aurora Z Wadler|957 Sorrento Ct|Cut Off|70345|LA|USA|aurora.wadler@example.org|985.663.5378|20141009|IT
114|Sina X Mance|71 Barbacoa Dr|Carrollton|35447|AL|USA|mance_sina@example.co.uk|684-589-9809,2519944821,7025581322|20190111|IT
150|Chi A Klopp|651 Rupert Ln|Elkhart|46514|IN|USA|klopp.chi@example.gov|9182100463|20140419|IT
185|Mimi R Lambard|1221 Magnolia Glen Dr|Parshall|80468|CO|USA|mimi-lambard@example.com|720-098-5070,787.746.0623|20150901|IT
224|Elna F Dremel|702 Royal Rd|El Sobrante|94803|CA|USA|elnafdremel@example.gov|3393929108|20111227|IT
225|Arlen Q Leith|203 Croco Pl|Nimrod|56478|MN|USA|arlenqleith@example.co.uk|+1-208-323-5025|20190704|IT
233|Anthony P Burdzy|734 Citrine Ct|Santa Barbara|93111|CA|USA|burdzy.anthony@example.org|2095551142,909-445-2595,605.772.3977|20180608|IT
235|Nakesha Z Suver|427 Firenze Ct|Upper Jay|12987|NY|USA|suver.nakesha@example.co.uk|207-969-5422,347-706-3329,+1-202-283-0409|20150322|IT
238|Donnette W Thobe|1522 Elizabeth Wy|Marlette|48453|MI|USA|donnettewthobe@example.org|906.583.3394,641-324-1908|20171109|IT
256|Wendie C Branda|463 Sunrise View Pl|Shreveport|71134|LA|USA|wendiecbranda@example.gov|207.870.3592,865-067-1272|20170801|IT
259|Suzan Z Karlowski|334 Watson Cr|Caledonia|63631|MO|USA|suzanzkarlowski@example.co.uk|417.829.4608,3147186458|20110624|IT
267|Josefa F Sickles|633 Gaucho Ct|Muncie|47304|IN|USA|josefafsickles@example.gov|463-533-9694,8568628281|20180318|IT
270|Juanita U Meakins|450 Plaza De Oro|Willow River|55795|MN|USA|meakinsjuanita@example.org|3204759316,670.046.8658,220.514.4124|20100218|IT
273|Thurman M Hoxworth|173 Bennington Dr|Crum|25669|WV|USA|hoxworth_thurman@example.gov|681.334.3248|20200130|IT
280|Sylvester A Orantez|570 Pebble Ridge Pl|Cool|95614|CA|USA|orantez-sylvester@example.com|628.888.7174|20160607|IT
299|Neda Ihry|474 Oak Plain Dr|Slidell|70459|LA|USA|nedaihry@example.org|2252963094|20171121|IT
300|Herta Schifino|419 Harding Av|Strongstown|15957|PA|USA|hertaschifino@example.com|412-859-1938|20120719|IT
308|Celesta T Sambataro|1726 Timberline Ter|Dundee|38626|MS|USA|sambataro.celesta@example.gov|601.381.2870|20161229|IT
311|Sanjuana P Beidelschies|354 Cherokee Cyn Ln|Denver|80234|CO|USA|beidelschiessanjuana@example.gov|719-259-9140|20180325|IT
312|Georgene Mcneish|547 Eagle Ln|Belton|29627|SC|USA|mcneish.georgene@example.gov|5750721159|20150818|IT
334|Rusty R Schiemer|304 Cape Jasmine Rd|Lester|25865|WV|USA|schiemer_rusty@example.org|681-398-0796|20140509|IT
338|Ernest J Baskaran|1043 Towsley Cyn Rd|Tecumseh|66542|KS|USA|ernestjbaskaran@example.org|716-883-6374|20170822|IT
342|Raymundo Wildgrube|106 Hidden Creek Ln|Kenyon|2836|RI|USA|raymundowildgrube@example.co.uk|401.769.8245|20110302|IT
345|Tomasa W Demme|2227 Beldove Ct|Chicago|60690|IL|USA|tomasawdemme@example.org|779.456.6169|20100723|IT
384|Austin B Rolnik|131 Robin Crest Ct|Golden Gate|62843|IL|USA|austin_rolnik@example.org|5675291563|20150228|IT
387|Somer M Igl|1380 Shine Dr|Tuscaloosa|35486|AL|USA|somermigl72@example.com|205-203-2386|20150905|IT
391|Raymonde K Wolski|719 Colhary Ct|Edwardsville|62026|IL|USA|raymondewolski@example.com|217-539-1962|20110413|IT
393|Shakita F Szymanski|1097 Reyes Adobe Wy|Baton Rouge|70835|LA|USA|szymanski_shakita@example.gov|5612718377|20160929|IT
395|Anissa L Dutto|464 Mornington Dr|Waverly Hall|31831|GA|USA|dutto_anissa@example.gov|7707900214|20100316|IT
404|Jacquelynn A Sordo|781 Startree Ln|Chowchilla|93610|CA|USA|jacquelynnasordo@example.org|843-827-9126,+1-773-219-1647,5622651131|20100206|IT
410|Teri Delrosal|897 Summit Hills Dr|San Bernardino|92416|CA|USA|delrosal-teri@example.com|925.227.5315,4157230387|20170924|IT
421|Norah B Tunney|1077 Verandah Ct|Winthrop|98862|WA|USA|norahbtunney@example.gov|906-887-1050|20180526|IT
435|Kimberely T Retamoza|1008 Oak Bluff Rd|Montour Falls|14865|NY|USA|retamoza_kimberely@example.org|9148559907|20110529|IT
436|Hollie R Corneliussen|520 Glorioso Ln|Troy|5868|VT|USA|corneliussen_hollie@example.gov|907-602-9295|20130307|IT
437|Hank Ehnle|49 Hillfield Ln|Trenton|8610|NJ|USA|hankehnle@example.org|8624603962,662.875.4601|20140813|IT
442|Maude S Petrovits|556 Terracina Pl|Dunbar|54119|WI|USA|maudepetrovits@example.com||20120524|IT
466|Harold I Trigger|1318 Marriott Wy|Mc Neill|39457|MS|USA|harolditrigger@example.com|769.989.5209,419.962.6689|20100428|IT
468|Johnetta Doakes|755 Stein Wy|Tehachapi|93581|CA|USA|doakesjohnetta@example.gov|878.685.6972,001.619.225.1077,415-713-4898|20100508|IT
473|Shaneka J Geisser|1745 Staten Pl|Pawlet|5761|VT|USA|shanekajgeisser@example.com|802.813.9030|20181120|IT
479|Charlette Lede|1480 Cheyenne Dr|Washington|20436|DC|USA|charlette_lede@example.com|8658713272,540-003-7952|20190314|IT
501|Mia Metze|336 Garden Of Mums Pl|Fort Montgomery|10922|NY|USA|mia_metze@example.com|615.107.6321,9291456432,3320610133|20130208|IT
502|Jackelyn E Sebastiano|1351 Crystal Spring Ct|Lansing|48913|MI|USA|jackelynsebastiano@example.co.uk|702-008-8203,860-651-4207|20140419|IT
503|Daren X Brigman|1369 Crown Ct Cr|Cooksville|61730|IL|USA|brigman-daren@example.org|667-035-1354|20140411|IT
513|Loma O Telesford|1396 Cypress Pl|Kreamer|17833|PA|USA|lomatelesford@example.gov|340-222-6632|20150919|IT
520|Reba Hartzell|1162 Via Macarena|East Berne|12059|NY|USA|rebahartzell@example.org|6800484873|20151121|IT
533|Madge G Keisler|122 Helios Ct|Durhamville|13054|NY|USA|madge-keisler@example.org|631.826.2006|20111011|IT
540|Arline P Schey|232 St Denis Ct|Harris|49845|MI|USA|arline-schey@example.com|9898169369|20110113|IT
552|Traci D Chaban|657 Creek View Dr|Speedwell|37870|TN|USA|chaban.traci@example.co.uk|9015128568,423.733.9299,731-519-5436|20150817|IT
554|Dee D Pietrafesa|411 Rio Bosque Dr|Bristol|5443|VT|USA|deedpietrafesa@example.org|802.270.8828|20100212|IT
576|Mia Swan|14 Singingwood Dr|Hampden|25623|WV|USA|mia.swan@example.gov|3048242112,671.536.5416|20181123|IT
585|Chadwick B Bonaiuto|189 Satsuma Cr|Flora Vista|87415|NM|USA|chadwick.bonaiuto@example.com|5752369317|20170627|IT
589|Arden M Somero|830 Crestline Trl|Hancock|3449|NH|USA|somero-arden@example.org|817.729.9027|20161001|IT
590|Renita V Timofeyev|455 Bonlee Av|Maurertown|22644|VA|USA|renita-timofeyev@example.gov|6672161185,703-822-8059|20180725|IT
591|Ela C Kornstein|1119 Applegate Ct|Encino|91416|CA|USA|elakornstein@example.co.uk|626-146-3049|20111022|IT
598|Damon M Mcgilvery|178 Aumond Av|Saint Louis|63144|MO|USA|damonmcgilvery@example.co.uk|475.943.9464,816.481.2900|20181010|IT
623|Kathryne T Mortimer|233 Leticia Dr|Brice|43109|OH|USA|kathrynetmortimer@example.org|4403818941,605-579-5242|20100407|IT
626|Katie N Babitz|1370 Drayton St|Rowlett|75089|TX|USA|katie-babitz84@example.org|531.498.9463|20140526|IT
647|Brent M Goehring|315 Championship Wy|Columbus|39703|MS|USA|goehring.brent@example.co.uk|251.685.0508|20190607|IT
648|Priscilla Oltmanns|1220 Waycott Wy|Reedsville|17084|PA|USA|priscillaoltmanns@example.com|814-723-0049,484.476.9973,272.603.3474|20130310|IT
659|Marcella E Jagne|651 Anza Dr|Maysville|26833|WV|USA|marcella.jagne@example.gov|681-770-3252|20191009|IT
666|Paola V Kanuho|114 Trumpet Dr|Havre|59501|MT|USA|kanuho_paola@example.org|6503230761,304-296-1736,217.406.7285|20171223|IT
672|Diana V Voutsinas|878 Sunbird Ct|Western Grove|72685|AR|USA|dianavvoutsinas@example.org|479-736-3443|20110125|IT
673|Gena S Talancon|878 Los Arqueros Dr|Waynesville|65583|MO|USA|gena.talancon@example.org|314-976-4917|20150329|IT
677|Bernadette A Reightler|558 Castlebury Pl|Bath|4530|ME|USA|bernadettereightler@example.org|870-534-5857|20120804|IT
698|Erinn Rafail|442 Sierra Estates Dr|Southwest|15685|PA|USA|erinn-rafail@example.co.uk|2727013747,308-055-0160|20110819|IT
702|Katlyn N Waiz|2371 Forest View Ct|Steubenville|43953|OH|USA|waiz_katlyn@example.co.uk|301.380.0339,614.840.9923|20140809|IT
730|Reuben W Marts|2059 Powell Dr|Pilot Grove|65276|MO|USA|reuben-marts@example.org|314-222-3939|20100622|IT
737|Roosevelt P Oostdyk|297 Park Meadow Dr|Midland|79705|TX|USA|rooseveltpoostdyk@example.org|9084748203|20190728|IT
742|Marisol M Dupra|1334 Oakmoor St|Tacoma|98422|WA|USA|dupra.marisol@example.com|302.768.9301|20110625|IT
744|Emmitt R Nasiri|1429 Cockleburr Ln|Morristown|43759|OH|USA|nasiri-emmitt@example.org|678-091-1096|20111209|IT
746|Everette Tanke|1771 Kendall Ln|Macon|31209|GA|USA|everette.tanke@example.org|706-603-8262|20140331|IT
747|Chanell R Depietto|1287 Flatwater Ct|Craftsbury|5826|VT|USA|depiettochanell@example.org|+18089978544,802-855-7961,8015027448|20141009|IT
753|Lorita F Loechler|241 Pine Hollow Ct|Brooklet|30415|GA|USA|loritafloechler@example.com|9372886621,4048147331|20100728|IT
757|Berenice C Giese|2240 Ridgegrove Dr|Jacobs Creek|15448|PA|USA|berenicegiese@example.gov|724.926.5082|20141012|IT
764|Alaina Heekin|76 Oakview Estates Dr|Albers|62215|IL|USA|alaina_heekin@example.org|331.501.2730|20100414|IT
769|Augustine R Huddy|56 Shadow Rock Ln|Grand Ridge|61325|IL|USA|augustine.huddy@example.co.uk|847.390.5580|20140615|IT
772|Laverne D Bernon|299 Valley Vista Ct|Flat Rock|48134|MI|USA|lavernedbernon@example.co.uk|380-986-5897|20150629|IT
774|Jin B Delfavero|2132 Ellis Henry Ct|Towner|58788|ND|USA|jinbdelfavero@example.gov|001-401-682-2439|20180504|IT
778|Broderick X Weiler|155 Via Gardenia|Chester|5143|VT|USA|broderickxweiler@example.co.uk|001.504.814.4644|20170117|IT
817|Alana N Hesterly|345 Via Farallon|Knoxville|37929|TN|USA|alananhesterly@example.gov|865-401-4623,629-497-7182|20110207|IT
821|Dario M Ginorio|217 Acorn Ct|Concord|28025|NC|USA|dario-ginorio@example.com|704-274-2220|20170329|IT
829|Talitha Shappee|733 Cartagena Pl|Washington|20463|DC|USA|talithashappee@example.co.uk|2029588389|20100424|IT
830|Rubie Y Landtroop|407 Sassafras Ct|Bruce|54819|WI|USA|landtrooprubie@example.org|608.279.9226|20110703|IT
833|Sanjuana U Mallya|972 Electra Ct|Mill Creek|46365|IN|USA|sanjuanaumallya@example.co.uk|501.232.9086|20120624|IT
834|Maryjo H Mirrione|301 Pine Cliff Pl|Silver Spring|20904|MD|USA|maryjohmirrione@example.co.uk|667-855-8628|20150220|IT
849|Obdulia Mowrer|520 Boxwood Ln|Salt Lake City|84142|UT|USA|mowrer-obdulia@example.co.uk|801-371-3901,8013834659,608-336-8712|20170509|IT
850|Shera Sperrazza|1374 Summer Oak Ct|Fort Jennings|45844|OH|USA|njpukobdpp@example.co.uk|720-491-2612|20160224|IT
853|Lon G Michas|2075 Peppertree Dr|Pierceville|67868|KS|USA|longmichas@example.com|785.325.0986|20110719|IT
862|Kathlene Cabatic|323 Ladley Ct|New York|10044|NY|USA|kathlenecabatic@example.org|6318599679|20131006|IT
870|Oswaldo I Malys|677 Gelding Rd|Pulaski|13142|NY|USA|oswaldo.malys@example.gov|5852432892|20111116|IT
873|Matthew K Pustilnik|110 Sageview Ct|Oakland Mills|17076|PA|USA|pustilnik_matthew@example.co.uk|412.797.0518|20120916|IT
878|Eldon I Peregrin|165 Doveweed Wy|Bunker|63629|MO|USA|eldoniperegrin@example.gov|4057802221|20151212|IT
899|Miguelina Hassel|830 Av Hopkins|Columbia|65202|MO|USA|miguelina-hassel@example.co.uk|307-884-4844|20121101|IT
902|Jessie I Magley|1053 Blaine Ct|Skagway|99840|AK|USA|jessie.magley@example.org|9077154519|20171113|IT
908|Loyce M Phen|507 Redstart Ct|Banning|92220|CA|USA|loyce_phen@example.com|951.433.0234,802-472-7625|20180411|IT
910|Kyung Z Bai|207 Via Turina|Stone Creek|43840|OH|USA|kyungbai@example.com|937.575.4606,928-077-6257|20160720|IT
916|Cruz S Andriola|1247 Woodfield Pl|Saint Louis|63123|MO|USA|cruzsandriola@example.org|205.317.3616|20150424|IT
924|Genevie Carriger|1879 Savory Pl|Kelton|19346|PA|USA|genevie_carriger@example.co.uk|334.476.5351|20170923|IT
925|Larraine Trobaugh|1671 Manzanita Ln|San Francisco|94119|CA|USA|larraine-trobaugh@example.gov|+1-423-104-7674|20171021|IT
932|Lauralee R Kolarik|1734 Bishop Ct|Centerview|64019|MO|USA|lauralee-kolarik@example.org|339-903-6709,4173523115|20160626|IT
939|Zina L Rovner|88 Teak Ct|Centralia|66415|KS|USA|zina.rovner@example.com|406.570.9916,316-283-2981|20121122|IT
944|Jules L Rosemon|757 Luss Dr|Sheldon|51201|IA|USA|rosemonjules@example.com|6848082771|20110722|IT
946|Raguel L Hackworth|204 Rolling Hills Ln|Henrietta|64036|MO|USA|hackworth_raguel@example.gov|864.875.4780,8167583853|20150203|IT
948|Matthew Ruffa|42 Babington St|Franklin|53132|WI|USA|matthewruffa@example.com|5863529405|20191127|IT
954|Amina X Jock|618 Calle Terraza|Castle Point|12511|NY|USA|jockamina@example.co.uk|407.313.6346|20180224|IT
957|Enriqueta U Millus|401 Big Horn Walk|Spencer|25276|WV|USA|enriquetamillus@example.org|304-886-0145|20150124|IT
965|Carylon L Roguski|527 Racquet Club Ct|Wagoner|74477|OK|USA|carylonlroguski@example.gov|307.312.7741|20190414|IT
969|Rene R Allbery|1809 Alder St|Marston|63866|MO|USA|reneallbery@example.gov|573-029-4667|20190406|IT
981|Grace C Vielhaber|1594 Dickens Ct|Pueblo|81002|CO|USA|vielhaber-grace@example.co.uk|9700913269|20160228|IT
997|Roosevelt L Voitik|302 Vanderbilt Wy|Hilmar|95324|CA|USA|voitik_roosevelt@example.com|7178244467|20190902|IT
1006|Elvira Montaivo|1604 Melissa Ln|Surry|23883|VA|USA|elvira.montaivo@example.gov|703.414.3759,303.203.7508|20160729|IT
1012|Melda M Panesar|252 Madison Wy|New York|10269|NY|USA|meldampanesar@example.com|907.263.7906|20150608|IT
1026|Azalee D Harsany|346 Brookhaven Pl|Wolf Creek|97497|OR|USA|azaleedharsany@example.org|9078798910|20130509|IT
1028|Agustin C Tesone|26 Maldonado Pl|Riverside|92519|CA|USA|agustinctesone@example.gov|442.374.0388|20100531|IT
1029|Noma I Rubinetti|526 Copper Ct|Lafayette|47903|IN|USA|nomairubinetti@example.com|463.757.3959|20140803|IT
1048|Rae V Onyekwere|624 Hammet Cr|East Hampstead|3826|NH|USA|rae_onyekwere@example.com|6031149563|20130627|IT
1062|Tyree P Petitfils|591 Hillfield Ln|Lincoln|2865|RI|USA|tyree-petitfils@example.com|4013045633,401.377.4107|20101128|IT
1068|Loyd X Beazer|37 Dogwood Ct|Crawford|39743|MS|USA|beazer_loyd@example.com|724.293.4943|20100913|IT
1074|Michelina L Kibria|1230 Via Velador|Brewer|4412|ME|USA|kibria-michelina@example.gov|706-453-1449|20170812|IT
1081|Arlen C Mandina|1076 Honiton Av|Harrod|45850|OH|USA|mandina.arlen@example.co.uk|571-662-4990|20160825|IT
1088|Yong B Venetis|1062 Row Ct|Owensville|47665|IN|USA|venetis_yong@example.co.uk|219.817.3904|20140110|IT
1089|Gilberto Rob|213 Vista Del Canon|Dalton|30721|GA|USA|robgilberto@example.gov|5733760851|20140721|IT
1095|Lakia R Fiesta|1091 Hartford Av|Axson|31624|GA|USA|lakia.fiesta@example.com|281.729.3773|20130109|IT
1100|Teena E Borremans|773 Strambino Ct|Bayard|88023|NM|USA|teenaeborremans@example.co.uk|505.178.9047|20171018|IT
1104|Doreatha S Cabezuela|46 Lurie Ct|Spring|77393|TX|USA|doreatha-cabezuela@example.co.uk|3081050509,7370903105|20140922|IT
1114|Rena Z Palasios|2301 Bridges Ct|San Jose|95193|CA|USA|rena-palasios@example.co.uk|510.524.5452|20141004|IT
1132|Jacalyn K Gruninger|1180 Thorley Ct|Whittier|90606|CA|USA|jacalynkgruninger@example.co.uk|530-230-7007|20120710|IT
1144|Noel W Mcsmith|1171 Piedros Dr|Bevington|50033|IA|USA|noelmcsmith@example.org|712-822-4151|20111221|IT
1162|Jeanie V Raedel|867 View Pl|Buckeye|50043|IA|USA|jeanie.raedel@example.org|781-521-2470|20190904|IT
1166|Adriene Y Nwoke|1448 Arbor Hill Wy|Big Springs|26137|WV|USA|adriene-nwoke@example.co.uk|+1.681.161.8582|20160817|IT
1167|Johnson J Chounlamany|353 Benton Ct|Hedrick|52563|IA|USA|chounlamanyjohnson@example.org|3196398476|20140303|IT
1178|Allyson Escarra|277 Wilderness Pl|Winthrop|55396|MN|USA|escarra_allyson33@example.gov|7630198296|20190918|IT
1183|Jacque C Lafond|1026 Conway Pl|Ashland|62612|IL|USA|jacqueclafond@example.gov|862-946-2080,9074639098|20170217|IT
1187|Jacki M Moranz|1170 Luzon Dr|Stockport|43787|OH|USA|jacki_moranz@example.co.uk|419-753-8066,614-466-2592,9374346132|20180309|IT
1195|Taylor G Delisi|413 Claibourne Ln|Biddeford Pool|4006|ME|USA|taylorgdelisi@example.org|2077810566|20150323|IT
1207|Mozell V Doka|1885 Acorn Ct|High Shoals|28077|NC|USA|mozellvdoka@example.org|252.526.9422,8287684921,801.363.4643|20160917|IT
1210|Geneva Worsfold|1899 Stewart Rd|Kennesaw|30152|GA|USA|genevaworsfold@example.co.uk|775-319-3471|20140520|IT
1221|Katherina Beldin|1516 Aumond Av|Minnesota Lake|56068|MN|USA|beldin-katherina@example.com|218.164.9032,340-594-1042,870-127-8039|20130508|IT
1226|Lavette L Vaal|934 Meadow Dr|Balmorhea|79718|TX|USA|lavettelvaal@example.com|979-593-6791,214-080-2144|20160925|IT
1229|Monty F Wojcinski|1416 Falcon Crest Dr|Fort Lyon|81038|CO|USA|monty-wojcinski@example.com|3031633891|20160314|IT
1243|Kina Barcheers|779 Lochmoor Rd|Elgin|55932|MN|USA|kinabarcheers@example.gov|952-476-1341,6129308019|20161008|IT
1246|Tracy P Bilbrew|378 Summer Breeze Ct|Houston|77038|TX|USA|bilbrew_tracy@example.co.uk|9365501733|20130121|IT
1248|Edie D Styves|947 Alder St|Seville|44273|OH|USA|edie-styves@example.com|864.836.5631,3807857947|20170806|IT
1249|Tangela H Mcfail|26 Silver Saddle Cr|Fresno|93709|CA|USA|tangelahmcfail@example.gov|240-845-5267|20151220|IT
1263|Audrie Q Mardini|442 Serra Ln|Davenport|52803|IA|USA|audriemardini@example.org|641.749.3473|20170429|IT
1266|Terrilyn J Dabrowski|118 Rutherford Pl|Tarrytown|10592|NY|USA|dabrowski-terrilyn@example.co.uk|410-092-6456,680-537-5233,5346612366|20180107|IT
1282|Nicholle Twiss|1613 Penstock Dr|Hayesville|44838|OH|USA|nicholletwiss@example.co.uk|2071182876|20120903|IT
1284|Brande S Delrusso|419 Water Lily Ct|Rocky Mount|27801|NC|USA|delrusso-brande@example.co.uk|3368467415|20150408|IT
1285|Skye V Ciallella|758 Dell Ct|Clallam Bay|98326|WA|USA|skyeciallella63@example.co.uk|520-561-6822|20110714|IT
1292|Edie J Rheinecker|579 Via Danza|San Diego|92107|CA|USA|rheineckeredie@example.gov|714-285-1571|20180623|IT
1311|Annabell W Kreh|1406 Av Scott|Pleasant Valley|22848|VA|USA|kreh.annabell@example.co.uk|5406073409|20140831|IT
1317|Vance Mcclarty|411 Newfield Ct|Balsam Grove|28708|NC|USA|vancemcclarty@example.co.uk|704-475-8107|20131215|IT
1318|Rosalva G Shambaugh|37 Flemming Pl|Mount Eaton|44659|OH|USA|rosalvagshambaugh@example.gov|6202977327,220-508-8826|20180201|IT
1336|Zona Schunk|233 Paseo Del Caliente|Rockport|62370|IL|USA|schunk-zona90@example.com|531-383-0948|20111025|IT
1350|Brice E Fasanella|430 Harwick Pl|Atlantic Beach|28512|NC|USA|briceefasanella@example.co.uk|7042074765|20141201|IT
1351|Cherelle T Narimatsu|1184 Brighton Pl|Ward|36922|AL|USA|narimatsu.cherelle@example.co.uk|938.069.7339|20170510|IT
1355|Rex Frattini|908 Mission Trl Ln|Severn|23155|VA|USA|rexfrattini@example.com|804-543-0859,312.720.8207|20140902|IT
1361|Joette L Koplan|1636 Basel St|Philadelphia|19106|PA|USA|joettelkoplan@example.com|+1.939.250.2495|20150418|IT
1362|Junie C Deshmukh|1133 Avd Cappela|Shawnee Mission|66216|KS|USA|junie_deshmukh@example.org|+17851459963|20150828|IT
1367|Shaniqua P Sinak|916 Easton Ln|Timewell|62375|IL|USA|sinak_shaniqua@example.com|307.403.9368|20130815|IT
1380|Marline Manthe|1101 Fairway Cr|Newry|4261|ME|USA|marline-manthe@example.org|207-073-0811,207.296.3518|20181221|IT
1381|Guillermina R Staehlin|613 Via Brasa|Urbana|52345|IA|USA|staehlin_guillermina@example.gov|+1-207-214-7631|20160709|IT
1388|Tillie Y Darbe|149 Serena Dr|Destin|32540|FL|USA|tillieydarbe@example.gov|786-437-4998,4752106150,9396826278|20150416|IT
1402|Dewey W Dalton|307 Av Penn|Mobile|36631|AL|USA|dewey.dalton@example.com|205.486.5220|20110213|IT
1416|Glory Hadam|589 Oak Bluff Rd|Winigan|63566|MO|USA|gloryhadam@example.co.uk|908-067-2199|20170514|IT
1426|Samuel I Massin|799 Benito Ct|Perkins|63774|MO|USA|samuel_massin@example.co.uk|660-055-8808|20101015|IT
1435|Phil X Kaisner|1807 Valcour Dr|Woodburn|97071|OR|USA|philxkaisner@example.gov|4015292114|20130226|IT
1439|Frank W Liggin|1334 Gaspe St|Henderson|89014|NV|USA|frankwliggin@example.com|531-460-4916,7028535308,224-786-1927|20111122|IT
1450|Blaine T Malarkey|730 Bentley Wy|Peru|50222|IA|USA|blainetmalarkey@example.com|563.072.6280|20180505|IT
1461|Barton Q Sembly|224 Bella Ct|Middlebury|5753|VT|USA|bartonqsembly@example.com|3072626120|20191111|IT
1462|Delphine T Deiter|2615 Cloverhurst Pl|Bells|75414|TX|USA|deiterdelphine@example.com|573.702.8605|20151116|IT
1482|Georgia G Jardee|94 Rio Clara Dr|Hampton|6247|CT|USA|georgiagjardee@example.gov|203.343.1500|20100519|IT
1502|Carri V Onodera|551 Garden Of Mums Pl|Divernon|62530|IL|USA|onodera-carri@example.co.uk|309.212.6177|20140601|IT
1509|Lucius U Sutherlin|131 6th St|Washington|20218|DC|USA|lucius-sutherlin@example.co.uk|681.771.8807|20200104|IT
1513|Lili Zaworski|859 Bryce Ct|Shungnak|99773|AK|USA|lili_zaworski@example.com|520.184.3929,907-796-4285|20140430|IT
1514|Evelina J Younan|616 Lone Rock St|Quincy|65735|MO|USA|younan-evelina@example.gov|701-837-5083|20140512|IT
1515|Shizuko O Gusky|498 Sierra Hill St|Memphis|38197|TN|USA|shizuko-gusky@example.org|6707814207,9315885685|20100502|IT
1526|Nelson G Wickizer|408 Derian Dr|Gheens|70355|LA|USA|wickizer.nelson@example.org|585.503.2927|20160321|IT
1529|Mimi W Rinebold|3636 Barbacoa Dr|Macomb|48042|MI|USA|mimi.rinebold@example.co.uk|870.731.6810|20130420|IT
1539|Miss Fobear|450 Southampton Dr|Brawley|92227|CA|USA|fobear_miss77@example.org|7609669501|20100603|IT
1563|Andria L Harver|1212 Smokewood Wy|Kahuku|96731|HI|USA|andria-harver@example.org|808.597.2946|20121210|IT
1579|Cecil Malilay|316 Christopher Ln|North Springfield|16430|PA|USA|cecilmalilay@example.co.uk|248-853-0963|20150108|IT
1584|Maegan R Walczewski|1791 Stubby|Smyrna|37167|TN|USA|maeganrwalczewski@example.gov|707.384.8033|20150729|IT
1592|Larissa U Syner|980 Gaspher Ct|Fresno|77545|TX|USA|larissausyner@example.co.uk|830-662-3951|20150808|IT
1606|Tawanda S Morring|840 Thompson|Granada Hills|91344|CA|USA|morring.tawanda@example.co.uk|6706406577|20180911|IT
1608|Jada Y Hatstat|594 Brant Wy|Armuchee|30105|GA|USA|jadayhatstat@example.gov|706-549-0246|20140822|IT
1611|Venessa Ceballos|1512 Via Kannela|Jefferson City|59638|MT|USA|venessaceballos@example.com|406-961-9876,605-040-3171,406.469.5921|20190722|IT
1622|Delena C Teet|418 Lowridge Pl|Cotton Plant|72036|AR|USA|delenateet@example.co.uk|8703025067|20131210|IT
1632|Savannah V Babi|2427 Livingston Av|Silver Spring|20997|MD|USA|savannahvbabi@example.co.uk|207.203.6022|20161103|IT
1636|Sanjuana E Mielnicki|233 Copper Mtn Ct|Pittsburgh|15283|PA|USA|mielnicki-sanjuana@example.com|575.588.1109|20161017|IT
1648|Liz C Eledge|178 St Lawrence St|Toledo|43611|OH|USA|eledge_liz@example.com|308.314.8577|20130409|IT
1649|Josefa K Whalon|15 Robert C Lee Pkwy|Mohave Valley|86446|AZ|USA|josefakwhalon@example.com|6238720951,480-957-8898|20190302|IT
1658|Josephine M Lafata|821 Goldcrest Dr|Corwith|50430|IA|USA|josephinemlafata@example.com|319.134.5456|20100821|IT
1675|Emmie Woodall|1123 Fox Run Cr|Jacksonville|32232|FL|USA|emmiewoodall@example.org|904.878.6925|20160926|IT
1683|Marcel X Frogge|119 Stallion Pl|Stuart|50250|IA|USA|frogge_marcel@example.gov|202.891.1112|20191229|IT
1688|Maragret Randoll|710 Elizabeth Wy|Sturtevant|53177|WI|USA|randoll-maragret@example.gov|435.628.8488,757.722.0092|20120524|IT
1695|Jin N Lablanc|477 Crosswinds Pl|Keshena|54135|WI|USA|jinnlablanc65@example.com|+1-304-287-8586|20110510|IT
1698|Kory Q Lagano|544 Pamela Dr|Worcester|1614|MA|USA|koryqlagano@example.com|617-447-4046|20110401|IT
1704|Alisa V Beile|687 Horseshoe Ln|Silver Spring|20916|MD|USA|tvxbntui@example.co.uk|410.552.5370,401-063-1222|20160727|IT
1714|Elizabeth J Heyes|383 Espuma Dr|Wilson|70789|LA|USA|elizabethheyes@example.gov|2258032585|20160709|IT
1722|Maxie W Janowicz|1049 Greenmill Av|Farmington|14425|NY|USA|maxiejanowicz@example.gov|2072935363|20101009|IT
1725|Yolando P Derudder|1481 Blake Wy|Clinton|53525|WI|USA|yolandopderudder@example.org|425-524-6637|20191219|IT
1727|Neta P Wagh|1280 Dorothy St|Young America|55560|MN|USA|waghneta@example.org|864-985-6384|20190216|IT
1737|Riva V Marden|261 9th St|Seatonville|61359|IL|USA|marden-riva@example.gov|406-493-7263|20130423|IT
1740|Bell Y Curi|1187 Courtland Wy|Aspinwall|51432|IA|USA|bellycuri@example.com|7122595710|20161231|IT
1746|Lorinda O Mckeith|917 Seasoned Rd|San Ramon|94583|CA|USA|lorinda-mckeith@example.gov|919.300.1676|20180914|IT
1753|Reta Y Belmonte|759 Karen Ct|Collegeville|56321|MN|USA|reta.belmonte@example.org|7630755850,7402942423,507-544-7578|20140401|IT
1760|Beverley Renon|260 Sunrise Hills Rd|Clyde|64432|MO|USA|renon.beverley@example.co.uk|573-749-6477|20160128|IT
1761|Candice C Milliard|688 Alcott Ct|Romney|47981|IN|USA|candicemilliard@example.org|+1-684-365-7647,878-095-1565|20110807|IT
1762|Orval Ramamurthy|714 Glasser Av|Winchester|22604|VA|USA|orval-ramamurthy@example.gov|808-308-7698|20100723|IT
1763|Theodore S Clavelle|1165 Baldwin Pl|Washington|20337|DC|USA|theodoresclavelle@example.co.uk|3073209964|20130630|IT
1780|Yanira Toolsie|138 Nickie Ln|Rochester|14650|NY|USA|toolsie_yanira20@example.com|9299224456,478.709.0714|20120216|IT
1804|Rosaura X Miglino|310 Riverside Ln|Wrightsville|17368|PA|USA|rosaura_miglino@example.org|670-953-8434,215.825.9457,918.196.0912|20100529|IT
1808|Judi Z Krizmanich|85 Silver St|Menahga|56464|MN|USA|krizmanichjudi@example.org|816.528.6381,218-281-0444,907-357-4678|20160408|IT
1822|Deborah U Zglinicki|342 Edison Rd|Tampa|33622|FL|USA|deborahuzglinicki@example.com|4064522196,401-340-0904|20190807|IT
1840|Mallory Weismantel|1806 Silverton Ct|Hammond|46324|IN|USA|malloryweismantel@example.com|574-095-2937|20110207|IT
1841|Marth E Vansice|685 Via Jardin|Gambell|99742|AK|USA|marth-vansice@example.org|907-414-5179|20101022|IT
1842|Levi Mccallie|895 Starfall Wy|El Paso|88583|TX|USA|mccallie.levi@example.co.uk|3800643986,703.939.3068|20190807|IT
1853|Lashanda D Ainger|424 Tourelle Pl|Bassett|53101|WI|USA|aingerlashanda@example.gov|+1.715.598.7499|20191121|IT
1863|Lore W Oldridge|867 Arrow Point Dr|Mandeville|70471|LA|USA|loreoldridge@example.org|985.582.8872|20171126|IT
1868|Gale L Foggy|1595 Sienna Ridge Row|Stillwater|55082|MN|USA|galefoggy@example.org|6122532987|20170117|IT
1886|Justin T Citrano|554 Stewart Rd|Bethany Beach|19930|DE|USA|justintcitrano@example.gov|615-238-8163,8082513463|20151224|IT
1888|Lavette Kilborn|1451 Guadilamar Dr|Riverside|97917|OR|USA|lavettekilborn@example.gov|541.334.2976,5039605846|20151026|IT
1893|Jessenia I Kokal|778 June Rose Ct|Readsboro|5350|VT|USA|jesseniaikokal@example.co.uk|684-832-5880,702-228-4321,802-013-6862|20131102|IT
1910|Londa M Lestrange|997 Rustico Ct|Cayucos|93430|CA|USA|lestrangelonda@example.gov|865-638-8520|20110911|IT
1926|Granville M Gomaz|172 Calla Lily Ct|Kailua Kona|96745|HI|USA|granvillemgomaz@example.co.uk|609.125.5262|20110801|IT
1930|Page Q Cammarano|129 Apache Ct|Interlaken|14847|NY|USA|cammarano_page96@example.org|401.117.1328|20100626|IT
1931|Bernadine F Sarauer|183 Island View Ct|New York|10029|NY|USA|sarauer.bernadine@example.gov|680.517.8227,212.114.2569,671.150.2065|20190930|IT
1939|Easter L Ferby|869 Sharp Rd|San Francisco|94112|CA|USA|easter_ferby@example.co.uk|458-315-5004,4152822368,4151911120|20140318|IT
1947|Dana Cloak|857 Climbing Ivy Ct|Limerick|4048|ME|USA|cloak.dana@example.org|207.312.6907|20160617|IT
1952|Lupe P Profera|383 Westford Pl|Elmo|64445|MO|USA|lupepprofera@example.co.uk|914.261.5072|20121012|IT
1964|Anjanette Finegold|196 Chris Pl|Ray Brook|12977|NY|USA|finegold.anjanette@example.com|417-965-8390|20110118|IT
1969|Heriberto K Cikanek|18 Riverwalk Ln|Burt|50522|IA|USA|cikanek_heriberto@example.com|870-723-4222|20181008|IT
1977|Carlita D Maith|1558 Loop Av|Ligonier|46767|IN|USA|carlitamaith@example.gov|3109170652|20100413|IT
1980|Zelda V Ramo|687 Garzota Dr|Josephine|75164|TX|USA|zeldavramo@example.org|9723594745|20151027|IT
1982|Agnus C Nowobilski|1244 Flynn Dr|Stafford|14143|NY|USA|agnusnowobilski@example.com|+1.934.347.8938|20140201|IT
1989|Moses Modjeska|173 Adonis Ln|Saxon|54559|WI|USA|moses_modjeska@example.co.uk|671-540-0996|20130718|IT
2018|Kenneth Fiumano|334 Vista Rosina Dr|Danbury|77534|TX|USA|kennethfiumano@example.org|308.676.6501,8648589627|20100918|IT
2023|Chiquita Y Rich|16 Hamlet Wy|Rockford|61125|IL|USA|chiquitayrich28@example.gov|+1.847.796.1444|20160304|IT
2031|Ralph S Hira|32 Parkvale Dr|Saint Louis|63107|MO|USA|ralphshira@example.co.uk|340-785-4954|20141211|IT
2048|Marquita X Greak|472 Decoro Dr|Dorton|41520|KY|USA|marquita.greak@example.gov|606-895-2438,364.843.9355|20150325|IT
2076|Justin T Wobbe|568 Trevyelon St|Manheim|17545|PA|USA|justin-wobbe@example.gov|610.694.0982|20150719|IT
2087|Leone G Mcnack|627 San Martinez Rd|McLean|79057|TX|USA|leonegmcnack@example.gov|210.804.2930,7192450997|20101121|IT
2094|Nicky I Demaree|988 Calle Brillante|Little Rock|72214|AR|USA|nickyidemaree43@example.gov|351-273-7418|20101129|IT
2105|Tamela Hatchel|46 Canones Cr|Kalamazoo|49005|MI|USA|tamelahatchel@example.org|2695123602|20110218|IT
2113|Roma K Doggs|1576 Market St|Centralia|17927|PA|USA|romadoggs@example.gov|670.604.2492,224.808.8303|20181003|IT
2121|Gwendolyn Z Bookwalter|698 Avd Terraza|Claiborne|21624|MD|USA|gwendolynzbookwalter@example.com|684-425-2373|20150905|IT
2125|Fletcher H Till|1095 Falcon Crest Pl|Washington|20502|DC|USA|fletcher_till@example.com|507-973-3694,202.670.3271|20140602|IT
2127|Reina R Souden|23 Minneola Ln|Sapulpa|74066|OK|USA|souden-reina@example.com|405-486-3435|20151229|IT
2132|Karren Cyprian|213 Dickens Ct|Tampa|33631|FL|USA|karren.cyprian@example.com|7204320732|20110823|IT
2151|Julianna M Bechel|346 Canvas St|Mesquite|89024|NV|USA|bechel.julianna@example.gov|7752476961|20151204|IT
2154|Jamie Ollerton|1363 Brigadoon Ct|Lytle|78052|TX|USA|jamieollerton@example.gov|361-961-3900|20170412|IT
2159|Jaleesa L Orphan|1577 Blueridge Dr|Orlando|32893|FL|USA|jaleesalorphan55@example.com|504-367-4635,+16846297565|20140527|IT
2162|Abe B Lenze|1277 Stonington Ln|Pueblo|81015|CO|USA|abeblenze@example.co.uk|719-620-5137|20110731|IT
2165|Remona Bardin|1273 Apam|Dundee|52038|IA|USA|bardinremona@example.org|+1-319-618-7368|20130806|IT
2174|Lore D Cheesman|43 Via Paladar|Taylorsville|39168|MS|USA|lore-cheesman@example.org|662.513.6729,864-857-3461|20130202|IT
2175|Derrick E Chaulklin|1193 Mt Stephen Av|Battiest|74722|OK|USA|derrick_chaulklin@example.co.uk|580.745.5608|20140909|IT
2188|Latisha N Kirgis|1061 Mendoza Dr|Belpre|45714|OH|USA|latisha.kirgis@example.org|513-363-5249,220-211-2651|20150615|IT
2189|Aracelis Z Cooperstein|928 Kenton Ln|Lebanon|40033|KY|USA|aracelis-cooperstein@example.com|2706724144|20100609|IT
2203|Bill Pead|600 Superior Ct|Lake Milton|44429|OH|USA|billpead@example.org|9419502979|20110811|IT
2209|Mayme Y Roxberry|109 Live Oak Springs Cyn Rd|Rembert|29128|SC|USA|maymeyroxberry@example.com|7033715736|20180509|IT
2210|Tracie P Schrauth|239 Ironshire St|Troy|12179|NY|USA|tracie-schrauth@example.org|718-036-8232,347-685-5912|20160521|IT
2213|Jaunita J Wisocki|128 Brian Ct|Havelock|50546|IA|USA|jaunita_wisocki@example.com|262-117-5487|20131120|IT
2214|Carson Z Girndt|590 Forrest St|East Elmhurst|11370|NY|USA|carsongirndt@example.org|912-142-1252|20111006|IT
2234|Fae D Losee|1718 Sunrise Ln|Centreville|20122|VA|USA|fae.losee@example.gov|337-810-6749|20180122|IT
2241|Norberto K Batarseh|571 Marina Ct|Gilroy|95021|CA|USA|norbertokbatarseh@example.com|701.511.6681,505-059-1292|20120909|IT
2248|Janene S Keegan|39 Sabado Ct|Sandy|84090|UT|USA|keegan-janene@example.org|208.573.7441|20121223|IT
2253|Marylin Collymore|1126 Warm Springs Dr|Ocean City|21843|MD|USA|marylincollymore@example.gov|443-846-7341|20170122|IT
2258|Tiny X Hondel|450 Mesa Verde Dr|Falls Church|22046|VA|USA|hondeltiny@example.co.uk|434-609-8667|20120410|IT
2263|Marianna Q Sunter|961 Sequoia Glen Dr|Gallitzin|16641|PA|USA|mariannasunter@example.com|601-333-3082,717.429.9018|20190907|IT
2266|Tijuana X Walski|1018 Jarana Ct|Jeffersonville|47130|IN|USA|walskitijuana@example.org|574-851-3975|20110803|IT
2268|Elaina Flesch|121 Stonecreek Dr|Uhrichsville|44683|OH|USA|elainaflesch@example.com|216-333-7404|20131121|IT
2271|Fernande J Segedi|659 Ridgeway Ct|Nilwood|62672|IL|USA|fernande_segedi@example.gov|307-208-5820,+1.618.164.2820|20190511|IT
2272|Alton H Moriello|677 Tupelo Ridge Dr|Houston|77095|TX|USA|altonhmoriello@example.org|6032566264,469.956.8316,9070737480|20120916|IT
2294|Evie T Swinnerton|1381 Park Ln|Normangee|77871|TX|USA|evie-swinnerton@example.org|2019381964|20100323|IT
2299|Laquita D Colter|342 Gate Rd|Ducktown|37326|TN|USA|colter.laquita44@example.gov|5171219871|20140821|IT
2315|Ute Vannah|1431 Barfield Dr|Hendersonville|28793|NC|USA|vannah.ute@example.co.uk|302.487.4621|20200202|IT
2330|Eladia Cortines|202 Anderson Ln|Steuben|54657|WI|USA|cortineseladia@example.co.uk|2622559810|20111004|IT
2332|Lamont B Duranceau|1305 Via Corsa|Edgewater|32141|FL|USA|lamontbduranceau@example.co.uk|352.683.7752|20190313|IT
2334|Isaias Noji|402 Arbor Hill Wy|Solo|65564|MO|USA|isaiasnoji@example.com|+1.636.562.3441,340.239.8893|20110224|IT
2337|Chelsie P Hoya|709 Rocky Ct|Taylor|85939|AZ|USA|hoyachelsie@example.com|3071687288|20171111|IT
2344|Kandice Studeman|341 Av Kearney|Gresham|29546|SC|USA|kandicestudeman@example.gov|803.766.9069,617-275-2034|20170506|IT
2345|Petra K Bonzo|900 Bacon Ct|La Plata|87418|NM|USA|petrakbonzo@example.com|205-670-8678|20170701|IT
2347|Willy M Lonneman|285 Ordco St|Mokane|65059|MO|USA|willylonneman99@example.gov|636-031-5766|20191019|IT
2352|January K Beckelhimer|966 Gelding Rd|Moncks Corner|29461|SC|USA|januarykbeckelhimer@example.org|9072685913,8089760990|20110522|IT
2358|Kristin W Lenhardt|945 Sutters Pointe Dr|Catawba|28609|NC|USA|kristin_lenhardt@example.org|252.611.4004,7435096352|20161205|IT
2362|Kali Brienen|93 Wilderness Pl|Dellwood|53927|WI|USA|kali-brienen@example.gov|262-892-6811|20130609|IT
2368|Lorilee Rowell|397 Littlefield Dr|Ballston Spa|12020|NY|USA|rowell_lorilee@example.co.uk|646-104-7152|20190731|IT
2369|Frances A Pride|1889 Magnolia Pl|Virginia|68458|NE|USA|pride_frances@example.com|603-357-6607|20100626|IT
2371|Eleanora O Meisberger|1722 Almendra Dr|Akron|44321|OH|USA|eleanoraomeisberger@example.co.uk|513-965-6881,937.647.4011,220-093-1004|20180404|IT
2391|Marcelino J Flock|935 Little Cedar Wy|Arnold|69120|NE|USA|flock-marcelino@example.com|303-115-7613|20110707|IT
2399|Bernie Y Kliebert|991 Arriba Dr|Greybull|82426|WY|USA|kliebert.bernie@example.org|681.562.1165|20160601|IT
2410|Alaine R Zinkel|1296 Trinidad Ct|Nehawka|68413|NE|USA|zinkel_alaine@example.co.uk|308.422.5454,671-769-8042|20150327|IT
2425|Loyd J Amanda|522 Quartz Mesa Ln|Prospect Hill|27314|NC|USA|loyd_amanda@example.co.uk|919.283.6903|20161002|IT
2435|Glenna M Reppucci|1778 Via Sistine|Winstonville|38781|MS|USA|glennamreppucci@example.org|802.757.5728|20181122|IT
2436|David A Toedter|405 Terrace Ct|Lopez|18628|PA|USA|davidatoedter@example.org|401-531-2927|20150226|IT
2438|Reynaldo E Koshak|1418 Via Sereno|Pelham|35124|AL|USA|reynaldoekoshak@example.gov|256-534-9460,205.096.7559|20161103|IT
2453|Kim Ciceron|429 Park Woodland Pl|Sanborn|58480|ND|USA|ciceron-kim@example.org|7436384568|20170402|IT
2460|Joni P Seufert|795 Tulipland Av|Charlottesville|46117|IN|USA|joni-seufert@example.com|574-659-8809|20111216|IT
2461|Leonia O Hesterman|1213 O Neill Cr|Germantown|20875|MD|USA|leonia-hesterman@example.gov|563-721-4816|20190814|IT
2474|Margarett R Paguay|414 Breakwater Wy|Tularosa|88352|NM|USA|margarettrpaguay@example.co.uk|5753364883|20120817|IT
2477|Amanda B Meppen|429 16th St|Hope|56046|MN|USA|amandabmeppen@example.gov|302-963-0431|20171028|IT
2479|Lilliana W Offerdahl|142 Langside Av|Cedarpines Park|92322|CA|USA|lillianawofferdahl@example.co.uk|424.722.4676|20181002|IT
2484|Marget V Borgatti|724 Sierra Estates Dr|Galion|44833|OH|USA|borgattimarget@example.co.uk|907.139.7671,503-295-3957|20160416|IT
2489|Alycia B Roulet|123 Myrtle Wy|Weiser|83672|ID|USA|alycia_roulet@example.gov|2083564834|20120703|IT
2498|Adrianne N Bektas|811 Georgetown Dr|Mason|76856|TX|USA|bektas-adrianne@example.org|810-128-5664,202.467.1768|20170602|IT
2538|Eda P Gallamore|298 High Sierra Trl|Elbow Lake|56531|MN|USA|gallamore_eda@example.gov|8042946840,6516194187|20110702|IT
2539|Clair T Kolody|1463 Babington St|Mappsville|23407|VA|USA|kolody-clair@example.org|2769505725|20161028|IT
2540|Allegra Y Colglazier|796 Via Tanara|Weaverville|28787|NC|USA|colglazierallegra@example.com|207-630-7591,435-177-6204,670-190-1945|20150215|IT
2560|Emely E Dishler|1152 Silver Oak Ln|Cisco|61830|IL|USA|dishler-emely@example.gov|618-184-8919|20131130|IT
2568|Rosamond B Sahlberg|126 Oakhurst Dr|Sanatorium|39112|MS|USA|sahlberg-rosamond@example.co.uk|575-646-6878|20130129|IT
2571|Karyl Sheak|1905 Gable Ranch Ln|Saint Louis|63145|MO|USA|sheak_karyl@example.org|8024034752|20160127|IT
2573|Armanda G Bareng|145 Gabrial Pl|Corning|50841|IA|USA|armanda.bareng@example.org|214.759.6889,802-790-9930,712-905-0390|20191117|IT
2579|Zonia Morrello|653 The Old Road|Blairstown|7825|NJ|USA|zoniamorrello@example.co.uk|848.657.0385,262-502-3489|20100302|IT
2614|Charline Blowe|1838 Diamond Pl|Highlands|77562|TX|USA|charline_blowe@example.com|3254233482|20130704|IT
2615|Jacque M Inoue|435 Abdale St|Milwaukee|53288|WI|USA|jacqueminoue@example.gov|+1.715.582.1308|20161225|IT
2616|Gertrude D Delepine|1073 Haleakala|Cazadero|95421|CA|USA|gertrudeddelepine@example.gov|559-112-6227|20150117|IT
2640|Charita S Tauchen|1486 Slate Ct|Dallas|75250|TX|USA|charitastauchen@example.org|828.536.9836|20190726|IT
2663|Ma Costeira|358 Via Barra|Avon|56310|MN|USA|costeira_ma@example.gov|423.669.6389|20100918|IT
2681|Pierre J Teiken|1218 Fall Cyn Truck Trl|Alderson|24910|WV|USA|teiken_pierre@example.gov|+1-808-477-3199,854-110-8049|20190325|IT
2683|Troy Innella|496 Emerald Dove Dr|Coos Bay|97420|OR|USA|troy_innella@example.co.uk|864-788-3397,001-503-242-6669,541.841.6953|20110321|IT
2693|Olga G Dietterich|485 Viejo Ct|Altavista|24517|VA|USA|dietterich_olga@example.co.uk|434-347-1256|20131223|IT
2699|Florine Q Grandchamp|392 Courtview Dr|Richmond|23276|VA|USA|florine.grandchamp@example.com|+1.406.980.7609|20180307|IT
2703|Tammara D Klusek|1371 Estaban Dr|Brentwood|37027|TN|USA|tammaraklusek@example.com|928.960.9135|20151017|IT
2709|Remedios V Hance|313 Cowboy Ct|Neodesha|66757|KS|USA|remedioshance@example.gov|3163682130|20120820|IT
2713|Grace W Nolin|781 Bonita|Aurora|44202|OH|USA|grace_nolin@example.com|4196284006|20131128|IT
2714|Rebbeca M Reiterman|1376 Carmen Dr|Fish Haven|83287|ID|USA|rebbecareiterman@example.org|2082363467,4232395683,2081971069|20180621|IT
2723|Jordan Z Wetherbee|1090 Kestral Dr|Oklahoma City|73130|OK|USA|jordanzwetherbee@example.gov|9259987739|20161012|IT
2728|Lionel O Ansardi|1927 Littleton Wy|Dayton|45427|OH|USA|lioneloansardi@example.co.uk|719-915-7734,845-103-7009,567.009.4821|20180404|IT
2736|Annabel Goodis|1134 Weldon Cyn Rd|Houston|77252|TX|USA|annabel.goodis@example.gov|+1-364-560-0462|20161006|IT
2745|Roma K Elsenheimer|915 Whispering Oaks Rd|Kansas City|64183|MO|USA|elsenheimer-roma@example.gov|0019077748953|20111204|IT
2746|Billie Q Leaper|135 Pine St|Josephine|75164|TX|USA|billieleaper@example.co.uk|603-910-3298|20100616|IT
2748|Kirstin K Routzahn|1041 Brio Ct|Richland Center|53581|WI|USA|kirstin.routzahn@example.co.uk|4847261193,2620696733|20180916|IT
2761|Lynelle E Leopoldo|160 Stillmore St|Washington|20398|DC|USA|lynelleeleopoldo@example.org|202.182.8097,334.130.0330,202-489-9650|20130331|IT
2766|Katelynn C Jeff|1679 Tula Dr|Palm Bay|32909|FL|USA|katelynn.jeff@example.com|225.414.5274|20160427|IT
2773|Sulema F Weinrib|1455 Decoro Dr|Sonyea|14556|NY|USA|weinrib_sulema@example.org|747-108-7645|20141022|IT
2791|Tula Trabulsi|902 Cloverleaf Pl|Collegedale|37315|TN|USA|trabulsi.tula@example.com|610-919-3448,6299155356|20141115|IT
2805|Susannah Siok|718 Cross Creek Dr|Nucla|81424|CO|USA|susannahsiok@example.gov|720-892-4536|20170204|IT
2812|Mathew X Aukeman|345 Verandah Ct|Lecanto|34460|FL|USA|mathew_aukeman@example.org|206.560.7334|20110817|IT
2819|Andrea I Thurby|558 Chestnut Wy|West Rockport|4865|ME|USA|thurbyandrea@example.com|207.284.0122,985-063-5022,864-610-5401|20120805|IT
2821|Corene R Pfliger|2011 Starfall Wy|Burns|97720|OR|USA|pfliger-corene@example.co.uk|330-680-2311|20171225|IT
2824|Pauline V Goodwillie|731 Copper Mtn Ct|Orfordville|53576|WI|USA|paulinevgoodwillie@example.co.uk|4800129893,432.853.1282,907.210.3905|20111114|IT
2829|Nilsa W Fitzer|1509 Wayside Lateral|Garland|68360|NE|USA|nilsawfitzer@example.co.uk|402.241.9898|20120502|IT
2831|Wiley R Gulch|1036 Sierra Cross Av|Minot AFB|58705|ND|USA|wiley-gulch@example.gov|7010554566,701-259-9022,7878453363|20130609|IT
2836|Aretha H Panek|1060 Christie Ct|Eureka|95502|CA|USA|arethahpanek@example.com|916-769-3393|20100720|IT
2841|Numbers Rennolds|1460 Circle J Ranch Rd|Crawfordsville|47934|IN|USA|numbers_rennolds58@example.co.uk|+1.765.667.3172|20120126|IT
2844|Darell D Baurle|754 Deer Ct|Muncy|17756|PA|USA|baurle-darell24@example.com|717.764.6100,617-483-2198|20150809|IT
2854|Gaylene Murrel|935 Ironwood Dr|Covington|73730|OK|USA|gaylenemurrel@example.gov|+1.539.957.7550,405-627-9232|20170203|IT
2879|Jayna C Chudej|469 Avd Balita|Seymour|47274|IN|USA|jayna.chudej@example.com|812-203-0991|20190328|IT
2895|Ardell Z Norford|305 Sleepy Creek Ln|Walnut Ridge|72476|AR|USA|ardell.norford@example.org|479.089.4735,479.091.9254|20190212|IT
2896|Chandra P Stretz|300 Braddon Oak Dr|Carrollton|30119|GA|USA|stretzchandra@example.com|4785895912,6671346278,4061720674|20161201|IT
2898|Julene K Neou|274 Lookout Rd|Wartrace|37183|TN|USA|neoujulene@example.co.uk|423.042.6057,816-001-9548|20180830|IT
2906|Jesusita L Dinsmore|385 Sumner Av|Karlstad|56732|MN|USA|dinsmore-jesusita@example.co.uk|302.440.7543|20161101|IT
2907|Shayna T Fiset|1233 Megan Ct|Manitou Beach|49253|MI|USA|shaynatfiset@example.co.uk|989.259.6685|20170913|IT
2920|Lanie Z Campano|1384 Grove House Dr|Hartford|6145|CT|USA|laniezcampano@example.co.uk|9016696528,978-670-8798,769.032.4199|20190727|IT
2922|Samatha E Altick|252 Bingham Ct|Anderson|46014|IN|USA|samathaealtick@example.org|302.684.6861,4634224458|20101123|IT
2927|Karyl N Wolaver|1313 Amberley Wy|Kennebunk|4043|ME|USA|wolaverkaryl@example.org|9384635403,2071432214|20100723|IT
2931|Bridgett N Bearse|822 Opal Ln|Collettsville|28611|NC|USA|bridgettnbearse@example.org|970-695-5743,743-526-2558|20120826|IT
2934|Jaunita P Bebko|349 Pelham Pl|Las Vegas|89103|NV|USA|jaunitapbebko@example.co.uk|2483315939|20170326|IT
2939|Brigitte L Liimatainen|571 Rigel Dr|Pearson|54462|WI|USA|brigittelliimatainen@example.org|6080698331|20140607|IT
2940|Wei P Quatrone|1197 Dickens Ct|Arlington|76003|TX|USA|wei_quatrone@example.gov|806-672-5201|20191227|IT
2952|Hiram T Degenova|1167 Oak Hill Ct|Emmonak|99581|AK|USA|degenovahiram@example.co.uk|9071384228|20150817|IT
2957|Marisol Pascuzzo|2068 Sleepy Creek Ln|Minden|25879|WV|USA|pascuzzo.marisol@example.co.uk|+17198123962|20190124|IT
2976|Sanda Z Thoreen|231 Serena Dr|Des Plaines|60019|IL|USA|sandazthoreen83@example.co.uk|2244591082,515.099.6151|20160311|IT
2978|Darwin M Bebensee|1159 Skycrest Cr|Desoto|75123|TX|USA|darwin_bebensee@example.com|8153980274,8045970058|20180512|IT
2981|Sonny E Wiltsey|2246 Canterbury Ct|Crocheron|21627|MD|USA|sonny_wiltsey@example.co.uk|410-603-9702|20130918|IT
2991|Robert Theodosis|183 Muir Trl|Robards|42452|KY|USA|robert.theodosis77@example.org|001-364-012-3056|20120818|IT
2996|Danyel J Fugle|368 Ron Ridge Dr|Woonsocket|57385|SD|USA|danyel_fugle@example.co.uk|401-377-5922|20120122|IT
3014|Rhett S Dircksen|770 Janzer Ct|Virginia Beach|23455|VA|USA|dircksenrhett@example.com|8788448197,8563888404|20191120|IT
3021|Brunilda Mclintock|805 Lowridge Pl|Colburn|83865|ID|USA|brunildamclintock@example.co.uk|9036692951,2085889291,541-324-6103|20131115|IT
3027|Geraldo N Naulls|1451 Rio Ranch Wy|Little York|13087|NY|USA|naulls-geraldo@example.com|518.265.0397|20110112|IT
3046|Emilie Snelbaker|412 Calle De La Paz|Ages Brookside|40801|KY|USA|emiliesnelbaker@example.com|605-982-6753|20191001|IT
3048|Mira O Hirt|64 Kristine Ct|Hermiston|97838|OR|USA|mira_hirt@example.gov|503-738-8555|20110903|IT
3071|Cira Hoosein|310 Townsley Ct|Wendell Depot|1380|MA|USA|hoosein.cira@example.co.uk|339.565.1304|20130817|IT
3078|Alix Y Weideman|361 Engineers St|Verdugo City|91046|CA|USA|alixyweideman@example.com|916.909.5060|20170503|IT
3094|Jessica I Nathani|686 Sunrose Pl|Lockney|25258|WV|USA|jessicainathani@example.org|913-386-0879|20130203|IT
3102|Blanche G Donawa|68 Hollyoak Ct|Montgomery Center|5471|VT|USA|blanchegdonawa@example.org|802-426-5193,802-919-6534|20100824|IT
3104|Quinton Z Niedens|1008 Galton Rd|Coalport|16627|PA|USA|quinton.niedens@example.com|2026273689|20190906|IT
3118|Deidre D Riach|437 Sierra Estates Dr|Glide|97443|OR|USA|deidre.riach@example.com|+12028162131,4589062735|20100107|IT
3123|Miriam S Matice|358 Birch Cyn Wy|Westfield|5874|VT|USA|miriamsmatice@example.com|802.480.2673|20111109|IT
3125|Eduardo X Fulwood|659 Lupine St|Strum|54770|WI|USA|eduardoxfulwood@example.org|+14140699442|20100921|IT
3127|Willie T Berisha|1081 Pheasant Ct|Finley|74543|OK|USA|berishawillie@example.com|4022128349,539-726-7166|20190527|IT
3138|Erna P Cenname|1057 Highspring Av|Leavenworth|98826|WA|USA|ernapcenname@example.org|206.400.0659|20190105|IT
3142|Harriette B Yess|1141 Espinoza Dr|Knoxville|37995|TN|USA|yessharriette@example.co.uk|207-834-6314|20190915|IT
3144|Danille Z Haselow|996 Topper Ct|Antoine|71922|AR|USA|haselow.danille@example.com|5018725408|20190609|IT
3151|Logan Sandak|1397 Plaza Chiva|Belhaven|27810|NC|USA|uzhrdeq@example.com|2524648731|20121120|IT
3169|Wendy V Hilderbrand|718 Anderson Ln|Hoffman|28347|NC|USA|hilderbrand-wendy@example.org|603.335.8674,919-586-4988|20100523|IT
3178|Yoshiko J Jarrar|1537 Lacomb Dr|Chattanooga|37405|TN|USA|yoshikojjarrar@example.org|276.995.7133|20130313|IT
3186|Patrice M Leischner|171 Connick Pl|Santa Monica|90403|CA|USA|leischner.patrice@example.com|661-311-9765|20110227|IT
3192|Helene Malak|761 Damar Ct|Flag Pond|37657|TN|USA|helene_malak@example.gov|432-873-9780|20150216|IT
3209|Corrie J Wermers|649 Lillyglen Dr|Rains|29589|SC|USA|corrie-wermers@example.gov|937.233.6007|20110206|IT
3227|Paris S Martinezgomez|1297 Cavern Ct|Muleshoe|79347|TX|USA|martinezgomez_paris@example.gov|505-342-0678,972-694-7996|20111230|IT
3235|Tennille Y Goike|474 Avd Velarte|Memphis|38103|TN|USA|goike-tennille@example.com|732.194.2648|20161115|IT
3238|Corrine F Wakem|998 Bodie Pl|Sherwood|58782|ND|USA|wakemcorrine@example.org|701.026.6568|20180521|IT
3247|Richard Rhyner|798 Clemens Ct|Newport|41076|KY|USA|richard_rhyner@example.org|2705249821|20190318|IT
3248|Alesia W Nebus|578 Casa Luna Pl|Los Angeles|90063|CA|USA|alesiawnebus@example.org|916.978.9567,531-332-8226,4247974627|20190928|IT
3251|Jodie C Rosiello|758 Av Tibbitts|Little Plymouth|23091|VA|USA|rosiello.jodie@example.gov|804-580-8078|20181211|IT
3255|Jaclyn R Conser|62 Tenderfoot Trl Rd|Akers|70421|LA|USA|jaclynconser@example.co.uk|985.331.7079,9851207972|20190402|IT
3260|Palmira I Pasqualicchio|2180 Cicely Ct|Sioux City|51111|IA|USA|palmira.pasqualicchio@example.gov|3193278378|20110502|IT
3261|Martin N Speese|422 Alegro Dr|Du Pont|31630|GA|USA|martinnspeese@example.gov|+17066164843,706-119-1064|20160104|IT
3266|Carmina Sabini|735 Rogue Wy|Tula|38675|MS|USA|carminasabini@example.org|6629197733|20100728|IT
3276|Regina Burnor|489 Rio Tajo Ct|Wichita Falls|76305|TX|USA|regina_burnor@example.gov|430.151.5209|20160113|IT
3282|Fern I Arago|77 Thalia Ln|Lincoln|68583|NE|USA|fernarago@example.com|3028365629|20110205|IT
3289|Robin M Ozmun|310 Summit Hills Dr|Ottawa|61350|IL|USA|robinmozmun@example.org|7083411442|20190923|IT
3299|Eladia D Volpert|315 Verandah Ct|Portis|67474|KS|USA|volpert-eladia@example.co.uk|9139718606,301-504-5928|20170301|IT
3308|Isabelle Y Parfait|215 Mistletoe Ct|Sharon|2067|MA|USA|parfait.isabelle@example.org|617-262-0864|20160303|IT
3311|Adan Z Dreggors|1001 Live Oak Springs Cyn Rd|Linden|17744|PA|USA|adanzdreggors@example.co.uk|575.783.0861|20130603|IT
3314|Kazuko W Cobia|1928 Somerset Ct|Crook|80726|CO|USA|cobia-kazuko@example.org|719-917-1083,301.452.7029|20100207|IT
3326|Chu Scianna|112 Fireworks Rd|Varna|61375|IL|USA|chuscianna@example.gov|217.222.0298|20151125|IT
3340|Eufemia W Goduto|589 Stardale Dr|Maxwell|78656|TX|USA|eufemiawgoduto@example.org|325.326.1328,2079569035,346.420.9395|20120417|IT
3347|Ruthanne Q Tilk|391 Stover Flats Ct|Detroit|48267|MI|USA|ruthanne.tilk@example.org|4138378562|20171006|IT
3350|Pansy Y Tobiassen|826 Franklin Ln|Oklahoma City|73102|OK|USA|pansyytobiassen@example.com|6605345348|20131007|IT
3353|Luvenia B Rizui|1341 Bar Harbor Ct|Carpinteria|93014|CA|USA|luvenia-rizui@example.gov|5676627004|20131226|IT
3355|Thersa P Yatco|1289 Sassafras Ct|Hooper Bay|99604|AK|USA|yatco-thersa@example.gov|865.489.5320|20100605|IT
3357|Margarett J Cedano|826 Santa Ynez Wy|Richview|62877|IL|USA|margarett_cedano@example.com|253-878-1392,671-639-9386,769.031.9456|20170626|IT
3371|Jacinto N Rampersaud|747 Cloverleaf Pl|National Stock Yards|62071|IL|USA|jacintonrampersaud@example.org|331.978.9101|20160904|IT
3380|Nicolette C Furnival|1320 Galante Wy|Aubrey|76227|TX|USA|nicolettecfurnival@example.org|9362854820|20120923|IT
3381|Oralee P Thomaston|1733 Wakefield Rd|Estherville|51334|IA|USA|oralee.thomaston@example.co.uk|684.457.7497|20130925|IT
3404|Tammie Vanden|324 Craftsmen Ct|Greenwich|6836|CT|USA|tammievanden@example.com|8081001836|20150306|IT
3409|Leopoldo L Zinsli|783 Ginger Wy|Des Moines|50347|IA|USA|zinsli_leopoldo@example.co.uk|641-251-9073,3199204695|20130114|IT
3411|Jamie V Calleo|410 Eastern Pines Ct|Largo|33777|FL|USA|calleojamie@example.org|8578225568|20110526|IT
3412|Mavis E Othman|385 Juniper Ct|Jersey City|7303|NJ|USA|mavis_othman16@example.gov|8480314813|20191125|IT
3434|Lawrence P Cotto|697 Larres Cyn Rd|Millerville|36267|AL|USA|lawrencecotto@example.com|334.204.0839,256-646-9471|20120725|IT
3454|Adrianne L Luchies|475 Pine Hills Av|Hamel|55340|MN|USA|adrianneluchies@example.com|6515888513|20190412|IT
3455|Josue U Crusenberry|833 Big Oak Ln|Wolf Run|43970|OH|USA|josue.crusenberry@example.org|2164074460|20130307|IT
3456|Renay J Winegardner|302 Via Marcia|Morgantown|42261|KY|USA|kodqqcrh@example.com|2701232080|20180918|IT
3458|Torie Fasce|213 Oakhorn Av|Hannacroix|12087|NY|USA|torie_fasce@example.co.uk|845-402-4845|20140602|IT
3473|Parker Klusek|1698 Vireo Ct|Livermore|42352|KY|USA|parkerklusek@example.org|606.709.3930,603.628.7149|20121201|IT
3474|Marcela H Humphry|622 Valley Oak Ln|Kokomo|39643|MS|USA|humphrymarcela@example.gov|6623432967|20110312|IT
3487|Gary G Vruwink|897 Fain Dr|Rockledge|32955|FL|USA|vruwink-gary@example.com|971.328.9147,5613182871,386.291.2773|20110128|IT
3498|Paulina B Malovich|793 Contessa Av|Benge|99105|WA|USA|malovich-paulina29@example.gov|509.083.1604|20190115|IT
3501|Hanh R Baksa|1467 Via Cresta|Patterson|63956|MO|USA|hanh.baksa@example.co.uk|319-289-2444,5738550767|20100628|IT
3504|Danyel H Durrence|1882 Brinton Pl|Farmville|23909|VA|USA|danyelhdurrence@example.gov|2768020212,6813013362,670-917-6115|20180729|IT
3505|Micki K Swanger|602 Gamble House Ct|Newcastle|82701|WY|USA|mickiswanger@example.com|307.509.0266,307-252-0308,307-545-8706|20160118|IT
3516|Daniel W Uttaro|675 Oakrun Ln|Forest Hill|21050|MD|USA|uttaro-daniel@example.com|4017338813,+1-319-988-8538,3040300848|20191213|IT
3519|Alida N Almony|296 Jasper Ct|Fort Lauderdale|33325|FL|USA|almony.alida@example.org|772-402-2348|20170513|IT
3559|Kum F Vanwechel|939 Cantos Dr|Haledon|7538|NJ|USA|kumvanwechel@example.co.uk|001-862-841-7750|20130908|IT
3560|Kristina Z Camby|452 Silverstream Dr|Elkton|97436|OR|USA|camby-kristina@example.gov|478-084-4708,971.731.2194,8063668662|20150924|IT
3569|Gregoria Bosnyak|934 Parma Ct|Flemington|26347|WV|USA|gregoria_bosnyak@example.com|3048265165,561.577.5091|20160325|IT
3570|Dedra Knapic|590 Akins Ct|Galt|50101|IA|USA|dedraknapic@example.com|712-997-4993,574.576.0267,7199279616|20121126|IT
3594|Chadwick H Hober|1302 Maple Ridge Cr|Boynton Beach|33435|FL|USA|hoberchadwick@example.co.uk|802.548.1442|20120619|IT
3598|Juana U Keodara|740 Luzon Dr|Owensville|45160|OH|USA|juanaukeodara93@example.org|2207415082,6238916526|20121225|IT
3610|Carmen I Waisman|221 Nathan Hill Rd|Stratford|6615|CT|USA|waismancarmen@example.org|475.672.5482|20150307|IT
3614|Kurt N Mcgrew|422 Walker St|Chaplin|6235|CT|USA|kurtnmcgrew@example.com|504-224-1346|20190130|IT
3615|Larraine C Francone|358 Valley St|Cambria|62915|IL|USA|franconelarraine@example.org|+18722611803|20161023|IT
3628|Winfred N Witrago|254 Dana Ct|Mobile|36630|AL|USA|winfred-witrago@example.com|906-406-9591|20130314|IT
3635|Jay Y Pavkovich|2328 Via Jacara|Staatsburg|12580|NY|USA|jayypavkovich@example.org|671.923.7545|20170313|IT
3637|Ahmed Godina|418 Blackfoot Ct|Neihart|59465|MT|USA|ahmedgodina@example.co.uk|4066091330,802-530-4651|20180627|IT
3638|Jutta Karlen|937 La Palma Ct|Canjilon|87515|NM|USA|karlen-jutta@example.org|575.698.7988|20170730|IT
3646|Wen Dobry|969 Madigan Dr|Florala|36442|AL|USA|wen-dobry@example.org|205.952.1140|20131211|IT
3652|Brooks F Veals|1148 Doug Rd|Penn|58362|ND|USA|brooks.veals74@example.com|4024136492|20150717|IT
3661|Tory M Weinmeister|1129 Wellhaven St|Carville|70721|LA|USA|torymweinmeister@example.org|9854564492|20111206|IT
3664|Malvina S Vidinha|657 Frost Ln|Lenox|36454|AL|USA|malvina_vidinha@example.gov|3021838951|20141226|IT
3669|Bret W Dorrell|270 Choke Cherry Ln|Ruthton|56170|MN|USA|dorrell_bret@example.co.uk|+1-218-918-9145|20150901|IT
3683|Julius K Okarma|879 Township St|Petty|75470|TX|USA|julius_okarma@example.org|+1-670-506-7516|20170202|IT
3699|Sandee D Musket|5 Phantom Trl|Red Oak|27868|NC|USA|sandeedmusket@example.gov|202.911.5852|20160105|IT
3700|Glenn K Brakhage|1409 Sunset Creek|Broadalbin|12025|NY|USA|brakhageglenn@example.org|208-692-8122|20170124|IT
3703|Lael Filgo|262 Marlowe Ct|Boston|2116|MA|USA|laelfilgo@example.com|351-396-5260|20141218|IT
3712|Raymon O Strause|196 Spruce Meadow Ct|Franklin|13775|NY|USA|strause_raymon@example.com|724.095.3474|20140810|IT
3722|Alethia A Norlund|1435 Camp Plenty Rd|Grover|83122|WY|USA|alethiaanorlund@example.com|307-452-6666,2191480331|20190706|IT
3727|Kittie Pedraza|560 Trillium Ln|Cabin Creek|25035|WV|USA|kittie_pedraza@example.gov|913-144-2847|20101105|IT
3729|Candace L Ites|798 Vista Del Canon|Brandon|39047|MS|USA|ites-candace@example.gov|769-486-7623,872.033.4493,2282024168|20180121|IT
3731|Amos S Bruns|1203 Littleton Wy|Union Grove|35175|AL|USA|bruns-amos@example.co.uk|2182001324|20180616|IT
3739|Tatiana X Med|515 Waterwheel Rd|Coyanosa|79730|TX|USA|med.tatiana@example.co.uk|5413021940|20140612|IT
3741|Aracely Q Luparello|487 Golden Willow Wy|South Amboy|8878|NJ|USA|aracelyqluparello44@example.org|2729377053|20110706|IT
3743|Nickie V Reidy|1173 Barnhill Rd|Youngstown|44511|OH|USA|nickie-reidy@example.gov|719.477.2671|20110517|IT
3744|Gil G Watte|323 Chase St|Neligh|68756|NE|USA|gilgwatte@example.com|626.079.1170,260-177-7598|20110425|IT
3753|Else U Karalius|405 Whitney Dr|Martins Ferry|43935|OH|USA|else.karalius@example.co.uk|417-377-4515|20150712|IT
3762|Christiana Colarusso|309 Durham Pl|Farmington|48335|MI|USA|christiana_colarusso@example.com|517-537-9574|20161208|IT
3765|Susann P Arinder|13 Devon Ln|Salinas|93905|CA|USA|susannparinder@example.co.uk|408-889-1449|20121216|IT
3773|Lonnie J Sinson|545 Sequoia Ct|Nashville|37246|TN|USA|sinson_lonnie@example.gov|931-988-2539,731-467-7193|20111221|IT
3791|Claude E Ova|490 Iron Horse Pl|Bucklin|67834|KS|USA|claudeeova71@example.co.uk|919.172.3901|20190304|IT
3794|Alisia O Slagel|156 Verdale Av|Portland|97229|OR|USA|slagel_alisia@example.co.uk|971-683-9364|20190411|IT
3799|Melida V Buzzini|199 Grassy Knoll Ln|De Pere|54115|WI|USA|buzzini_melida@example.org|8704266146,262.336.0957|20130113|IT
3809|Katelyn N Rabena|270 Heron Ln|Nokesville|20182|VA|USA|rabenakatelyn@example.co.uk|224.227.4703|20190622|IT
3811|Rosalina W Diskey|143 Tule Ridge Fire Rd|Birmingham|35206|AL|USA|rosalinawdiskey@example.gov|7252152574|20111206|IT
3818|Eloise Amonett|1473 Brescia Dr|Holbrook|86025|AZ|USA|eloise-amonett@example.gov|928-462-6065|20161130|IT
3822|Trina K Socias|1934 Stevenson Ranch Pkwy|Syracuse|13251|NY|USA|socias.trina84@example.org|719.008.8865|20190222|IT
3825|Maryalice Z Notis|48 Timothy Dr|Sioux Falls|57103|SD|USA|notis-maryalice@example.gov|605-036-6446|20160726|IT
3830|Nohemi Q Kosharek|999 David Wy|Salter Path|28575|NC|USA|nohemiqkosharek@example.com|336.294.4446|20190913|IT
3847|Katia Prajzner|663 Vasquez Wy|Liverpool|17045|PA|USA|katiaprajzner@example.co.uk|+1-385-830-1031|20180707|IT
3866|Evelyne A Stoakes|119 El Corazon Dr|Magnolia|39652|MS|USA|stoakes-evelyne@example.co.uk|+12284220959,7692185386,228-110-5874|20190411|IT
3873|Jenniffer W Robertazzi|1150 Bonita|Pocahontas|63779|MO|USA|robertazzijenniffer@example.org|970-010-7745|20161113|IT
3875|Caprice D Gasho|449 Chaparral Ln|Ringgold|71068|LA|USA|caprice_gasho@example.com|9131062570|20150406|IT
3879|Joette H Mckelvie|423 Morning Glory Pl|Basking Ridge|7920|NJ|USA|joette_mckelvie@example.com|5510093880|20180130|IT
3907|Marth W Podbielski|981 Golden Glen Ct|Fort Smith|72905|AR|USA|podbielski_marth97@example.org|6290488020,2138033095|20131124|IT
3909|Rebbecca I Acello|592 Natalie Wy|Secretary|21664|MD|USA|rebbeccaiacello@example.org|667-501-3510|20140409|IT
3911|Kristi P Nestico|1080 Parkridge Ln|Charlotte|28287|NC|USA|nestico-kristi92@example.gov|7043282731,9108340070|20181222|IT
3923|Kira M Cowhig|695 Via Impreso|Englewood|80154|CO|USA|cowhig_kira@example.com|7011201061|20180129|IT
3928|Candace A Wieger|2243 Turmeric Ct|Ranburne|36273|AL|USA|candace-wieger@example.co.uk|256-314-3435|20120321|IT
3933|Maximo K Uchima|1134 Gladesworth Ln|Overton|89040|NV|USA|uchima-maximo@example.co.uk|725-462-4860,0017259107161|20140313|IT
3945|Argentina A Lazauskas|2391 Tampico Dr|Unadilla|13849|NY|USA|lazauskas.argentina@example.co.uk|605.688.0347,208-979-9966|20160914|IT
3957|Milagro E Dunetz|816 Hills Dr|Oakville|6779|CT|USA|milagroedunetz@example.com|959.005.9716|20150530|IT
3966|Marylou N Crowton|2 Avd Rondel|Goodrich|48438|MI|USA|marylouncrowton@example.gov|616-900-7752|20111015|IT
3972|Richard D Oberstein|684 Sultus St|Aliso Viejo|92656|CA|USA|richard-oberstein@example.co.uk|340.418.9418|20110311|IT
3974|Eilene Caracciold|134 Fairweather St|Las Vegas|89130|NV|USA|eilenecaracciold@example.org|601-649-4519|20100318|IT
3985|Hai L Payumo|869 Sunrise Hills Rd|Compton|72624|AR|USA|payumo-hai@example.co.uk|228-003-8164,870-705-8016,406-621-4731|20110122|IT
3996|Carla Q Maroszek|680 Primavera|Fulshear|77441|TX|USA|maroszekcarla@example.co.uk|7024334717|20100923|IT
4003|Rebecca F Jebbia|957 Via Fuente|Denver|80218|CO|USA|rebecca_jebbia@example.com|7200788897|20170213|IT
4025|Giuseppe B Sokolsky|2341 Rene Veluzat Wy|Tolstoy|57475|SD|USA|giuseppe-sokolsky@example.com|6055584374|20191215|IT
4048|Dominique G Ifill|488 Cotswold Dr|Falkner|38629|MS|USA|dominiqueifill@example.gov|0016031904809|20150819|IT
4056|Martin I Chavoya|1178 Northpark Dr|Florissant|63032|MO|USA|martinichavoya@example.co.uk|636-637-3483|20160701|IT
4057|Estell F Cantafio|307 Green Ter Dr|Jansen|68377|NE|USA|estellfcantafio@example.com|308-279-1097,531-796-8482|20190823|IT
4059|Ronnie V Miotto|422 Los Arqueros Dr|Rembrandt|50576|IA|USA|miotto_ronnie@example.com|712.312.5691,3197851457|20190812|IT
4065|Hans Z Agerter|480 Mauch St|Russell Springs|42642|KY|USA|agerter_hans@example.org|+1-364-516-5786|20160814|IT
4066|Alpha G Palilla|33 Brighton Ln|W Hartford|6137|CT|USA|alpha.palilla@example.gov|670.384.9950,203-661-5391|20111222|IT
4070|Brendan B Gatehouse|38 Via Gavola|Houston|77236|TX|USA|gatehouse.brendan@example.gov|936.196.7387,972.040.7803|20120219|IT
4076|Florene S Hippensteel|502 Paradise Rd|Wilsonville|62093|IL|USA|floreneshippensteel@example.org||20180713|IT
4099|Evelina A Bialczak|772 Amberley Wy|Scandia|55073|MN|USA|bialczak.evelina@example.com|7633472576|20130118|IT
4106|Maryjo H Morbitzer|2251 Bension Dr|Dayton|45408|OH|USA|morbitzermaryjo@example.co.uk|9307757401|20190814|IT
4107|Alaine Chaya|505 Waterway Ln|Irvine|92612|CA|USA|alaine-chaya@example.co.uk|641.355.0666|20121024|IT
4124|Johnathan E Nejman|653 Silverstone Ln|Lithia Springs|30122|GA|USA|nejman.johnathan@example.co.uk|678.469.8943|20150911|IT
4128|Krissy Halgas|2306 Highplains Ct|Parsons|38363|TN|USA|halgaskrissy@example.gov|423-903-1923|20141228|IT
4145|Donetta Schuckert|1018 Wiley Cyn Rd|Camp Murray|98430|WA|USA|donetta_schuckert@example.gov|2531047150|20200105|IT
4149|Kevin N Newel|1295 Lewendo Ct|Stamford|6902|CT|USA|kevin-newel@example.gov|939.297.5127,3073189888|20120306|IT
4154|Toby A Stancer|400 Del Valle Rd|Rutland|45775|OH|USA|tobystancer@example.org|3071572643,770.680.9838,401.656.6796|20181211|IT
4163|Taren P Valder|984 Bancroft Pl|North Smithfield|2896|RI|USA|taren-valder@example.co.uk|7168593702|20181220|IT
4169|Eleonora Kyong|508 Sarda Rd|Dupuyer|59432|MT|USA|eleonorakyong@example.com|671-028-9091|20100610|IT
4176|Kim P Sanso|45 Chimney Rock Rd|Crystal River|34428|FL|USA|kimsanso90@example.gov|850.890.2302,254.360.4675|20150929|IT
4177|Hue U Yuki|516 Kenwood Av|Mc Clure|62957|IL|USA|yuki_hue@example.co.uk|217-385-6816|20120817|IT
4183|Nevada T Makovicka|577 Hammond Ct|Pompano Beach|33061|FL|USA|nevadatmakovicka@example.com|802.952.1173|20121031|IT
4202|Niesha W Renyer|1259 Canyon Oak Pl|Homer|61849|IL|USA|renyer_niesha@example.com|667.102.7867,708.793.2939|20190204|IT
4210|Onita A Fitzsimon|308 14th St|San Diego|92132|CA|USA|onita_fitzsimon@example.co.uk|207-061-7661|20160222|IT
4224|Beverly I Metros|517 Cabral St|Bankston|35542|AL|USA|beverlyimetros@example.gov|938.408.1423|20111011|IT
4228|Hwa I Kenfield|959 Chiquella Ln|Centereach|11720|NY|USA|kenfield-hwa@example.org|718-765-9512|20190206|IT
4236|Taren E Cardinalli|2496 Barbacoa Pl|Savannah|38372|TN|USA|cardinalli_taren@example.co.uk|4231500804|20190718|IT
4237|Francis Fluet|228 Jakes Wy|Constable|12926|NY|USA|francis.fluet@example.com|845.413.0509|20161018|IT
4245|Dolores B Turmenne|1088 Joel St|Mc Knightstown|17343|PA|USA|dolores-turmenne@example.com|405.832.8167|20190809|IT
4252|Mirella D Getson|543 La Glorita Cr|Paonia|81428|CO|USA|mirella.getson@example.com|720-633-0224|20100208|IT
4264|Germaine F Itri|26 Hibiscus Ct|Remote|97468|OR|USA|itri-germaine@example.org|502-836-0434,458.707.1215,351-470-7018|20111113|IT
4283|Doretha V Ausbrook|432 Olivas Pk Rd|Lincoln|68514|NE|USA|ausbrook-doretha@example.com|+15317787880|20140629|IT
4285|Arron N Bamert|2037 Lakehills Rd|Wildomar|92595|CA|USA|bamert-arron@example.co.uk|5759125589|20110528|IT
4294|Fawn H Hajduk|502 Audrey Ct|Clear Lake|55319|MN|USA|hajdukfawn65@example.com|724-913-7693|20101126|IT
4297|Denese Veazey|883 Sierra Oak Trl|Aberdeen|42201|KY|USA|denese-veazey@example.com|364.637.3944,8017199797,5025295040|20181122|IT
4311|Zachariah Burich|424 Abbey Glen Pl|Florence|35632|AL|USA|burich.zachariah@example.org|505-948-7687|20150904|IT
4318|Noreen H Merdith|715 Trevyelon St|Destin|32541|FL|USA|noreenmerdith@example.com||20170424|IT
4328|Charis Riall|418 Pinebank Dr|Fresno|93759|CA|USA|charisriall@example.org|661.260.6858|20120901|IT
4334|Dewayne D Warmbrodt|2018 Glorioso Ln|Omaha|68106|NE|USA|dewaynewarmbrodt@example.gov|5316052613,402-858-8438|20111204|IT
4340|Herman D Coller|361 Laurelcrest Ln|Corsica|15829|PA|USA|hermandcoller@example.com|412-755-8561|20140806|IT
4351|Bulah R Vallett|1967 Cumin Ct|Varysburg|14167|NY|USA|vallett-bulah@example.org|802-860-1669,508.297.7479|20130607|IT
4354|Byron Q Rathert|212 Jacaranda Ln|Charlotte|28226|NC|USA|byron-rathert@example.com|219.296.7144,775.147.9012|20170704|IT
4359|Maragret P Laura|564 Rainier Rd|Lyndora|16045|PA|USA|laura.maragret@example.co.uk|610.667.0553|20120816|IT
4368|Marketta Q Detman|287 Abbey Glen Pl|Madison|53744|WI|USA|markettadetman@example.gov|534.014.7719,414.697.7267|20110603|IT
4370|Delia B Lumley|369 Molokai|Honoraville|36042|AL|USA|delia_lumley@example.org|5314454173|20140728|IT
4384|Phillip T Ronemus|303 Sierra Hill St|Gibbon Glade|15440|PA|USA|philliptronemus@example.co.uk|272-724-7982|20101012|IT
4392|Leisha P Stief|1121 Orchid Cove Dr|Duncombe|50532|IA|USA|leishapstief@example.gov|802-783-2181|20131128|IT
4400|Perla Barse|871 Highspring Av|Emden|62635|IL|USA|perlabarse@example.co.uk|8470594597,7792616424|20121011|IT
4416|Terina X Bartles|2072 Brillante|Panama City Beach|32407|FL|USA|terina_bartles@example.com|2393647278|20170813|IT
4428|Donald Slawski|1131 Portana Ln|Eaton|45320|OH|USA|donald-slawski@example.com|670.614.0141|20181126|IT
4431|Deandra A Varick|987 Sierra Estates Dr|Peterson|55962|MN|USA|varick.deandra@example.com|4790744857,208.361.2948|20150615|IT
4432|Brinda G Moorhous|464 Bryce Ct|Toledo|43604|OH|USA|moorhousbrinda@example.org|220-187-7919,684-086-4897|20171104|IT
4433|Anne Mlady|1359 Crystal Spring Ct|Zortman|59546|MT|USA|anne_mlady@example.com|9372162659|20151013|IT
4434|Genna Paddock|1021 Rio Prado Dr|Depew|14043|NY|USA|paddock-genna@example.org|631-885-0763|20190922|IT
4460|Janice L Passwaters|823 Cheshire Ln|Dieterich|62424|IL|USA|janicelpasswaters@example.co.uk|907-822-5767|20120121|IT
4463|Carissa S Kilpatrick|790 Marchland Av|Milesburg|16853|PA|USA|kilpatrick.carissa@example.org|507-087-7283|20161119|IT
4483|Ardella H Larusso|149 Napa Dr|Springfield|45504|OH|USA|ardella.larusso@example.gov|440.530.1398|20120224|IT
4490|Vella Rebman|2331 Claycrest Dr|Arlington|22202|VA|USA|rebman_vella@example.com|703.224.6742|20170913|IT
4495|Adria Q Mahy|64 Breckenridge Pl|Tomales|94971|CA|USA|adriaqmahy@example.com|650-217-9254|20140324|IT
4496|Peggy Q Piechota|161 Peajay Wy|Eastabuchie|39436|MS|USA|piechotapeggy@example.com|7636174802|20160216|IT
4501|Agnes B Muwwakkil|1525 Starfall Wy|Metcalf|61940|IL|USA|agnesmuwwakkil@example.co.uk|808.368.8113,217.225.0445|20191119|IT
4506|Rosalyn X Hino|346 Dickason Ct|Kerr|45643|OH|USA|rosalynxhino@example.com|615-843-5900,308-822-1205|20160419|IT
4511|Joana T Guglielmi|152 Suzanne Ln|Jamestown|80455|CO|USA|guglielmi.joana@example.com|509.034.7228,702-786-5248|20181125|IT
4551|Stefanie R Pasion|1796 Lawnside Dr|Montara|94037|CA|USA|stefanierpasion@example.com|707.489.0468|20120427|IT
4564|Branden W Quary|962 River Birch Ct|Fayetteville|28301|NC|USA|brandenwquary@example.gov|862-702-9011,8505186511|20160122|IT
4574|Ammie Bierschenk|576 Valley Vista Ct|Hodges|35571|AL|USA|ammie.bierschenk@example.com|984-868-1527,670-370-8694,938.457.5824|20130315|IT
4575|Ossie I Wankel|1169 North Dakota Dr|Dallas|75235|TX|USA|wankel.ossie@example.gov|863-355-1406|20170711|IT
4603|Molly P Tizzano|770 Mystery Dr|Raleigh|27656|NC|USA|tizzano_molly@example.gov|+1-980-841-7617,2524659578|20131108|IT
4606|Elmira A Pennick|517 Copper Mtn Ct|Lees Creek|45138|OH|USA|elmiraapennick@example.gov|3309838121,937-310-4023|20161011|IT
4613|Sulema V Montalbano|1251 Taranto Av|South Waterford|4081|ME|USA|sulemamontalbano@example.gov|2073127145,207-816-6257|20190718|IT
4621|Lon S Danta|1079 Hilo Ct|Harrisonburg|22801|VA|USA|lon.danta@example.com|629-874-4635,434-565-2493,641-844-4910|20110904|IT
4644|Keely C Pallais|1515 Woodside Dr|Pineville|64856|MO|USA|keelycpallais@example.org|5317553811|20131112|IT
4646|Bobbi J Candlish|99 Deputy Jake Dr|Waynesville|61778|IL|USA|bobbicandlish@example.co.uk|+1-773-923-2869,217-058-9734|20100901|IT
4661|Andy Beckwell|399 Sequoia Rd|Arlington|22227|VA|USA|andybeckwell@example.org|5716732500,540-378-4027,4340268511|20140621|IT
4664|Malik J Reinman|805 High Point Pl|Tallula|62688|IL|USA|malik_reinman@example.gov|708.466.9461|20180205|IT
4687|Lizzette Leuze|395 Norland Rd|Fort Lawn|29714|SC|USA|leuzelizzette@example.com|2296768621|20161014|IT
4691|Lazaro H Tokarsky|1054 Barganca Ct|Springfield|1144|MA|USA|tokarsky_lazaro@example.co.uk|781-539-0480|20190104|IT
4697|Cheryll G Stiel|557 9th St|El Paso|88534|TX|USA|cheryllgstiel@example.gov|830-077-0093|20170322|IT
4699|Shea Torrano|95 Via Chantilly|Elsie|41422|KY|USA|torrano_shea@example.com|8726423426|20131214|IT
4709|Maire S Kloss|72 Open Crest Dr|Rosemead|91770|CA|USA|kloss.maire@example.org|661.456.3468|20190702|IT
4710|Alva B Mizzell|454 Black Oak Dr|Miles City|59301|MT|USA|alvabmizzell@example.gov|406.711.2950|20100207|IT
4712|Sun Iffland|1215 Av Tibbitts|West Warren|1092|MA|USA|sun-iffland@example.org|8726382534|20180905|IT
4726|Lurline W Mysliwiec|262 Watson Cr|Red Oak|30272|GA|USA|lurline.mysliwiec@example.co.uk|4047397497,601.970.4659|20130827|IT
4738|Shery X Ratynski|911 Beechwood Dr|Canton|44708|OH|USA|ratynskishery@example.org|5130106405|20180926|IT
4746|Na M Nottage|706 Via Delicia|Bellville|30414|GA|USA|na.nottage@example.gov|229.604.2798|20141215|IT
4754|Tiffanie C Amoss|390 Stonington Ln|Fairfield|94533|CA|USA|tiffanie.amoss@example.org|865.637.1948|20170827|IT
4786|Charles Z Ehret|735 Cross Mtn Wy|Crockett|41413|KY|USA|charleszehret@example.gov|+1-770-648-5245|20160512|IT
4796|Rosemary Herczeg|450 Stonechat Ct|Saint George|84770|UT|USA|rosemaryherczeg@example.org|435-992-1423,435.278.9617|20111113|IT
4833|Teri Delrosal|897 Summit Hills Dr|San Bernardino|92416|CA|USA|delrosalteri@example.com|574-342-9187|20191028|IT
4836|Rosalie V Perrera|2204 Potrero Cyn Rd|Huntington|25727|WV|USA|perrera.rosalie@example.gov|206.596.0588,+1-304-277-7191|20200110|IT
4849|Melda S Slagowski|2745 Drayton St|Newton|62448|IL|USA|meldasslagowski@example.gov|575.404.7201|20160307|IT
4852|Ron Lonie|1403 Franks Wy|Cherokee|73728|OK|USA|ron.lonie@example.gov|208-530-5680|20140709|IT
4854|Augustine R Huddy|56 Shadow Rock Ln|Grand Ridge|61325|IL|USA|huddyaugustine@example.co.uk|630.008.9528|20151117|IT
4861|Susanne I Kissam|2179 Shenandoah Ln|Bloomington|77951|TX|USA|susanneikissam@example.com|7131849566|20190719|IT
4866|Keshia B Montel|1185 Gold Cyn Dr|Williamsfield|44093|OH|USA|keshiabmontel@example.org|234-891-8694|20170929|IT
4884|Tiara Chaffer|187 Barbacoa Pl|Stockton|95215|CA|USA|tiara-chaffer@example.gov|505-211-0842|20180414|IT
4887|Caprice Lovero|945 Silverstone Ln|Parker|83438|ID|USA|capricelovero@example.gov|2081430181|20150606|IT
4905|Numbers I Turilli|838 Van Gogh Ln|Moulton|52572|IA|USA|numbersiturilli@example.co.uk|563.655.6403,7127458327,+1-414-850-7460|20120319|IT
4917|Fernande J Segedi|659 Ridgeway Ct|Nilwood|62672|IL|USA|fernandejsegedi@example.org|7790188674|20200101|IT
4922|Robyn I Mione|1354 Raintree Ln|Washington|20204|DC|USA|mione.robyn@example.co.uk|+1-787-583-7268|20180523|IT
4933|Bettina Q Wooddell|1014 Backer|Ola|83657|ID|USA|bettina_wooddell@example.gov|671-955-0662|20180312|IT
4955|Tracy Forneris|1189 Via Bordeaux|Portsmouth|23703|VA|USA|forneris-tracy@example.gov|502.328.3689,7032241996,907.131.7533|20190116|IT
4958|Emilio Geres|636 Sierra Sunrise Ln|Piney Creek|28663|NC|USA|geres-emilio@example.org|828-957-2690|20180627|IT
4976|Alta L Manatt|219 Huston St|Dilworth|56529|MN|USA|alta.manatt@example.gov|651.080.0603,3191241413|20150623|IT
4981|Luisa P Iberg|362 Beldove Ct|Canton|44709|OH|USA|luisa_iberg@example.co.uk|+1.567.460.3809|20161121|IT
4996|Rosena L Dellamano|124 Hood Wy|Cassville|26527|WV|USA|rosenaldellamano@example.gov|304-396-0992|20141209|IT
5007|Caprice D Gasho|449 Chaparral Ln|Ringgold|71068|LA|USA|capricedgasho@example.gov|985.675.7492|20160928|IT
5020|Ronnie V Miotto|422 Los Arqueros Dr|Rembrandt|50576|IA|USA|ronniemiotto@example.co.uk|207-285-1684|20191129|IT
5040|Alexandria F Rolleston|1724 Elm Ct|Thomas|73669|OK|USA|rolleston.alexandria@example.com|724-985-4443|20160320|IT
5064|Kirby Bauermeister|645 Quail Oaks Dr|Pittsburgh|15241|PA|USA|kirby_bauermeister@example.org|267.809.2371|20200105|IT
5066|Tanya V Hodder|73 Westview Ln|Wilmington|19880|DE|USA|tanyavhodder@example.com|3029896560|20190812|IT
