7|Lindsay Caporali|491 Sanford Wy|Chuckey|37641|TN|USA|lindsay_caporali@example.org|8657727697,5399163416|20151004|Legal
13|Josef E Gatte|1348 Cobblestone Ct|Pflugerville|78691|TX|USA|josef-gatte@example.org|956.248.6411|20120201|Legal
21|Lesa Distelrath|1819 Row Ct|Bethlehem|47104|IN|USA|uehwmvorle@example.com|4042586824|20170125|Legal
22|Jayson T Baldy|1762 Mira Vista St|Hershey|69143|NE|USA|jaysontbaldy@example.co.uk|531.277.3262,307.812.9641,308.770.5156|20190702|Legal
28|Asia L Nisula|104 Goldstream Wy|Cecilia|42724|KY|USA|asialnisula@example.com|401.727.9896,5755670598|20131012|Legal
38|Brant O Grappe|1033 Radbrook Pl|Ferrisburg|5456|VT|USA|brant.grappe@example.gov|802-092-3392|20160605|Legal
41|Bradford O Hantman|74 Esperanza Ln|Philipsburg|59858|MT|USA|bradfordohantman@example.gov|4067228648|20120830|Legal
42|Gabriel G Ohman|2999 Alfreds Wy|Ore City|75683|TX|USA|ohman-gabriel@example.co.uk|206.409.3167,430.821.5354|20140705|Legal
58|Chasity I Arturo|1688 Skyline Ct|Dutton|35744|AL|USA|chasity_arturo@example.com|256.714.1892,205.751.2535|20171017|Legal
81|Hollis R Tamashiro|984 Castaic Cyn Rd|South Wales|14139|NY|USA|tamashirohollis@example.com|6807681051|20150904|Legal
103|Danille O Kious|663 La Veda Av|Schuyler Lake|13457|NY|USA|danille.kious@example.org|646-403-4697|20101222|Legal
116|Albertine C Shewbridge|896 Palo Solo Motor Wy|Torrance|90510|CA|USA|albertine.shewbridge@example.org||20110601|Legal
120|Ha N Rabanal|1658 Sarvistree Ct|New York|10158|NY|USA|harabanal@example.org|716-786-2250|20130111|Legal
124|Naomi F Winsett|621 Colorado Pl|Piedmont|43983|OH|USA|naomi-winsett@example.gov|3460648668|20190925|Legal
127|Augustus P Torvik|735 Lynne Ct|Evansville|47706|IN|USA|torvik.augustus@example.gov|8121958901,3407646671|20140419|Legal
133|Tiffaney X Posse|491 Whitman St|Noble|73068|OK|USA|tiffaneyxposse@example.org|5392188326|20130617|Legal
134|Tiffaney Weichel|27 Kelly Johnson Pkwy|Hondo|88336|NM|USA|tiffaney.weichel@example.org|505.935.1503|20101129|Legal
153|Neoma P Eggert|1645 Nearbrook St|Marshfield|2050|MA|USA|eggert_neoma@example.co.uk|2282591684|20141017|Legal
154|Pamelia F Stawiarski|345 Monakea|Greenwich|12834|NY|USA|pamelia-stawiarski@example.com|3472560336|20140907|Legal
160|Palma Amonson|1093 Rye Cyn Rd|Glenmora|71433|LA|USA|ezjfbgr@example.org|985-710-6948|20100715|Legal
170|William G Calway|786 Wagner Wy|Hookerton|28538|NC|USA|william.calway@example.com|443-768-8662|20190401|Legal
171|Ione C Haueisen|320 Cuervo Dr|Metaline Falls|99153|WA|USA|ionechaueisen@example.gov|3603848999|20121119|Legal
173|Janett O Garibian|747 Keepsake Wy|Richmond|94802|CA|USA|janettogaribian@example.co.uk|3212710126,870.163.9857|20141112|Legal
175|Marianna X Lairamore|305 Cherry Willow Dr|Arvada|80002|CO|USA|lairamore_marianna@example.com|202.922.9290|20180221|Legal
186|Eusebia Jiminian|886 Rustico Ct|House|88121|NM|USA|jiminian-eusebia@example.co.uk|575.821.2679|20100808|Legal
198|Liberty I Mer|594 Eden Ct|Helvetia|26224|WV|USA|mer.liberty@example.com|475-103-3315|20111221|Legal
219|Tonie J Eschbaugh|1645 Coronado Ct|Creal Springs|62922|IL|USA|eschbaugh.tonie@example.org|312.126.3855,302-664-6536|20161029|Legal
229|Santo E Malic|563 Marvin Av|Hagerstown|21741|MD|USA|malicsanto@example.com|443-044-9885,240.675.3772|20120305|Legal
246|Cheryle N Farman|1280 Brighton Ln|Lincoln|68531|NE|USA|farman.cheryle@example.com|531-471-8934,984-819-8858,364-536-9518|20150813|Legal
263|Bennie Q Karan|1469 Terravista Ct|Galax|24333|VA|USA|bennieqkaran@example.gov|434.717.8090,540-439-6854|20140618|Legal
265|Ashanti Q Dutter|930 Woodbury Pl|Cazadero|95421|CA|USA|dutter.ashanti@example.gov|2026604252|20200107|Legal
269|Ronny Jalil|827 Ranney House Ct|Cairnbrook|15924|PA|USA|jalil.ronny@example.org|8652485495|20191203|Legal
272|Natosha M Lovine|362 Kevin Pl|Chester|26034|WV|USA|natoshamlovine@example.org|681.330.3392|20150318|Legal
274|Shawna I Vaks|137 Tothill Dr|Buffalo|14280|NY|USA|shawna.vaks@example.org|9190113840|20111002|Legal
292|Lilli N Mocanu|1739 Hartford Av|San Jose|95170|CA|USA|lilli-mocanu@example.com|+16618628375,669-132-6603|20140114|Legal
293|Delma T Moskalenko|890 Ness Dr|Copemish|49625|MI|USA|delma.moskalenko@example.gov|515-632-0322,001-231-895-8202|20180704|Legal
303|Jacinda Lannoo|550 Rustico Ct|Fresno|93708|CA|USA|lannoo-jacinda@example.gov|916.560.2019|20150613|Legal
307|Bonny W Labun|277 Plaza Luneta|Cleveland|53015|WI|USA|bonnywlabun@example.gov|757-381-1045,816-382-6622,4148228468|20191030|Legal
309|Meta R Schreier|756 Truman Ct|Genoa|60135|IL|USA|meta.schreier@example.com|3083944861|20110923|Legal
313|Charis M Redell|431 Calle De Sol Dr|Boise|83756|ID|USA|charis-redell@example.gov|2089480705|20191017|Legal
317|Lewis R Meulemans|35 Ceylon Pl|Otis|80743|CO|USA|lewismeulemans@example.gov|9192216717,9702399988|20181121|Legal
355|Dominque D Bogs|695 Taylor Ct|Dana Point|92629|CA|USA|dominquedbogs@example.com|4063903251|20181126|Legal
358|Ellis T Janet|570 Royal Pine Ln|Tioga|26691|WV|USA|ellis-janet@example.co.uk|531.942.2949|20110619|Legal
366|Chanda H Driessen|73 Comet Wy|Washington|20423|DC|USA|chandadriessen@example.com|331-169-5571|20110124|Legal
388|Aleen Gafner|99 Smoke Tree Ln|Durham|27710|NC|USA|aleen.gafner@example.co.uk|9395628323,828-060-8752|20180126|Legal
390|Carrie R Wess|2135 Coral Ln|Houston|77227|TX|USA|carrie.wess@example.org|+19798316880|20140717|Legal
405|Palmira Q Schuman|271 Geranimum Glen Ln|Mesquite|88048|NM|USA|schuman.palmira83@example.org|262-543-1121|20141217|Legal
406|Emmanuel N Hewison|190 Vermont Dr|Saint Louis|63157|MO|USA|emmanuelnhewison@example.co.uk|442.387.2345|20141106|Legal
407|Tamala C Shervin|397 Calle Arino|Bowmansville|14026|NY|USA|tamala-shervin@example.gov|+13471731986|20170501|Legal
420|Karmen L Delehanty|2469 Devonshire Ct|Machesney Park|61115|IL|USA|karmen.delehanty@example.com|260-986-7970|20191211|Legal
424|Moises O Wleklinski|1040 Springtree Pl|Hammonton|8037|NJ|USA|moiseswleklinski@example.com|908-115-2090|20121014|Legal
430|Jesus Ende|1186 Cherry Ct|Flint|48551|MI|USA|jesusende@example.gov|269.113.9216|20150922|Legal
433|Classie T Gregg|2290 Adonis Ln|Washington|20002|DC|USA|classie.gregg@example.com|202.310.7224|20100630|Legal
434|Roxy V Herbon|1042 Ironwood Dr|Bassett|68714|NE|USA|roxyherbon15@example.co.uk|6076716028|20100721|Legal
441|Janyce G Driggs|222 Ash Ct|Waterville|5492|VT|USA|janyce.driggs@example.com|802.822.5954|20180730|Legal
450|Domonique V Leider|1927 Sarkis Ct|Kleinfeltersville|17039|PA|USA|domoniquevleider@example.org|3052760327|20130119|Legal
451|Irena Golightly|628 Vasquez Cyn Rd|Wilmington|19802|DE|USA|golightly.irena@example.gov|302-673-8921|20160826|Legal
458|Raphael D Bredensteiner|208 Via Vizcaya|Inverness|34453|FL|USA|pqcfxq@example.co.uk|240-406-4221,205.953.6163|20100827|Legal
460|Sheena C Wesselink|1554 Marshall Wy|Dexter|55926|MN|USA|sheenacwesselink47@example.org|2073872425,684.030.5836|20150121|Legal
464|Gertha V Stingo|582 Benz Rd|Peabody|1960|MA|USA|gerthavstingo@example.org|+1.808.078.5805,5088029272|20191111|Legal
470|Glenn Z Batteast|497 Huston St|Kansas City|64191|MO|USA|glennzbatteast49@example.com|636.129.9301|20130923|Legal
493|Eugenie V Sohail|1030 Santa Rosa Ln|Riverside|64150|MO|USA|eugenie_sohail@example.gov|4236208628,+13146888349|20190719|Legal
495|Ignacia Kusma|988 Marina Ct|Dewittville|14728|NY|USA|ignaciakusma@example.co.uk|+16070450831,845.586.8833|20100926|Legal
507|Willodean C Derring|57 The Old Road|Meridian|73058|OK|USA|willodeanderring@example.com|5807026519|20130326|Legal
535|Karrie A Venturelli|668 Voltaire Pl|Concord|28026|NC|USA|venturelli_karrie@example.com|7438793275|20140913|Legal
536|Joan Q Kuhlmeier|1142 Aldercreek St|Red Springs|28377|NC|USA|joan-kuhlmeier@example.gov|704-392-0838,484.815.3544|20111003|Legal
537|Anja T Wason|1040 Castillo Ln|Haleiwa|96712|HI|USA|wason-anja@example.org|8081505235,316-753-2242|20190208|Legal
543|Brittni G Fauci|167 Rosette Dr|Winter Springs|32719|FL|USA|brittnigfauci@example.co.uk|305-662-3142|20130406|Legal
567|Shawn A Malicoat|340 Laurel Creek Cr|Stuttgart|72160|AR|USA|shawnmalicoat@example.org|479-212-3469|20170108|Legal
568|Bethann Giotta|617 Louis Av|Sanger|76266|TX|USA|giottabethann@example.com|406.452.4371|20141220|Legal
571|Lauren X Carder|657 Agate Wy|Jellico|37762|TN|USA|laurenxcarder@example.org|406.296.4248,865-594-3687,865-079-5845|20140705|Legal
572|Dell D Davidoff|520 Sarape Ct|Baltimore|21287|MD|USA|dell-davidoff@example.gov|301.058.3749|20100613|Legal
580|Joe U Cark|962 Hammons Ct|Oakhurst|7755|NJ|USA|joecark@example.org|7246273072,848.379.9078|20190824|Legal
584|Jina Y Rece|669 Waterwheel Rd|Colorado Springs|80930|CO|USA|jina-rece@example.gov|5319748124|20120622|Legal
588|Anibal N Daniel|192 Via Macarena|Venus|76084|TX|USA|anibal-daniel@example.gov|919-632-9334|20101102|Legal
599|Joseph M Keam|208 Lone Star Wy|Hamilton|39746|MS|USA|josephmkeam@example.gov|3189899068|20120828|Legal
601|Brandee A Ayeni|1005 Blanca Wy|Johnston|50131|IA|USA|brandee.ayeni@example.org|319-092-5764,641-017-1340|20130226|Legal
618|Allen U Vince|333 Elliott Ln|Wichita|67260|KS|USA|allen_vince@example.co.uk|509.658.7549|20180706|Legal
621|Ilda Z Sutterlin|241 Osage Ridge Rd|Goshen|10924|NY|USA|ilda-sutterlin@example.com|6056839001|20120303|Legal
622|Lili K Balsimo|758 Live Oak Rd|Bismarck|61814|IL|USA|lilikbalsimo@example.com|847.619.6396|20181116|Legal
628|Genevie I Banzhof|2358 Glasser Av|Lexington|40550|KY|USA|banzhof_genevie@example.com|8596112990|20150616|Legal
635|Heike Frecker|116 Arch St|Mc Naughton|54543|WI|USA|heike.frecker@example.co.uk|616.913.6537|20150504|Legal
650|Robbin W Fattore|738 Silverton Ct|Dunnigan|95937|CA|USA|fattore_robbin@example.co.uk|714-368-1051,619-519-9376|20161103|Legal
652|Allie R Sadow|60 Tulip Grove St|Coronado|92178|CA|USA|alliersadow@example.gov|001.478.759.3051|20141201|Legal
668|Bonnie K Benthall|468 Vega Walk|Adams|13605|NY|USA|bonniekbenthall@example.org|6803401584,718-219-7572|20161228|Legal
685|Stella S Talluto|256 Bookham Dr|Onemo|23130|VA|USA|stellastalluto@example.gov|6122772038|20140517|Legal
704|Jeana Hirsh|561 Kings Cyn Ln|Reserve|59258|MT|USA|hirshjeana33@example.gov|406-560-1631|20150421|Legal
705|Jacquelyn L Aszman|1515 Saddle Peak Trl|Binghamton|13905|NY|USA|jacquelynlaszman@example.com|2121130017,929-894-8071|20130223|Legal
706|Refugio Macpeek|604 Cinnabar Ln|Kissimmee|34743|FL|USA|refugiomacpeek60@example.co.uk|954-924-5051|20110306|Legal
708|Catherine Tekulve|667 Stag Hollow Ct|Fair Play|29643|SC|USA|catherine.tekulve@example.co.uk|0018431765141|20141001|Legal
713|Seymour X Lege|278 Sylvia Dr|Martinsburg|43037|OH|USA|seymourxlege@example.co.uk|419.634.6271|20110502|Legal
715|Arturo W Phillips|1435 Cheraw Dr|Siloam|27047|NC|USA|arturo.phillips@example.gov|8089649426|20131109|Legal
720|Eleonore K Daunais|594 Balerna Dr|Port Arthur|77640|TX|USA|eleonorekdaunais@example.co.uk|806.568.2759,713.269.6225|20120122|Legal
733|Yong H Schuttler|332 Brittany Ln|Steele|58482|ND|USA|yong.schuttler@example.gov|+1.770.186.0201|20120104|Legal
734|Angeles Q Kwait|673 Briardale Wy|Dycusburg|42037|KY|USA|angelesqkwait@example.gov|364-791-0687|20121011|Legal
740|Ignacio Antler|1934 Mocha Dr|Whitefield|4353|ME|USA|ignacioantler@example.gov|720.899.7986,713.492.1884,920-775-9289|20130403|Legal
758|Joanna S Soderberg|466 Via Belterra|Coalmont|37313|TN|USA|joannasoderberg@example.com|615-788-3299|20150803|Legal
763|Moshe Poropat|290 Wildwood Cyn Rd|Liberty|62347|IL|USA|mosheporopat@example.com|7013406703|20180615|Legal
777|Paola P Ahmetovic|583 Rock Cyn Dr|Cloverport|40111|KY|USA|paola_ahmetovic@example.co.uk|207-648-9678|20120901|Legal
791|Eustolia T Rydell|93 Kerry Robin Dr|Graff|65660|MO|USA|eustoliatrydell@example.com|573.157.1251|20141220|Legal
806|Camelia R Startin|429 Mariposa St|Crawford|38554|TN|USA|cameliarstartin@example.co.uk|9313172957,+13407668056|20160601|Legal
812|Season Cendana|1034 Lakehills Rd|Estancia|87016|NM|USA|seasoncendana@example.gov|575-978-5234|20101106|Legal
819|Tessa Pisapia|1494 Santa Ynez Wy|Beech Grove|72412|AR|USA|tessapisapia@example.co.uk|4795015829,479.997.1599,302.524.5813|20150308|Legal
841|Christen M Hiester|676 Kirby Ct|Lumberton|28358|NC|USA|hiester_christen@example.co.uk|302-756-8719|20120325|Legal
847|Yolande Estraca|88 Cr Of Friends|Rochelle|76872|TX|USA|yolande-estraca@example.org|4304172297|20130705|Legal
848|Vanessa D Sanza|143 Summit Pl|Fort Pierre|57532|SD|USA|vanessadsanza@example.com|215-852-7170,605.689.9081|20140326|Legal
855|Hong Fausak|341 Birch Pl|Bay City|77414|TX|USA|fausak_hong@example.co.uk|936.960.5529,684-688-3766|20150328|Legal
880|Vernice E Schnaubelt|1246 Via Danza|Hines|97738|OR|USA|verniceeschnaubelt@example.gov|971-773-9855,5411731905|20130403|Legal
915|Cesar Loeding|775 Colwyn Av|Aurelia|51005|IA|USA|loeding_cesar@example.org|641-591-6089|20190129|Legal
917|Daniele Podratz|1299 Nutmeg Ln|Houston|77212|TX|USA|danielepodratz@example.co.uk|8065356198,6820125405|20140716|Legal
935|Bertha Russeau|1248 Countryside Ln|Gould|71643|AR|USA|russeau_bertha@example.com|414-449-8500|20100328|Legal
960|Cecil Baszler|449 Ada St|New Rochelle|10805|NY|USA|cecilbaszler@example.co.uk|6803852100|20140101|Legal
975|Corinna S Kanevsky|2040 Cottonwood Ct|Harold|41635|KY|USA|kanevsky.corinna@example.co.uk|763-421-3930|20100816|Legal
976|Sidney N Kissam|515 The Old Road|Fort Collins|80524|CO|USA|sidney-kissam@example.com|314.551.2049|20180504|Legal
983|Dorian N Hoaglund|1085 Papazian Ct|Corpus Christi|78404|TX|USA|hoaglund-dorian@example.com|671.794.1725|20100327|Legal
984|Hans O Saggau|545 Vista Point Pl|Scipio Center|13147|NY|USA|hanssaggau@example.co.uk|5189606960,5752885849,860-997-0747|20130309|Legal
1007|Hettie Y Aranyos|1232 Tobiah Pl|Sparks|89434|NV|USA|hettieyaranyos@example.org|641-151-3510,7027045600|20140122|Legal
1034|Donnetta Y Countryman|819 Pandy Ct|Athens|12015|NY|USA|donnetta-countryman@example.org|001.931.835.6997,3044663625|20181130|Legal
1045|Eusebio A Rodefeld|343 Garden Of Mums Pl|Woodbury|42288|KY|USA|eusebioarodefeld@example.co.uk|3641759831|20131222|Legal
1052|Kristle W Baque|727 Sinclair Pl|Oklahoma City|73159|OK|USA|baquekristle@example.org|629.446.0638|20130327|Legal
1059|Merilyn P Kar|569 Wellhaven St|Orlando|32810|FL|USA|merilyn-kar@example.org|2258443723,2673844687|20180525|Legal
1066|Delisa P Stillinger|247 Highlands Ln|Claysburg|16625|PA|USA|delisa.stillinger61@example.gov|272-763-0562|20140713|Legal
1067|Voncile Radlein|260 Fairweather St|Matamoras|18336|PA|USA|radlein.voncile@example.co.uk|2151866788,2184182373|20160412|Legal
1069|Lakiesha E Granell|1129 Avd Dorena|Florala|36442|AL|USA|lakiesha.granell@example.org|3341374801,8503875353,+15391720671|20110224|Legal
1075|Andra X Krabill|184 Mc Keon Wy|Manawa|54949|WI|USA|andraxkrabill@example.com|715-038-9217|20150104|Legal
1091|Helaine H Enriquez|365 Salinger Ln|Key West|33040|FL|USA|helainehenriquez@example.gov|6071936060,386.726.4873|20120111|Legal
1092|Dorothy H Soapes|779 Via Telino|Montgomery|36134|AL|USA|dorothyhsoapes@example.org|9383349828,334.144.5615,440-404-3026|20100911|Legal
1103|Kali Darilek|342 Rogue Wy|Louisa|41230|KY|USA|kali-darilek@example.co.uk|270.314.7878|20181030|Legal
1106|Kenya K Sran|592 Runner Rd|Cambra|18611|PA|USA|kenyaksran@example.com|2677605800|20111215|Legal
1117|Carroll R Freck|868 Welshfield Wy|Swink|74761|OK|USA|freck_carroll@example.gov|8011365085,9073402811|20101009|Legal
1146|Davida Neukomm|799 Armstrong Cr|Newberry|47449|IN|USA|neukommdavida@example.org|3177439849|20180217|Legal
1164|Nora C Moscinski|79 Estoril St|Reelsville|46171|IN|USA|noracmoscinski@example.org|340-546-6902,219-705-9428|20140907|Legal
1169|Diana H Zondervan|3307 Linnet Ct|West Mystic|6388|CT|USA|dianahzondervan@example.gov|4752783421|20170316|Legal
1176|Jerica Beggin|1468 Cherry Dr|Silsbee|77656|TX|USA|jericabeggin@example.org|2251320822|20120526|Legal
1179|Rodolfo U Brennan|1005 Av Stanford|Staten Island|10314|NY|USA|brennan.rodolfo@example.com|646-491-5441,671-116-9787|20140908|Legal
1189|Sandie K Adeyinka|850 Radfall Ct|Port Neches|77651|TX|USA|sandiekadeyinka@example.com|208-241-6664|20180817|Legal
1191|Daniella E Kilgallon|719 Cindy Ct|Roaring Gap|28668|NC|USA|kilgallon.daniella@example.org|405.946.8758,5399113480,2285463248|20150709|Legal
1196|Kyla L Eichten|355 Eastern Pines Ct|Gonzalez|32560|FL|USA|kyla_eichten@example.org|989-286-3115|20180528|Legal
1202|Toshiko M Sciallo|1596 Newhouse St|Chana|61015|IL|USA|sciallotoshiko@example.co.uk|0012081225107,706-892-8292|20190316|Legal
1206|Barney K Frometa|1077 Haleakala|Arnolds Park|51331|IA|USA|frometa-barney@example.org|563.139.8942|20180216|Legal
1212|Lisette M Duckworth|306 Flynn Dr|Jacksonville|32220|FL|USA|duckworth.lisette29@example.co.uk|904-807-5966,305-950-2915|20191217|Legal
1228|Travis L Seguin|1126 Matador Pl|Denver|80246|CO|USA|travis_seguin@example.org|3076664010,720-708-8601,520.161.5120|20130729|Legal
1238|Heidi Bonawitz|2184 Sterling Ln|Fairfield|24435|VA|USA|heidibonawitz45@example.gov|+15409243802|20170622|Legal
1242|Miguel P Legleiter|655 Colt Rd|Fresno|93740|CA|USA|legleitermiguel@example.gov|575-138-6099,530-458-1285|20111212|Legal
1251|Lesa U Maucieri|419 Westinghouse Pl|Fallon|89406|NV|USA|lesaumaucieri@example.co.uk|670.948.6293,7755797198,7254684805|20141226|Legal
1253|Junita O Shiveley|376 Tourney Rd|Bronx|10474|NY|USA|junita_shiveley@example.co.uk|9298722764|20160716|Legal
1265|Shaunta T Bolus|44 Sherman Ln|Cheraw|29520|SC|USA|shaunta.bolus@example.co.uk|8037884967,4238181512|20111225|Legal
1275|Bethanie Q Kunzweiler|262 Bryce Dr|Flat Rock|62427|IL|USA|bethaniekunzweiler@example.org|302.708.3528|20130404|Legal
1308|Ginny E Brogden|502 Dandelion Ln|Eagar|85925|AZ|USA|ginny-brogden@example.com|2185837755,+1.802.830.7681,662.087.3179|20161106|Legal
1325|Tawanda V Yusko|109 Bella Vista Dr|Washington|20059|DC|USA|tawandayusko@example.org|202.851.4624|20170803|Legal
1332|Felton R Incerto|152 Beryl Pl|Morton|61550|IL|USA|felton_incerto@example.gov|775-768-7265|20180801|Legal
1340|Barbar B Onstad|551 Rainier Rd|Deer Park|77536|TX|USA|barbarbonstad@example.gov|8060294488|20111218|Legal
1346|Page D Cranston|1314 Bonnie View Av|Dorsey|62021|IL|USA|pagedcranston99@example.com|6718548971|20110815|Legal
1349|Elijah O Soini|247 Dogwood Ct|Alexandria|71303|LA|USA|elijahosoini@example.gov|939.186.9997|20130225|Legal
1357|Neely H Heslep|356 Cabelleta Dr|Fall Branch|37656|TN|USA|heslep-neely@example.gov|865.279.9012|20160525|Legal
1360|Nereida X Bouland|289 Emerald Ct|Pensacola|32523|FL|USA|bouland-nereida@example.org|205.142.5618,312.946.2679|20100718|Legal
1364|Laticia S Heyland|120 Grovepark Dr|Cos Cob|6807|CT|USA|laticia_heyland@example.com|959-860-4159|20150304|Legal
1369|Emeline B Mechelke|2114 Mason Ct|Crane Lake|55725|MN|USA|emelinebmechelke@example.gov|320-877-7596|20150325|Legal
1373|Harold E Foehner|151 Blackfoot Ct|Winnsboro|29180|SC|USA|harold_foehner74@example.org|803.434.3837,9010666172|20100625|Legal
1374|Iluminada T Roulier|250 Red Cedar Pl|De Lancey|15733|PA|USA|roulieriluminada@example.gov|7176890669|20190922|Legal
1386|Candy Nak|414 Barrett Dr|Kiowa|67070|KS|USA|nak-candy@example.org|+18089782311|20111024|Legal
1396|Vernice T Majetich|69 Emerald Dove Dr|Princeton|8541|NJ|USA|majetichvernice@example.gov|551.682.6432|20120207|Legal
1403|Isobel P Metheny|100 Akins Ct|Crescent Lake|97425|OR|USA|isobel-metheny@example.gov|5410741944,5348270457,541.194.6071|20170827|Legal
1407|Becky B Koros|977 Alder St|Ridgeview|57652|SD|USA|beckybkoros@example.com|3018362743,6051166418,775.755.1741|20140614|Legal
1415|Larhonda G Eisenhour|538 Ironwood Dr|Stinnett|79083|TX|USA|larhonda-eisenhour@example.co.uk|361.299.9591,9394140594|20140202|Legal
1418|Celestine K Larco|1179 Las Canasta Dr|Montville|7045|NJ|USA|celestineklarco@example.co.uk|5020669943|20180629|Legal
1422|Milissa T Stodola|580 Sierra Estates Dr|Franklin|83237|ID|USA|milissatstodola@example.co.uk|208-985-5769|20120711|Legal
1425|Reda Wheless|1761 Cherry Blossom Pl|Atlanta|31195|GA|USA|redawheless@example.org|701.029.4945,762.406.1380|20161012|Legal
1443|Lelah Nakash|149 Annmae Pl|Cresson|16699|PA|USA|lelahnakash23@example.com|4346782538|20180501|Legal
1457|Mario K Studnicki|830 Fan Ct|Healy|67850|KS|USA|mario.studnicki@example.org|580.442.1459,3168762044|20151201|Legal
1472|Ja Borgelt|385 Sarabande Ln|Beverly|40913|KY|USA|jaborgelt72@example.gov|2707477624,8594600125|20111023|Legal
1473|Hannelore X Stolfus|146 Bryce Dr|Tampa|33672|FL|USA|stolfus.hannelore@example.co.uk|3406173327|20130412|Legal
1483|Henry P Brandyberry|281 Grommon Wy|Kilgore|69216|NE|USA|henrybrandyberry@example.com|934-585-3003,803.312.9251|20120515|Legal
1496|Elba C Harns|1633 Pomita Pl|Greenville|29615|SC|USA|elbacharns@example.co.uk|843-183-2142|20111115|Legal
1504|Willis Terzyan|521 Sierra Hill St|Concord|49237|MI|USA|terzyan-willis@example.gov|313-805-7912,309.286.0465,231-916-2523|20130612|Legal
1510|Rich L Given|1684 Carl Boyer Dr|Springfield|62701|IL|USA|given.rich@example.org|217-421-1445|20191230|Legal
1517|Rey M Indig|1062 Rocket Rd|Ithaca|68033|NE|USA|reymindig@example.gov|531-951-1894|20150813|Legal
1523|Francis Fleetham|999 Fain Dr|Watertown|13601|NY|USA|francisfleetham@example.com|934.931.2443|20110731|Legal
1532|Yee Heyob|432 Whitefield Pl|Chadron|69337|NE|USA|yee_heyob@example.co.uk|4028873528|20170516|Legal
1534|Colene I Tirey|101 Aparri Av|Collinsville|24078|VA|USA|tirey-colene@example.co.uk|684-236-3797,4028901571,339-557-1649|20110708|Legal
1555|Christinia Wiethorn|750 Adonis Ln|Finley|74543|OK|USA|christinia_wiethorn@example.gov|5391246026,5807898625|20151027|Legal
1558|Cliff G Kuroki|1019 Via Gavola|Washington|20418|DC|USA|kuroki_cliff@example.gov|202-803-7711,620.032.7985|20150404|Legal
1559|Shirlene Profenno|195 Anthony Ln|Prairie du Rocher|62277|IL|USA|shirleneprofenno@example.com|2172572295,6301062116,617-754-4788|20140314|Legal
1568|Donette B Tremble|1639 Meadow Ln|Warfield|41267|KY|USA|donettebtremble@example.co.uk|001.208.498.5046|20190909|Legal
1570|Trenton M Stecklein|586 Bellerive Dr|Brackney|18812|PA|USA|steckleintrenton@example.gov|435.108.2253,2674877678,402-514-2002|20110815|Legal
1572|Ethelyn Medaglia|859 Dove Ln|Bonnie|62816|IL|USA|medaglia_ethelyn@example.com|8727535145|20180502|Legal
1576|Lyndsey Gallahar|942 Golden Rain Ln|Churchton|20733|MD|USA|gallahar-lyndsey@example.com|4430567636|20130320|Legal
1577|Duane P Nicklos|693 Janzer Ct|Zavalla|75980|TX|USA|nicklos_duane@example.org|903-992-9042,956.314.8704|20160116|Legal
1589|Ranae A Guarda|505 Baker Cyn Rd|Lumberton|77657|TX|USA|ranaeaguarda@example.gov|325-001-1123|20171015|Legal
1595|Nolan R Perriman|1162 Heritage Ln|Fish Haven|83287|ID|USA|nolanrperriman@example.co.uk|5598455721|20140705|Legal
1601|Sean O Kauf|950 Felbridge St|Tulsa|74152|OK|USA|sean.kauf@example.co.uk|405-698-1588|20110614|Legal
1609|Reanna A Tratt|834 Nautical Ln|Worthing|57077|SD|USA|tratt.reanna@example.org|517-464-4341,2569794067|20140117|Legal
1619|Martine U Wapelhorst|703 Evan Ln|Fruitland|52749|IA|USA|martineuwapelhorst@example.co.uk|947.353.6890|20160727|Legal
1621|Louetta N Adduci|900 Franklin Pkwy|Fort Mill|29708|SC|USA|louetta.adduci@example.gov|864-062-4089,864-563-4627|20170418|Legal
1626|Alfred B Abenojar|750 Claibourne Ln|Wellesley Island|13640|NY|USA|alfred.abenojar@example.com|3320319257|20180629|Legal
1637|Tammara W Deck|632 Seco Cyn Rd|Jarreau|70749|LA|USA|tammarawdeck@example.co.uk|5040023973|20160706|Legal
1643|Markus B Strautman|790 Vista Point Ln|Eckerty|47116|IN|USA|markusbstrautman@example.gov|3378932276|20140107|Legal
1645|Lily E Kazmaier|1228 Church St|Philadelphia|19114|PA|USA|lilykazmaier@example.gov|7249289140|20130520|Legal
1655|Samual H Bitely|1339 Hacienda Ranch Ct|Sandwich|60548|IL|USA|bitely.samual@example.gov|725-989-1896|20140521|Legal
1656|Dorine Y Mcclenan|815 Everglades Ct|Valley Farms|85291|AZ|USA|mcclenan-dorine@example.com|+1-520-805-9691|20190323|Legal
1659|Lexie P Pupo|171 Angelica Pl|South Hamilton|1982|MA|USA|lexie-pupo@example.org|808.572.6791|20150116|Legal
1665|Deanne A Neang|376 Potrero Rd|Grovertown|46531|IN|USA|deanneneang84@example.com|970.726.1747|20150117|Legal
1684|Magaly Troung|2856 Blackbird Ln|Georgetown|47122|IN|USA|magalytroung@example.gov|260-551-1310|20190114|Legal
1690|Narcisa P Ode|1000 Las Palmas St|Chinle|86503|AZ|USA|ode-narcisa@example.org|302.826.7407,928-430-0824,9281027791|20190216|Legal
1696|Laure Belwood|89 Bainbury St|Terlton|74081|OK|USA|laurebelwood@example.com|+16706510621|20140819|Legal
1705|Arline X Themm|968 Belcaro Ct|Pikeville|41502|KY|USA|arline_themm@example.co.uk|606-614-5599|20151029|Legal
1718|Doloris J Reppen|110 Crockett Ln|Valier|59486|MT|USA|doloris_reppen@example.com|3408748512|20170423|Legal
1720|Jeannetta Gattoni|315 Raven Glen Rd|Branchport|14418|NY|USA|gattoni.jeannetta@example.com|332.793.8756,+19296018608|20120125|Legal
1726|Mickie Ferda|2098 American Av|Waterbury|6702|CT|USA|mickieferda@example.gov|475-580-0709,+1-475-324-9309|20131013|Legal
1728|Prudence I Balaz|106 San Francisquito Motor Wy|Sylvania|30467|GA|USA|prudenceibalaz@example.com|302-760-2248|20170420|Legal
1766|Ramonita G Ransonet|554 Chestnut St|Conway|72033|AR|USA|ransonetramonita89@example.co.uk|6670098086|20190602|Legal
1782|Many Lenker|2133 Pineview Rd|San Jose|95139|CA|USA|many_lenker@example.org|760.216.8839|20111027|Legal
1784|Gena R Zartman|486 Red Oak Ct|Hagerstown|21749|MD|USA|genarzartman@example.org|240.395.7810|20181202|Legal
1786|Tamisha Sardegna|1310 Varese Ct|Ackworth|50001|IA|USA|tamisha-sardegna@example.co.uk|319.511.5491|20130328|Legal
1788|Hye Denzel|1099 San Remo Pl|Clifton Forge|24422|VA|USA|hyedenzel@example.gov|4069506105,703.587.4256|20171129|Legal
1797|Jacki U Elizabeth|503 Vasquez Cyn Rd|New Haven|6520|CT|USA|jacki_elizabeth@example.com|203-779-8463|20191110|Legal
1832|Claribel Obal|138 Calle Brisa|Mobile|36660|AL|USA|claribel-obal@example.com|001.610.216.2798,3344315869,504-154-2931|20190901|Legal
1843|Lucina N Ledsome|23 Redwood Wy|Reading|49274|MI|USA|lucinanledsome@example.co.uk|7348422786|20180319|Legal
1849|Felipe J Naul|741 Academy Pl|Kula|96790|HI|USA|felipejnaul@example.gov|406-479-6632|20151130|Legal
1857|Vertie L Holquist|223 Fitch Av|Washington|20566|DC|USA|vertie_holquist@example.gov|202-048-1457,2022753375|20130103|Legal
1861|Daniel G Siekierski|503 Hammons Ct|Stanley|14561|NY|USA|danielgsiekierski@example.gov|260.057.0766|20200122|Legal
1871|Delcie W Cernansky|714 Faulkner Dr|Hildale|84784|UT|USA|cernansky_delcie@example.gov|435.939.0899,302-741-2199|20180819|Legal
1873|Erlene Z Orefice|478 Cedar Oak Ln|Oklahoma City|73160|OK|USA|erlenezorefice@example.gov|808-045-4445|20191122|Legal
1877|Gene X Sivak|724 Trail Ridge Rd|Osage|82723|WY|USA|gene-sivak@example.co.uk|307.680.0190|20191001|Legal
1880|Vanetta I Rittle|1144 Madigan Dr|Charlotte|28215|NC|USA|vanettairittle@example.gov|704-913-8346|20120715|Legal
1885|Sherri X Huxhold|920 Kenfel Dr|Duncannon|17020|PA|USA|huxhold-sherri@example.org|724.915.4599|20110105|Legal
1889|Cyndi U Ausen|1354 Bancroft Pl|Butler|16002|PA|USA|cyndiuausen53@example.gov|303.412.2377|20111128|Legal
1902|Siobhan W Hewit|954 Bloomfield Ct|Tampa|33673|FL|USA|hewit.siobhan@example.co.uk|5155735579,4070571088,727-531-7269|20200105|Legal
1908|Clarence K Kuroski|574 Ordco St|Lacoochee|33537|FL|USA|kuroski-clarence@example.com|772.134.5688|20161002|Legal
1914|Carolee H Berwanger|997 Riley St|Paron|72122|AR|USA|berwanger_carolee@example.co.uk|5403314319|20170810|Legal
1917|Jeffrey N Diakos|1211 Nicklaus Dr|Newcomb|87455|NM|USA|jeffrey_diakos@example.co.uk|3073513404|20180919|Legal
1919|Aurore O Tennison|1160 Mt Stephen Av|Des Moines|50363|IA|USA|auroretennison@example.com|712-887-2030|20150619|Legal
1932|Carylon C Stoer|220 Festividad Dr|Sprott|36779|AL|USA|caryloncstoer@example.gov|6121398327|20150106|Legal
1941|Tracy Beduhn|1640 Peach Ct|Albuquerque|87187|NM|USA|beduhn-tracy@example.gov|302.475.8952|20101210|Legal
1950|Nubia N Serban|477 Burton Wy|Clarkia|83812|ID|USA|serban.nubia@example.gov|208.064.9033,208.264.5827,208.267.2736|20180312|Legal
1978|Pura T Pengelly|869 Elias Av|Potter|66077|KS|USA|puratpengelly@example.com|9475602552|20141113|Legal
1988|Edna K Draker|921 Pomita Pl|Calliham|78007|TX|USA|drakeredna@example.gov|8170666751,458.439.3414|20160918|Legal
1991|Bernita K Reigart|332 Olive Mill Ct|Flintstone|30725|GA|USA|bernita_reigart@example.co.uk|4046694677|20141113|Legal
1994|Elane G Baldrica|1306 Laroda Ln|Wellsville|84339|UT|USA|baldrica_elane63@example.co.uk|435-174-7101|20160624|Legal
2007|Antoinette D Vanschyndel|651 Dalgo Dr|Raleigh|27634|NC|USA|antoinettedvanschyndel@example.gov|6811488745,712.879.4661,+1.980.963.2497|20150706|Legal
2016|Brandee G Minano|627 Knollwood Ln|Shaw|38773|MS|USA|minanobrandee@example.org|601-972-9122|20161024|Legal
2017|Chantel K Richie|354 Christopher Ln|Erwin|57233|SD|USA|chantelkrichie@example.com|605-449-2917|20180830|Legal
2021|Dori Chandrashekar|877 Empalmo Ct|Saint Clair Shores|48082|MI|USA|dorichandrashekar@example.gov|2487649835|20190629|Legal
2030|Adena E Heppner|455 El Dorado Ct|Long Beach|90844|CA|USA|heppner_adena@example.gov|508.516.2686|20140701|Legal
2036|Jeffrey F Jablecki|704 Newhall Ranch Rd|Kansas City|66105|KS|USA|jablecki-jeffrey@example.org|254-141-4985,785.979.9252|20110701|Legal
2043|Claudie M Lash|428 Wedgewood Ct|Jackson|95642|CA|USA|claudie_lash@example.gov|747.911.6521|20120421|Legal
2049|Chris W Quall|711 Sally Rd|Solebury|18963|PA|USA|chris.quall@example.gov|701-058-4295|20190409|Legal
2050|Deonna Z Zamago|863 Pashley St|Abell|20606|MD|USA|deonna.zamago80@example.org|301.672.3972|20160317|Legal
2051|Ashley R Gettmann|463 Runner Rd|Lizella|31052|GA|USA|ashleyrgettmann@example.co.uk|475-498-4078,3409612670|20150706|Legal
2071|Clarence Q Swennes|1071 Wildwood Rd|New Oxford|17350|PA|USA|swennesclarence@example.gov|563-512-6260|20110901|Legal
2074|Winter Q Kusters|478 Via Gracioso|Midland|21542|MD|USA|kusterswinter@example.com|301-886-5167|20171024|Legal
2075|Enedina Marentette|19 Juniper Ct|San Antonio|78268|TX|USA|marentette-enedina@example.gov|430.292.4527,940-390-9408|20151204|Legal
2081|Shirly F Reddig|766 Degas Ln|Banta|95304|CA|USA|shirlyfreddig@example.gov|6704258679,7143399646,8146041934|20171205|Legal
2084|Tammie T Czachor|63 Santa Susana Dr|Munday|76371|TX|USA|tammie-czachor@example.co.uk|432-120-9926,432.523.9202|20160416|Legal
2085|Pearl T Lofgran|1323 Navajo Ct|San Jose|95109|CA|USA|lofgran.pearl@example.org|323-748-1565|20110523|Legal
2098|Bryanna Minnes|855 Cortina Dr|Hampton|23670|VA|USA|bryanna_minnes@example.com|203.323.0598|20160813|Legal
2112|Darla Lamborne|948 Huffy St|Mineral|96063|CA|USA|lamborne_darla@example.com|415.326.9421|20100320|Legal
2126|Eric C Mercadal|499 Dalton St|Colorado Springs|80911|CO|USA|eric-mercadal@example.gov|720-297-5190|20200113|Legal
2134|Nicky Jeff|2180 Cedar Cyn Ct|Connell|99326|WA|USA|nickyjeff@example.org|402.122.4878|20160818|Legal
2136|Julietta Furqueron|24 Wayman St|Nixon|78140|TX|USA|juliettafurqueron@example.gov|3052420736|20120613|Legal
2138|Saul X Pulphus|128 Weyerhauser Wy|Fairhaven|2719|MA|USA|saulxpulphus@example.co.uk|7249223761,781.950.5475|20120811|Legal
2145|Paige Q Nastro|389 Gavea Cr|Coats|67028|KS|USA|nastro_paige@example.com|3077948418|20190509|Legal
2156|Marguerite C Erter|1149 Muir Trl|Los Angeles|90019|CA|USA|marguerite-erter@example.com|+1.334.807.9456,2062199520|20140515|Legal
2158|Venetta W Elden|833 Calla Wy|Paris|38242|TN|USA|venetta.elden@example.org|9015025595,629.717.2845,773-142-4771|20160821|Legal
2161|Adriene R Kolmetz|716 Ashboro Dr|Sapphire|28774|NC|USA|adrienekolmetz@example.com|4754915124,336-310-9025|20180601|Legal
2183|Lin E Clatworthy|1079 Dahlia Ridge Dr|Bozeman|59773|MT|USA|clatworthy-lin66@example.com|762.622.2560|20121013|Legal
2198|Malcom A Limburg|744 Alfreds Wy|Sarcoxie|64862|MO|USA|limburgmalcom@example.co.uk|5015032749|20170507|Legal
2204|Myrtie J Langmaid|488 Chesterfield Dr|Goodville|17528|PA|USA|langmaidmyrtie@example.org|814-312-5032|20120529|Legal
2206|Cameron Wytaske|504 Romar Ln|Amarillo|79166|TX|USA|cameron_wytaske@example.org|214.327.8373,240-574-6160|20190827|Legal
2207|Fae X Senna|998 Camp View Dr|Montgomery|36120|AL|USA|faesenna@example.com|2025515603,251-787-8777|20140121|Legal
2227|Shad H Lefor|236 Fir Ct|Sunbury|17801|PA|USA|shadhlefor@example.com|808-438-5869,952.853.1770,9303038318|20140714|Legal
2231|Ava L Anklam|456 Beau Ct|Starkville|39759|MS|USA|avalanklam@example.gov|7695155320|20120815|Legal
2232|Johnette S Werbel|841 4th St|Sugarcreek|44681|OH|USA|werbeljohnette@example.org|2207592937|20160422|Legal
2235|Annamaria Norquest|1360 Industry Dr|Italy|76651|TX|USA|annamaria-norquest@example.com|001.575.143.2545|20130103|Legal
2236|Dorthy F Hulme|314 Empino Ln|Somers Point|8244|NJ|USA|dorthy-hulme@example.gov|001-908-945-0662|20160224|Legal
2259|Charlette T Stcyr|177 Baywood Ln|North Canton|6059|CT|USA|charlettetstcyr@example.co.uk|252.514.3094|20141231|Legal
2261|Zetta X Kaimann|1021 Bryant Pl|Mesa|99343|WA|USA|kaimann_zetta@example.gov|2061195350,206-982-6767|20100204|Legal
2267|Shelly D Tschida|488 Clemens Ct|Morrilton|72110|AR|USA|tschida-shelly@example.org|8708048030,401-911-3192,870-689-9479|20190807|Legal
2273|Carey Y Gaoiran|1039 Golden Willow Wy|Bruner|65620|MO|USA|carey_gaoiran@example.com|8436109403,939.645.8176|20131004|Legal
2282|Lynelle J Uchman|740 Los Arqueros Dr|Cecilia|42724|KY|USA|uchman-lynelle@example.gov|502-267-1256,859.814.7521,+14696221894|20120729|Legal
2284|Louis Mcclennen|2056 Rosette Dr|Belmont|28012|NC|USA|mcclennenlouis@example.org|364-698-6263|20120809|Legal
2296|Thomasena Hardester|360 Texas Oil Company Rd|Blacksburg|29702|SC|USA|hardester-thomasena@example.com|340.206.4677,413.312.3748,7657492947|20141119|Legal
2298|Clarence F Kunka|1467 Willowbrooke Ct|Courtenay|58426|ND|USA|clarence-kunka68@example.co.uk|701.236.1073|20130719|Legal
2301|Danial Vanderwielen|349 Tide Dr|Humphrey|72073|AR|USA|danial_vanderwielen@example.com||20110714|Legal
2313|Ben Z Freyman|1158 Annmae Pl|Northvale|7647|NJ|USA|benfreyman@example.org|4250620896,862.706.4463,7130715546|20170918|Legal
2333|Bernita F Wishner|297 Rue Crevier|Willard|44890|OH|USA|bernita_wishner@example.com|520.815.1763,901.413.6624|20190626|Legal
2341|Melody W Bautizta|2058 Catala Av|Benkelman|69021|NE|USA|melodybautizta@example.co.uk|401-071-7603,308-383-0655|20141010|Legal
2342|Tyrell V Broviak|303 Cardiff Dr|Dry Run|17220|PA|USA|broviaktyrell@example.co.uk|878.526.6754|20170517|Legal
2349|Shenna A Cosier|1810 Fairlain Dr|Piasa|62079|IL|USA|cosiershenna@example.org|309.379.0381|20171113|Legal
2356|Shavonne J Pinkhasova|512 Enderly St|Manhattan|59741|MT|USA|shavonnejpinkhasova@example.co.uk|4067775624|20111206|Legal
2361|Loriann X Mossing|89 Darla Ct|Merritt Island|32952|FL|USA|mossing.loriann@example.gov|952-212-5553|20150310|Legal
2365|Kelsi Cammon|314 Torrey Pines Dr|New York|10111|NY|USA|cammonkelsi@example.co.uk|929-403-2179|20150207|Legal
2374|Dewey Z Boulette|559 Clemens Ct|Haddonfield|8033|NJ|USA|deweyzboulette@example.com|551-801-6478,+1-854-578-6945|20150830|Legal
2377|Elmer Y Stumberg|445 Sandy Dr|Verona|24482|VA|USA|stumberg_elmer@example.com|2764964814,540-950-3118|20140711|Legal
2385|Lanora Pickell|87 Huxley Dr|Udall|65766|MO|USA|lanorapickell@example.org|6600082720|20140812|Legal
2386|Vern Z Benning|729 Canerwell St|Linden|17744|PA|USA|vern.benning10@example.com|4067430166|20100225|Legal
2388|Georgeann Sandoe|399 Colwyn Av|Cocoa|32927|FL|USA|georgeannsandoe@example.gov|7541203871|20190817|Legal
2395|Felicidad E Joralemon|919 White Rock Ct|Hutsonville|62433|IL|USA|felicidadjoralemon@example.com|312.598.9663|20180127|Legal
2417|Kacy L Pline|116 Highland Ct|Marquette|68854|NE|USA|kacylpline@example.gov|402.425.4003,508-716-3433|20130420|Legal
2420|Sierra B Paroline|520 Sunrose Pl|Rogers|41365|KY|USA|sierrabparoline@example.gov|208-051-3334,502.021.0541|20110813|Legal
2422|Lise K Kortan|668 Lane Ct|Smithville Flats|13841|NY|USA|lisekkortan@example.gov|845.673.4925,551-385-8842|20120804|Legal
2439|Lori J Buchignani|1006 Danny Wy|Boyceville|54725|WI|USA|lorijbuchignani@example.co.uk|6361884478|20170901|Legal
2446|Krystin K Rumph|467 Chenil Ct|Glencross|57630|SD|USA|rumphkrystin@example.co.uk|475-781-6293,207.760.4393|20140323|Legal
2458|Demetrius A Beachell|91 Cloverhurst Pl|Belews Creek|27009|NC|USA|demetriusabeachell@example.org|570-478-4114|20140829|Legal
2459|Dotty Pargas|693 Charing Cross Rd|Tryon|69167|NE|USA|dottypargas@example.co.uk|5317362322|20160309|Legal
2471|Berry Z Fugel|95 Rosamond Dr|Mannboro|23105|VA|USA|berry-fugel@example.co.uk|401.117.5596|20180718|Legal
2472|Melaine L Kedrowski|17 Camden Pl|Couderay|54828|WI|USA|kedrowskimelaine@example.gov|651-202-5107,307-193-1665,2762591427|20140409|Legal
2476|Alvina E Graham|606 Av Crocker|Austin|89310|NV|USA|alvinaegraham39@example.com|725-544-8179|20191018|Legal
2480|Samatha Cannell|108 Via Decano|La Mirada|90638|CA|USA|samathacannell@example.org|7038443897,5079333920,6579388129|20121030|Legal
2486|Fatima L Minasian|617 Gardenialane Dr|Monroe|30656|GA|USA|minasian.fatima@example.co.uk|6055224205,980.975.3899|20150909|Legal
2493|Val I Keitz|77 Wakefield Rd|Charlottesville|22907|VA|USA|val-keitz@example.com|603-116-4519|20110601|Legal
2504|Santiago M Arrey|1082 Stevie Ct|Raymond|56282|MN|USA|santiagomarrey@example.com|952-116-6551|20140328|Legal
2518|Grace Bisch|423 Castillo Ln|Tobias|68453|NE|USA|gracebisch@example.com|787.220.1991|20140820|Legal
2519|Argentina A Bahena|1188 Newhall Ranch Rd|Graham|73437|OK|USA|bahena.argentina@example.co.uk|207-970-7291|20180930|Legal
2521|Cicely K Terefenko|478 Pickford Pl|Freedom|47431|IN|USA|cicelykterefenko@example.gov|463.433.0553|20111015|Legal
2528|Treena P Benyon|246 Sunflower Ct|Crystal Falls|49920|MI|USA|treena-benyon@example.co.uk|406.025.7643,7341422381,930-608-6757|20181110|Legal
2548|Telma Q Emmers|1306 Shelter Cove Dr|Saint Louis|63141|MO|USA|emmers.telma@example.co.uk|816-628-0948|20130923|Legal
2550|Rossana Habing|1465 Blacker House Ct|Paauhau|96775|HI|USA|rossanahabing@example.com|5015290068|20151027|Legal
2555|Odell H Pinkstaff|129 Parada Dr|Freeman|57029|SD|USA|odell.pinkstaff@example.co.uk|787.353.7430|20120224|Legal
2561|Deadra R Dosanjos|871 Nightingale Ct|Hollywood|33029|FL|USA|deadrardosanjos@example.org|212.281.0982,662-260-7309|20191218|Legal
2565|Gretchen Chakos|426 Via Cresta|Raymond|59256|MT|USA|chakosgretchen@example.org|406-283-9466,4066676919,586-055-7929|20150413|Legal
2576|Melanie C Heidbreder|63 Oakbar Ct|Beaverton|97007|OR|USA|heidbredermelanie@example.com|504-948-6430,5014472292|20150508|Legal
2580|Tessa I Siembida|775 Golden State Hwy|Charleston|29424|SC|USA|tessasiembida@example.co.uk|3045725627,803-912-5129|20140920|Legal
2590|Gearldine Lipowski|995 Spring Meadow|Meriden|51037|IA|USA|lipowski_gearldine@example.gov|8047159893|20120105|Legal
2596|Merrill K Eyink|402 Palomita Dr|Moro|97039|OR|USA|merrill_eyink@example.co.uk|843.256.9687|20160407|Legal
2623|Jarrod Y Heiligman|286 Bryce Rd|Lake Elmo|55042|MN|USA|jarrodheiligman@example.org|952-164-4884|20190825|Legal
2627|Derick G Saada|1108 Oakside Ct|Drummond|59832|MT|USA|saadaderick@example.org|4060745823,480.547.2234,4066894858|20180801|Legal
2628|Karin T Fendler|136 Camp Plenty Rd|Pittsburgh|15281|PA|USA|karin.fendler@example.org|8785897708|20190722|Legal
2634|Maya Beedon|997 Bayview Ct|Arkport|14807|NY|USA|maya_beedon@example.org|605-373-0973|20160115|Legal
2646|Wade O Hoglen|202 Via Primero|Los Angeles|90097|CA|USA|wade_hoglen@example.gov|951.417.6379|20110827|Legal
2653|Candance P Gueta|563 Morro Bay Dr|South Fallsburg|12779|NY|USA|candance-gueta17@example.com|9149324022|20171005|Legal
2673|Lindsey M Penegar|967 Kelly Ln|Irvington|10533|NY|USA|penegar.lindsey65@example.co.uk|934.668.4661,7746231230,269.867.3023|20151225|Legal
2675|Linsey Armold|270 Paine Cr|Pasco|99302|WA|USA|linsey_armold@example.gov|360.940.7687|20140812|Legal
2678|Isaac G Apte|1562 Hidden Creek Ln|Stanton|63079|MO|USA|isaac.apte@example.com||20150726|Legal
2679|Bobbi I Langenderfer|344 Oleander Ct|Cooks|49817|MI|USA|langenderferbobbi@example.co.uk|810-150-1644|20170313|Legal
2688|Torie D Petropoulos|1877 Walnut Orchard Rd|New Orleans|70127|LA|USA|petropoulos_torie@example.org|920.309.4833|20151017|Legal
2689|Cherise Couitt|846 Sweetwater Ln|Marion|2738|MA|USA|cherise-couitt@example.org|617-286-8614|20190630|Legal
2700|Lazaro Z Harig|340 Bella Ct|Philadelphia|19144|PA|USA|lazaroharig@example.gov|570.491.8259|20130614|Legal
2711|Melodie Perlowski|1374 Oak Pluma Ct|Edwardsville|62025|IL|USA|melodieperlowski@example.gov|312-590-8016,630-050-6286|20110424|Legal
2712|Dorothea F Gradias|1477 Patricia Pl|Birmingham|35211|AL|USA|gradias.dorothea@example.gov|2519412274,256-236-6222|20140802|Legal
2715|Yael F Woehr|532 Crown Ct|Murchison|75778|TX|USA|woehryael@example.com|2141778880|20190219|Legal
2718|Amberly Mitchener|114 Spencer Dr|Windsor Mill|21244|MD|USA|amberlymitchener@example.com|586-238-2896|20160304|Legal
2751|Sade B Passow|105 Ashboro Dr|Oakwood|75855|TX|USA|sade-passow@example.com|4353190625|20180319|Legal
2763|Dorine F Lidgard|371 Orchid Cove Dr|Seminole|74818|OK|USA|dorine_lidgard@example.com|701.162.4631|20141218|Legal
2772|Johna Valetine|1008 Paraguay Dr|Troy|36082|AL|USA|johna_valetine@example.org|2053318576|20130930|Legal
2777|Daryl U Barc|247 Esquerra Rd|Spearsville|71277|LA|USA|darylubarc@example.co.uk|2255257283|20151202|Legal
2789|Peggie X Cheers|509 Rose Mallow Ln|Saint Paul|55172|MN|USA|peggiexcheers@example.com|952.048.9488|20180522|Legal
2794|Santos V Hegler|709 Drake Pl|Rollinsville|80474|CO|USA|santoshegler@example.org|303.204.9550|20191010|Legal
2795|Maura L Thomazin|1200 John Russell Dr|Hattiesburg|39406|MS|USA|mauralthomazin@example.com|228-935-2028|20110114|Legal
2807|Helen V Wolsey|548 Lakeview Wy|Henderson|42420|KY|USA|helenvwolsey@example.gov|670.870.4064|20141122|Legal
2825|Israel Y Wiegand|1006 Deodar Pl|Hagerstown|21741|MD|USA|israelywiegand@example.com|667-087-2453|20130724|Legal
2830|Kara B Satorius|179 Shauna Wy|Mingo|43047|OH|USA|karabsatorius@example.com|740.651.6434|20100728|Legal
2838|Herschel Rabbani|1 Hidaway Av|Live Oak|95953|CA|USA|herschelrabbani@example.com|304-522-2902|20130505|Legal
2847|Shantae Magalis|408 Ingram Ct|Chidester|71726|AR|USA|shantaemagalis@example.com|501.385.7032|20170318|Legal
2848|Ester J Bary|466 Candington Ct|Dragoon|85609|AZ|USA|bary.ester@example.org|701.817.6847|20141121|Legal
2850|Ashlie V Ostertag|207 Vista Point Pl|Willow Spring|27592|NC|USA|ostertag-ashlie@example.com|252.641.4908|20150822|Legal
2853|Melissa I Wahlin|121 Plaza Escovar|Baltimore|21260|MD|USA|melissa_wahlin@example.co.uk|301.527.4768|20190707|Legal
2867|Rufus M Leddick|800 Cataro Dr|Jackson|39232|MS|USA|leddick_rufus@example.org|3403208606|20171126|Legal
2876|Danuta R Hawksley|450 Plaza Chiva|Worcester|1608|MA|USA|danuta_hawksley@example.org|+1-256-913-8541,508-897-2024,970-245-1114|20190224|Legal
2880|Marsha T Bronner|2019 Shelburne Dr|Newark|7107|NJ|USA|marshabronner@example.co.uk|939-089-3755|20120423|Legal
2885|Donald X Macksoud|568 Market St|Columbia|65203|MO|USA|donald-macksoud@example.gov|831-426-4179|20140501|Legal
2886|Aleta Waymon|324 Arbor Hill Wy|Washington|20307|DC|USA|waymon_aleta@example.org|931-767-2114|20130526|Legal
2889|Tommie J Bertch|796 Golden Triangle Rd|Continental Divide|87312|NM|USA|bertch-tommie@example.gov|229-236-3778|20160508|Legal
2890|Rayna Perezrodriguez|190 Pebble Ridge Pl|Urbana|61802|IL|USA|rayna_perezrodriguez@example.co.uk|815-837-4071,3407276998|20111117|Legal
2897|Rachele N Olivella|248 Green Ter Dr|Davenport|58021|ND|USA|rachele_olivella@example.org|701-361-4777|20121112|Legal
2905|Pamila V Threats|68 Bidwell Ln|Toledo|43682|OH|USA|pamilavthreats@example.org|+1.440.327.2198|20120207|Legal
2910|Faye Y Castellan|1125 Medford Pl|Wildorado|79098|TX|USA|castellan_faye95@example.gov|281-187-7877|20151023|Legal
2914|Kym Kollar|89 Cannes Pl|Georgetown|29442|SC|USA|kym-kollar@example.com|843-884-5095|20101016|Legal
2935|Marlen Y Ohlmann|420 Robindale Pl|Harper|25851|WV|USA|ohlmann-marlen@example.com|907.006.3070|20160623|Legal
2938|Stephan Y Ludka|392 Newcastle Ct|Gould|73544|OK|USA|stephan.ludka@example.com|539-756-8686|20131214|Legal
2949|Cythia Dasaro|209 Redwood Wy|Gainesville|32605|FL|USA|dasaro.cythia@example.gov|918.766.6203|20140924|Legal
2966|Elsa W Jabusch|412 Lowridge Pl|Atlanta|30336|GA|USA|elsawjabusch@example.com|706-578-6716|20160528|Legal
2982|Michele K Loyer|1068 Pueblo Dr|Sioux Falls|57192|SD|USA|michelekloyer82@example.gov|401.235.9653|20120713|Legal
2983|Nery O Broderson|982 Braddon Oak Dr|Birmingham|35289|AL|USA|nerybroderson@example.gov|406.914.1904|20130721|Legal
2997|Dee N Swabb|1229 Ponte Corvo Rd|Prattsburgh|14873|NY|USA|deenswabb@example.com|507.450.5774|20100825|Legal
2998|Matha J Bozich|705 Lea Ct|Dayton|45428|OH|USA|bozichmatha@example.com|316-634-4900|20190610|Legal
3004|Rhiannon J Lacks|1316 Potreto Rd|Crockett|41413|KY|USA|lacks_rhiannon@example.gov|680.185.2809|20130616|Legal
3007|Rhona W Frehner|908 Lola Ln|Wellman|52356|IA|USA|rhonafrehner@example.com|001-563-066-6573,6414791840,515.249.0322|20180711|Legal
3009|Karlyn E Urbon|215 Spyglass Ln|Weikert|17885|PA|USA|urbon_karlyn@example.org|2155329912|20101111|Legal
3013|Jamar T Sodowsky|143 Aurora Dr|Watson|74963|OK|USA|jamarsodowsky@example.com|504-558-1038,405.477.7123,8011413982|20131205|Legal
3022|Nelson H Myvett|229 Gilford Pl|Waldorf|20604|MD|USA|myvett.nelson@example.org|4431932555,240-651-5111|20120614|Legal
3029|Marvin C Kulak|2326 Muir Trl|Warren|16366|PA|USA|marvin_kulak@example.co.uk|3027355834|20101128|Legal
3030|Kaye U Blizman|971 Van Gorder Wy|Eastabuchie|39436|MS|USA|kayeblizman@example.org|228.125.6324|20110714|Legal
3032|Christia A Braunagel|1808 Spring Shadow Ct|Rydal|30171|GA|USA|christia.braunagel@example.com|770.689.5766,6019815892|20100221|Legal
3034|Zachery Z Heidke|1696 Natalie Wy|Washington|20239|DC|USA|zacheryzheidke@example.co.uk|2029535964|20160609|Legal
3049|Evangelina M Hoyum|295 Lonestar Pl|Wardensville|26851|WV|USA|evangelinamhoyum@example.gov|3041823539|20170901|Legal
3050|Verona J Bartko|649 Market St|Hicksville|11801|NY|USA|veronajbartko@example.co.uk|631-105-9505|20160711|Legal
3060|Latricia Y Bolme|494 Jason Dr|Houma|70360|LA|USA|latriciaybolme@example.co.uk|9858347332|20190330|Legal
3063|Jerilyn H Turiello|1441 Gibraltar Pl|Bristol|2809|RI|USA|jerilynhturiello23@example.co.uk|681-837-6086|20120429|Legal
3065|Dionne K Schaul|210 Cromwell Av|Natalbany|70451|LA|USA|dionnekschaul@example.org|423-585-1126|20101203|Legal
3067|Li Lavigueur|584 Smyth Dr|Alstead|3602|NH|USA|li-lavigueur@example.org|804.965.2862|20190712|Legal
3068|Cyril Y Fiorio|1163 Rio Prado Dr|Talmoon|56637|MN|USA|cyrilyfiorio@example.org|507.805.9961|20130115|Legal
3089|Sunny A Altemose|890 Atherton Cyn Rd|Kansas City|66115|KS|USA|sunnyaaltemose@example.com||20110203|Legal
3095|Evangeline M Estupinan|1104 14th St|Orlando|32836|FL|USA|evangelinemestupinan@example.com|567.905.1156|20190904|Legal
3098|Ivette Assar|1380 Cartagena Pl|Oakhurst|77359|TX|USA|assar-ivette@example.gov|808.549.2456,6020389907|20140513|Legal
3103|Bobbie U Sigworth|849 Chesterfield Dr|Huntington Station|11750|NY|USA|sigworthbobbie@example.org|2517501123|20160303|Legal
3140|Eddie Chop|288 Kirby Ct|Bellport|11713|NY|USA|eddie_chop@example.co.uk|401-272-9085,684.132.0640|20180910|Legal
3141|Amber V Piccinich|1550 Alfreds Wy|Kossuth|16331|PA|USA|ambervpiccinich@example.com|215.232.8475|20100527|Legal
3145|Lahoma Matovina|880 Varese Ct|Clarksburg|38324|TN|USA|lahoma-matovina@example.com|731-053-8008|20110928|Legal
3146|Faith Felzer|2106 Grape Lily Cr|Toledo|43603|OH|USA|faith_felzer@example.com|3301207959|20120515|Legal
3150|Emogene B Gayman|1438 Zeus Ln|Warrenville|29851|SC|USA|emogenegayman@example.com|843.094.9661|20100728|Legal
3152|Richard R Hischke|310 Pepperidge Dr|Pontotoc|38863|MS|USA|richard_hischke@example.com|6710656730,228.327.3019,769.555.6361|20190728|Legal
3155|Temika Klohr|1160 Pomita Pl|Crosslake|56442|MN|USA|temikaklohr@example.com|463.261.2988|20160623|Legal
3156|Katheryn W Crum|271 Clearwater Ln|Plain|53577|WI|USA|crumkatheryn@example.gov|9200157824|20120910|Legal
3164|Clarinda N Trefts|862 Falcon Crest Dr|Nashville|67112|KS|USA|trefts-clarinda@example.co.uk|7850461436|20130809|Legal
3171|Myesha H Copelan|1493 Nevette Ct|Dayton|77535|TX|USA|myeshacopelan@example.gov|970.932.9690|20120619|Legal
3172|Raymonde O Zazueta|2699 Charles Dr|Orono|4473|ME|USA|raymondeozazueta@example.gov|2074288663|20180111|Legal
3185|Jeanett R Fillyaw|1425 Vista Delgado Dr|Farmington|3835|NH|USA|jeanettfillyaw@example.co.uk|603.387.5204,6034084225,6038831782|20110525|Legal
3199|Kemberly B Summerset|1383 Muir Grove Pl|Charleston|72933|AR|USA|kemberly_summerset@example.org|9205247525|20110622|Legal
3200|Lacresha B Zahn|522 Via Dalia|Hiawassee|30546|GA|USA|zahn-lacresha@example.co.uk|2296529011|20120530|Legal
3203|Kayla Q Crisswell|225 Cerca Dr|Mapleton|97453|OR|USA|crisswell.kayla@example.com|503-983-7807,458.526.2961,302.581.1070|20140223|Legal
3206|Aletha A Fremstad|1079 Holmby Ct|Maria Stein|45860|OH|USA|alethaafremstad@example.org|626-917-1714|20130613|Legal
3212|Halley Philo|3406 Harding Av|Hampton|42047|KY|USA|halleyphilo@example.gov|502.674.1859|20190511|Legal
3214|Mallie M Blumke|146 Royal Pine Ln|Murdock|67111|KS|USA|mallie-blumke@example.com|620.380.1599|20160916|Legal
3249|Alfredia Janiga|173 Moreno Dr|Basco|62313|IL|USA|janigaalfredia@example.co.uk|8720680991,2175454617,2011765918|20170712|Legal
3269|Freeda M Hoshaw|2446 Seaver Ct|Lower Brule|57548|SD|USA|hoshawfreeda@example.gov|6055173000|20100319|Legal
3271|Malisa T Honma|172 Heller Cr|Montezuma|31063|GA|USA|malisathonma@example.co.uk|4708189810|20120619|Legal
3277|Arden I Angeron|129 Shirley Pl|Wadsworth|60083|IL|USA|ardeniangeron@example.co.uk|8728352980,847-408-5422|20161207|Legal
3291|Edmond V Milender|1726 Maplehurst Pl|Holder|34445|FL|USA|edmond.milender@example.org|3053444277|20190411|Legal
3292|Irwin T Geerlings|303 Oakside Ct|Powell|37849|TN|USA|geerlings.irwin@example.gov|7317226550|20100822|Legal
3306|Olene Y Kruskamp|950 Baker Cyn Rd|Branchville|7826|NJ|USA|kruskampolene@example.gov|856.082.8382,815-642-7574,609-597-2877|20101004|Legal
3324|Jarrett W Allotey|941 Meadow Heights Ct|Arlington|42021|KY|USA|jarrettwallotey@example.co.uk|859.097.2531|20180901|Legal
3338|Clifton Tuel|1569 Galbreth Ct|Lizton|46149|IN|USA|cliftontuel@example.org|347.068.4247|20101218|Legal
3343|Syble B Kahnke|1571 Maplehurst Pl|North Baltimore|45872|OH|USA|kahnke_syble@example.org|2209996578|20131107|Legal
3348|Valentin U Manross|1216 Gladious Pl|Las Vegas|89134|NV|USA|manross.valentin@example.gov|360.382.4332|20111220|Legal
3374|Pearl C Reavis|123 Quinn Pl|San Bernardino|92404|CA|USA|reavis_pearl@example.co.uk|559-778-6057|20180126|Legal
3377|Shirl O Swadley|1146 Silverton Ct|Rockford|61102|IL|USA|shirloswadley@example.co.uk|3121427232|20190712|Legal
3382|Regine U Tavener|1481 Parker Rd|Memphis|38188|TN|USA|tavener-regine@example.gov|2402301050|20160224|Legal
3383|Maribel Z Ersery|626 Via Delos|Phelps|41553|KY|USA|maribelzersery@example.gov|+1.502.877.3977|20190203|Legal
3384|Talitha X Freebern|774 The Old Dirt Rd|Makaweli|96769|HI|USA|freebern_talitha@example.org|8086599771|20140817|Legal
3390|Maryellen Z Montepeque|876 Acacia Ct|Ypsilanti|48197|MI|USA|montepeque-maryellen@example.gov|616-496-9129,5869544776|20130520|Legal
3407|Otis N Madeira|1243 Via Vista|Milwaukee|53267|WI|USA|otismadeira@example.com|6700315875|20170806|Legal
3423|Mona J Dettore|1044 Pansy Ct|Saltville|24370|VA|USA|monajdettore@example.com|5715113898|20130719|Legal
3424|Terrie S Dennerlein|286 Live Oak Rd|Birmingham|35294|AL|USA|kxiia@example.gov|2567016219,4239974563,2562667935|20111117|Legal
3435|Carolynn L Bowlen|853 Darter Dr|Corpus Christi|78401|TX|USA|carolynn_bowlen@example.co.uk|475-388-4394|20101215|Legal
3439|Casandra N Shipps|1284 Firenze Ct|Frisco|75035|TX|USA|shipps_casandra@example.com|940.062.6099|20120606|Legal
3450|Adelle D Antico|308 Hidaway Av|Marissa|62257|IL|USA|adelle_antico@example.co.uk|208-419-6070|20161129|Legal
3452|Maryellen G Gore|651 Ridge Rd|Kelseyville|95451|CA|USA|maryellen_gore@example.gov|9705676422|20160929|Legal
3463|Rudy E Bound|550 Montana Wy|Ruthven|51358|IA|USA|rudy-bound@example.gov|712-330-3602,802-193-6973|20151114|Legal
3475|Titus K Carnot|186 Summer Maple Wy|South Windsor|6074|CT|USA|titus.carnot@example.com|959.602.0142|20111110|Legal
3476|Ladonna Zuppardo|945 Heller Cr|Grove City|56243|MN|USA|zuppardo_ladonna@example.org|218-172-9050|20180206|Legal
3482|Cristin Devos|1013 Orchard St|Canton|44706|OH|USA|devos_cristin@example.gov|2027591609,220-477-7486|20101218|Legal
3484|Nubia Hadden|119 Belcaro Ct|Stringtown|74569|OK|USA|nubia.hadden@example.org||20140618|Legal
3486|Francis V Riefler|755 Forster Wy|Kansas City|64149|MO|USA|francisvriefler@example.co.uk|5731507892|20160508|Legal
3496|Ghislaine G Morisi|1238 Buckeye Ct|Conconully|98819|WA|USA|ghislainegmorisi@example.org|2066759213|20161106|Legal
3503|Virginia Disrud|343 2nd St|Barium Springs|28010|NC|USA|virginiadisrud@example.gov|2526550183|20171115|Legal
3506|Larry C Rowan|1212 Catskills Ct|Lansing|52151|IA|USA|rowan-larry@example.org|234-737-8514|20190622|Legal
3508|Marlys M Junn|66 Camas Ct|Alliance|69301|NE|USA|marlysmjunn@example.gov|308-401-9753|20180510|Legal
3538|Sidney Y Hollard|112 Tulip Grove St|Union Center|53962|WI|USA|sidney_hollard@example.com|+1.534.435.2738,4145607417|20161210|Legal
3542|Stephani Pingree|712 Bluesky Wy|Freeland|98249|WA|USA|pingree_stephani73@example.co.uk|340-258-1628|20190716|Legal
3543|Leonia K Descoteaux|1322 Olive Av|Crescent|73028|OK|USA|leoniakdescoteaux@example.gov|580-651-8975,9186910472|20180427|Legal
3548|Omer Melonas|1708 Thorne Ct|Edison|8899|NJ|USA|omermelonas@example.com|408.756.9491,8482419600|20110903|Legal
3563|Tami V Mccall|77 Drayton St|Lillington|27546|NC|USA|mccall.tami@example.org|980-505-4584|20100325|Legal
3565|Eugenie F Doull|590 Devonshire Ct|Brownstown|17508|PA|USA|eugeniefdoull@example.co.uk|684-569-2013|20181216|Legal
3588|Nichelle Spaller|1106 Oxford Ln|Kansas City|64999|MO|USA|nichellespaller@example.org|636.283.9688|20180129|Legal
3605|Paula D Alatriste|279 Wheaton Ct|Amherst|1004|MA|USA|alatriste.paula@example.com|781-229-2115,443.561.6218,712.782.1710|20180704|Legal
3640|Dominica M Lenn|428 Grape Lily Cr|Limington|4049|ME|USA|dominicamlenn@example.gov|207-045-3567|20180402|Legal
3644|Aron Brandt|1501 Griffith Dr|Cochiti Pueblo|87072|NM|USA|aronbrandt@example.co.uk|567-721-3458|20140314|Legal
3649|Kimbery G Zaben|399 Via Princessa|Kitzmiller|21538|MD|USA|kimberyzaben@example.gov|240-208-1864|20180716|Legal
3663|Terrie Champaco|290 Colmena Dr|Coolidge|31738|GA|USA|champacoterrie@example.gov|5634117241|20120901|Legal
3670|Carlee Devenney|123 Golden Valley Rd|Dubre|42731|KY|USA|devenney_carlee@example.com|2709820359|20150821|Legal
3690|Shalonda Q Ramanathan|513 Cornerstone Wy|Fort Ransom|58033|ND|USA|ramanathan_shalonda@example.gov|253.085.1800|20110814|Legal
3691|Louie Y Vandenelzen|2751 Palm Ct|Taylor|71861|AR|USA|louieyvandenelzen@example.co.uk|870-106-0241|20170514|Legal
3693|Evita I Tinkham|1669 Shakespeare Ln|Yampa|80483|CO|USA|tinkham.evita@example.co.uk|858.576.9587,216-294-5841|20110701|Legal
3710|Justin Capolupo|216 Via Gardenia|Goddard|67052|KS|USA|justincapolupo@example.com|9139944237|20150805|Legal
3715|Hang N Kirkum|537 Jasper Ct|Alma|68920|NE|USA|hangnkirkum@example.org|531.629.8961,402.521.4119,406.896.6354|20160123|Legal
3738|Kacey X Brabazon|1023 Carroll Ln|Lubbock|79403|TX|USA|kacey_brabazon@example.co.uk|3613534338|20170126|Legal
3742|Emery I Schlomer|584 Lucerne Ct|Campaign|38550|TN|USA|emery_schlomer@example.com|9016602240|20120303|Legal
3748|Cary A Kretschmann|915 Avd Balita|Great Cacapon|25422|WV|USA|caryakretschmann@example.org|304-474-5748|20151001|Legal
3757|Eleonora Nyre|1395 Graham Ln|Loudon|3307|NH|USA|eleonoranyre@example.org|603.535.4017|20100404|Legal
3763|Spencer I Mansion|625 Aldercreek St|Heppner|97836|OR|USA|spencerimansion@example.org|3407008514|20150516|Legal
3764|Tyrone P Hish|393 Via Kalban|Torrance|90501|CA|USA|tyronehish@example.co.uk|415-733-4426|20180620|Legal
3769|Katelynn N Vandesteeg|423 Rene Veluzat Wy|Chattanooga|37402|TN|USA|vandesteeg_katelynn@example.com|318-356-7869|20140107|Legal
3781|Flavia K Nowotny|2047 Pauline Ct|Ripley|45167|OH|USA|nowotny_flavia@example.gov|216-242-0254|20130513|Legal
3782|Lashanda E Talluto|491 Oakgale Av|Atlanta|30314|GA|USA|lashanda-talluto@example.com|681.110.9559|20110622|Legal
3810|Yoshiko V Lansden|46 Kinglet Pl|Mascot|23108|VA|USA|lansdenyoshiko82@example.com|7039773634|20160417|Legal
3815|Jerrica U Aumua|754 Bottletree Ln|Eldorado|73537|OK|USA|jerricaaumua@example.gov|3075642300|20180604|Legal
3819|Pablo G Muri|2017 Los Tigres Dr|Hartford|6104|CT|USA|muri-pablo@example.org|9599406619|20121017|Legal
3829|Meda M Whitted|1316 Pembrook Pl|Wilton|3086|NH|USA|meda-whitted@example.com|2176260591,603-322-4326|20150217|Legal
3835|Inez H Nordquist|1899 Fenda Wy|Madeline|96119|CA|USA|yejxbwizp@example.org|203.489.3928,5623956988|20120130|Legal
3836|Chanell Q Tateishi|351 Henley Wy|Shawnee Mission|66212|KS|USA|chanell-tateishi@example.com|6847496521|20170817|Legal
3838|Rosa P Schenk|700 Wakefield Ct|Gibbs|63540|MO|USA|schenkrosa@example.com|660.165.2946,660.221.5746,6362663483|20130917|Legal
3844|Wm E Raffaldt|431 Cornelia Pl|Dellrose|38453|TN|USA|raffaldtwm@example.com|541-125-4451|20100502|Legal
3852|Margarita I Gesling|1660 Abelia Rd|Brunswick|21716|MD|USA|margarita_gesling@example.co.uk|7029571684|20120930|Legal
3854|Claudia Q Mattheis|267 Newcastle Ct|Fox|97831|OR|USA|claudiaqmattheis@example.gov|503.359.7695,971-707-0702|20170322|Legal
3861|Julian Y Degracia|30 Huntington Ln|Paint Rock|35764|AL|USA|julianydegracia@example.com|256-625-6378,808.033.1263|20151203|Legal
3868|Yolonda Valdez|1172 Caladium Pl|Jeffersonville|31044|GA|USA|yolondavaldez@example.gov|7701846938|20180303|Legal
3874|Tammie K Mcguane|267 Belleza Ct|W Hartford|6117|CT|USA|mcguane-tammie@example.org|4757671430|20130216|Legal
3885|Carlos N Barlock|282 Grove Av|Glendale|91206|CA|USA|carlosbarlock@example.gov|573-493-9811|20190122|Legal
3903|Sigrid U Augare|581 Redwood Ct|Bellwood|36313|AL|USA|sigrid-augare@example.org|9380707529,205-089-1309|20120928|Legal
3912|Owen Ahern|334 Pansy Ct|Ithaca|14851|NY|USA|owenahern@example.org|3603910661|20141225|Legal
3916|Denver V Sahlstrom|1136 Fairbanks Ct|New Haven|62867|IL|USA|sahlstrom.denver@example.gov|872.173.4481|20150905|Legal
3918|Marilou Janisch|1775 Jimpson Wy|Livingston|35470|AL|USA|mariloujanisch@example.co.uk|413.099.9126|20151011|Legal
3936|Tory C Schreibman|507 Cherry Dr|Boca Raton|33498|FL|USA|torycschreibman@example.gov|256.482.0925|20180114|Legal
3937|Virgil Litwinski|864 Bainbury St|Saint Johnsbury|5819|VT|USA|litwinski-virgil@example.co.uk|7012013223|20190426|Legal
3946|Julia G Vaccarelli|607 Canterwood Dr|Stonyford|95979|CA|USA|julia-vaccarelli@example.org|531.145.2386|20141130|Legal
3955|Jina E Loureiro|2787 Carranza Ln|Seminole|74818|OK|USA|loureiro-jina@example.com|918.332.2518,670.451.0376|20151031|Legal
3959|Manda Vukson|1804 Marilyn Dr|Auburn|17922|PA|USA|mandavukson@example.org|5027903298|20160927|Legal
3973|Pamala Zagara|561 Amhurst Pl|Winston Salem|27114|NC|USA|pamalazagara@example.co.uk|919.701.5702,605.385.6703|20120617|Legal
3995|Bong S Mosbach|714 Summit View Dr|Brownstown|62418|IL|USA|bong.mosbach@example.org|6308328242|20120131|Legal
3999|Terica W Waldron|391 Eagle Peak Av|Cannon Ball|58528|ND|USA|waldron.terica60@example.gov|575.541.8688|20130914|Legal
4008|Angela F Lapsley|945 Greencrest Dr|Cincinnati|45235|OH|USA|lapsley-angela@example.gov|478-125-2694|20151009|Legal
4014|Lauryn B Mcnalley|74 Via Gavola|Denver|80214|CO|USA|mcnalley_lauryn@example.co.uk|302-382-8992|20140725|Legal
4015|Shani F Mushtaq|721 Miss Grace Dr|Prosser|99350|WA|USA|shani.mushtaq@example.co.uk|425.006.3907|20110125|Legal
4017|Eunice Sowden|437 Vista Encantada Dr|Saint Paul|55124|MN|USA|eunice_sowden@example.org|952.515.9102|20141116|Legal
4018|Walker L Turchi|847 Forest View Ct|Prescott Valley|86312|AZ|USA|walker_turchi@example.co.uk|928.987.0468,928.235.6744|20190905|Legal
4028|Emilee Quintel|1373 15th St|Westerville|68881|NE|USA|emileequintel@example.org|308.190.3892,475-560-6365|20170907|Legal
4039|Joe P Miecznikowski|290 Bainbury St|Matlock|98560|WA|USA|miecznikowski.joe@example.co.uk|617.080.3333|20110701|Legal
4042|Natashia T Hilder|480 Cabral St|Soldier|51572|IA|USA|natashia.hilder@example.gov|563-091-2711|20130414|Legal
4044|Marcy Z Moroso|305 Altena Dr|Okay|74446|OK|USA|moroso_marcy@example.co.uk|208-387-8974|20101222|Legal
4061|Moses P Kruckman|837 Sarape Ct|Fairfax|22037|VA|USA|moses.kruckman@example.com|540.484.9655|20151003|Legal
4079|Sheron V Burgstahler|1135 Maravilla Ct|Lexington|40584|KY|USA|sheronvburgstahler@example.com|502.884.3308|20190704|Legal
4105|Marlene R Tudisco|309 Ruthspring Dr|Fairhope|36533|AL|USA|marlenetudisco@example.gov|205.843.2157,724-053-8561|20141004|Legal
4108|Norine E Hennenfent|985 Hilltop Ct|Newark|19718|DE|USA|hennenfent-norine26@example.co.uk|864-545-7363|20190831|Legal
4114|Donnette S Pooser|1053 El Corazon Dr|Floodwood|55736|MN|USA|donnettespooser@example.gov|6849056237|20160307|Legal
4125|Onie Mussari|1403 Monterey Ct|Sharpsville|46068|IN|USA|oniemussari@example.com|317-186-3279|20161109|Legal
4126|Noma A Oldroyd|1545 Harby Dr|Fairfield|58627|ND|USA|oldroydnoma@example.org|7018377095|20111016|Legal
4139|Mila F Cutolo|1580 Bajada Dr|Summitville|43962|OH|USA|cutolo.mila@example.com|567.008.1771|20141019|Legal
4140|Vilma U Pecht|75 Diablo Pl|Rotan|79546|TX|USA|vilma_pecht@example.org|802.599.5038|20161119|Legal
4164|Clint L Piearcy|1310 Ingram Ct|Lansing|52151|IA|USA|clint.piearcy@example.com|3648352652,712.330.4169|20130102|Legal
4172|Elnora L Siddique|528 Av Sherman|El Paso|79908|TX|USA|elnora-siddique@example.com|4323100249|20190926|Legal
4189|Lionel G Wife|247 Concord Av|Waterloo|62298|IL|USA|lionel.wife@example.com|618-022-2505|20110827|Legal
4209|Logan H Acevez|2137 Beryl Pl|Westbrook|79565|TX|USA|loganhacevez@example.org|8485403377|20100420|Legal
4214|Carlota O Everingham|791 Craftsmen Ct|Urbandale|50323|IA|USA|carlotaeveringham94@example.org|319-402-5528,712-596-8251|20101215|Legal
4217|Fairy R Kobel|326 Raven Glen Rd|Colfax|50054|IA|USA|kobel.fairy@example.com|563.699.4672|20140627|Legal
4246|Delfina L Herrling|1684 Iris Pl|Harborside|4642|ME|USA|delfina.herrling@example.co.uk|207.530.7163,207.768.2281|20190427|Legal
4257|Barbara B Adamonis|1487 Honeysuckle Hill Dr|Red Bank|7701|NJ|USA|barbara_adamonis@example.gov|701.881.8211|20140922|Legal
4268|Jed Baesman|735 Champagne Ln|Malibu|90265|CA|USA|baesman.jed@example.com|9258380044|20141129|Legal
4274|Cordie Strey|335 Wellhaven St|North Canton|6059|CT|USA|cordiestrey@example.org|0012034197789,959.585.8122|20140114|Legal
4275|Earleen Y Seburn|2480 Santa Rosa Ln|Patchogue|11772|NY|USA|earleen_seburn@example.co.uk|7254347218,5168119869|20161213|Legal
4281|Aletha K Trizzino|1038 Via Corto|Canton|44721|OH|USA|trizzinoaletha@example.com|908.719.6721,671-724-3804,939.315.2185|20100715|Legal
4289|Liliana U Wendeborn|43 Lurie Ct|Hardinsburg|40143|KY|USA|liliana-wendeborn@example.gov|8592001940|20131203|Legal
4324|Arica S Papez|751 Brooken Av|O Fallon|62269|IL|USA|papezarica@example.com|720-182-8065,952-563-1647,+1-779-065-0775|20101123|Legal
4329|Brenda L Franci|221 Plantation Ct|Thurmond|28683|NC|USA|franci_brenda@example.org|919-421-8515|20170327|Legal
4336|Jamal Marcelo|834 Sweetgum Ln|Harrisburg|97446|OR|USA|jamalmarcelo@example.co.uk|704.429.0389|20170404|Legal
4337|Emmy Brever|141 Hilse Ln|Hibbing|55746|MN|USA|emmy.brever@example.co.uk|609.606.5511|20150201|Legal
4344|Tonia G Wahner|1306 Sunrose Pl|Hopkinsville|42240|KY|USA|toniagwahner@example.com|8485545052|20100701|Legal
4349|Sharonda G Illg|375 Four Oaks St|Irvington|62848|IL|USA|illgsharonda@example.co.uk|331.473.2993,708-489-2105|20161211|Legal
4356|Blake H Skinnell|1926 Hammons Ct|Shuqualak|39361|MS|USA|blakehskinnell@example.com|+1.740.065.6811,6012474981|20110312|Legal
4364|Mindi Q Jahnigen|233 Oakmall Ln|South Colby|98384|WA|USA|jahnigen.mindi@example.com|985.531.6264|20191009|Legal
4366|Kenton A Rob|1203 Thurber Wy|Fieldale|24089|VA|USA|rob_kenton73@example.gov|276.084.0257|20170307|Legal
4374|Joselyn C Hoganson|211 Desert Shadow Rd|Green Bay|54306|WI|USA|joselynchoganson@example.com|201.729.3731|20150913|Legal
4376|Sau O Fleagle|2770 Blackfoot Ct|Nixon|89424|NV|USA|fleagle.sau@example.com|7751039010|20150825|Legal
4379|Yesenia I Grazia|1665 Via Adorna|Toano|23168|VA|USA|grazia-yesenia@example.org|2283829042|20141119|Legal
4385|Inga I Higginbottom|429 Newhall Ranch Rd|Roanoke|24003|VA|USA|ingaihigginbottom@example.gov|641-324-5582|20121204|Legal
4387|Lesli Cartman|927 Hawthorne Pl|Keaau|96749|HI|USA|lesli_cartman@example.gov|8033782706|20170502|Legal
4389|Christen U Hollensteiner|1080 Dedre Ln|Cheyenne|82002|WY|USA|christen-hollensteiner@example.co.uk|3070773051|20170709|Legal
4393|Eliseo N Leisgang|1340 Royal Pine Ln|Minto|99758|AK|USA|leisgang_eliseo84@example.org|9077299665|20160810|Legal
4394|Shanell F Policht|1075 Deputy Jake Dr|Spring Valley|61362|IL|USA|policht.shanell@example.co.uk|614-461-3960|20121121|Legal
4404|Avril H Dicampli|446 Wong Ct|Little Meadows|18830|PA|USA|dicampli-avril@example.co.uk|504.815.3108,7852373428|20111102|Legal
4417|Rolande C Kennelley|416 Dalgo Dr|Copeland|34137|FL|USA|rolande-kennelley@example.org|772-213-2645,901-971-8103|20110324|Legal
4418|Leonarda Z Brenk|200 Rhona Pl|Ishpeming|49849|MI|USA|brenkleonarda@example.com|947.187.3176|20151208|Legal
4421|Felicita S Villamin|17 Via Ebano|Westlake Village|91361|CA|USA|felicitasvillamin@example.com|6507818502,213-155-3185|20150206|Legal
4424|Stephanie K Bratta|499 Finch Ct|Hagerstown|21740|MD|USA|stephaniekbratta@example.co.uk|6676216706,4432457083|20170407|Legal
4426|Soraya A Bingman|427 Shawna Pl|Manitou|73555|OK|USA|sorayabingman@example.gov|4051328655|20110313|Legal
4435|Dewitt N Miech|1100 Via La Paz|Pengilly|55775|MN|USA|dewitt_miech@example.gov|3202287303|20110318|Legal
4441|Joana N Radich|1385 Alta Dr|Sugar Grove|60554|IL|USA|radich_joana@example.com|0015706317255|20151219|Legal
4448|Karmen B Tademy|553 Via Viejo|College Station|77841|TX|USA|karmen.tademy@example.gov|+1.817.368.0733|20130122|Legal
4453|Hermina I Ciofalo|710 Versailles Av|Brownsville|43721|OH|USA|herminaiciofalo@example.co.uk|802-299-5651|20100704|Legal
4469|Patricia Q Mosbey|1122 Ramillo Wy|Littleton|3561|NH|USA|mosbey-patricia59@example.gov|6030713842|20160411|Legal
4477|Alfred J Wessler|284 Summer Oak Ct|Sunset Beach|90742|CA|USA|wessler.alfred@example.gov|6694821807|20160125|Legal
4479|Elda Pantina|155 Hulsey Ct|Stillwater|74075|OK|USA|eldapantina@example.org|9184362640,539.631.5345|20170723|Legal
4486|Willena X Mccarraher|1587 Paseo Del Caliente|Farmington|48331|MI|USA|willenaxmccarraher@example.org|3074971814,307.322.0835|20190625|Legal
4491|Tammie D Hanagan|141 Dana Ct|Harrisburg|17125|PA|USA|hanagan.tammie@example.co.uk|505.562.4350|20170421|Legal
4494|Tommy S Grubich|962 Goldstream Wy|Withee|54498|WI|USA|grubich_tommy94@example.com|509.464.4246|20160330|Legal
4499|Cathern J Dehahn|566 Jackson St|Harrisburg|17127|PA|USA|dehahn.cathern@example.com|412.403.2741|20101105|Legal
4503|Lesha S Roqueta|177 Kim Ln|Sistersville|26175|WV|USA|leshasroqueta@example.co.uk|843-355-6553|20100703|Legal
4504|Ronda T Abadilla|511 Marston Ct|San Leandro|94578|CA|USA|rondatabadilla@example.org|209-423-3802|20110201|Legal
4505|Lajuana L Tishler|245 Midtown Ct|Monterey|93943|CA|USA|lajuanatishler@example.com|2025656811|20150311|Legal
4507|America E Warhola|1966 Welshfield Wy|Clayton|45315|OH|USA|americaewarhola@example.gov|712-385-3001|20140826|Legal
4519|Marilu V Aguero|885 Canary Ct|Osage City|66523|KS|USA|mariluvaguero@example.com|234.709.3589|20161205|Legal
4525|Michel F Simper|1084 Gaylemont Wy|Arlington|76006|TX|USA|michelfsimper55@example.com|817.481.6350,5035898521,515-353-2591|20121007|Legal
4526|Norris H Jeglum|611 Starfall Wy|Brookline|2445|MA|USA|norrishjeglum@example.org|3518268416|20190608|Legal
4527|Dione G Ivie|1037 16th St|Langsville|45741|OH|USA|dionegivie@example.co.uk|7155846528|20130601|Legal
4531|Toby Q Suto|115 Timber View Ct|Covina|91724|CA|USA|toby_suto@example.org|6570938970,619-896-1386,213.609.3299|20170923|Legal
4547|Ricardo H Spender|1280 Bruin Pl|Bethany|41313|KY|USA|ricardohspender@example.co.uk|934-302-8415,001-769-477-8772|20130819|Legal
4559|Karl Bruman|924 Kestral Dr|Thomasboro|61878|IL|USA|karl.bruman@example.org|3095307137|20160317|Legal
4562|Annamarie H Flister|1231 Tulip Grove St|Dunkerton|50626|IA|USA|annamarieflister@example.co.uk|+1-240-431-9472|20200129|Legal
4605|Thomas F Hasegawa|898 Av Scott|Shipshewana|46565|IN|USA|thomasfhasegawa@example.gov|765-728-4691,304-963-0475,765.769.1564|20110813|Legal
4609|Bernie O Faniel|84 Arcadia St|Brockton|2404|MA|USA|bernieofaniel@example.com|9786361497|20101003|Legal
4615|Rodolfo G Nethery|629 Via Decano|Findlay|45839|OH|USA|nethery-rodolfo@example.gov|9728547827|20120126|Legal
4620|Jay Margulis|356 Platina Dr|Pine Hill|12465|NY|USA|jaymargulis@example.co.uk|518-575-1894|20181129|Legal
4629|Maryetta R Woldemichael|52 Loretta Ln|Denham Springs|70726|LA|USA|maryettarwoldemichael@example.co.uk|540-169-6968|20150723|Legal
4636|Marcelo V Lintag|1105 Marina Point Ln|Sawyer|74756|OK|USA|marcelovlintag@example.com|7879743762|20160802|Legal
4649|Dot Z Ahlswede|478 Hot Box Cyn Rd|San Antonio|87832|NM|USA|dot_ahlswede@example.com|6022983410|20161128|Legal
4652|Marcus A Darnaby|1328 Dovehouse St|Switz City|47465|IN|USA|marcusadarnaby@example.com|317.516.1587|20180626|Legal
4670|Emelina Q Comby|1249 Burroughs Pl|Lorraine|13659|NY|USA|emelinaqcomby@example.com|516.318.7322,667-825-2320|20100406|Legal
4672|Becki Eling|777 Moon Dust Ct|Stanwood|98292|WA|USA|beckieling@example.gov|+13604535033,2067307244|20160612|Legal
4690|Shondra U Jrjohnson|1153 Via Castanet|San Jose|95171|CA|USA|shondrajrjohnson@example.com|9095886352|20200212|Legal
4696|Annita Johnese|1314 Elder View Dr|Morris|35116|AL|USA|annitajohnese@example.co.uk|205.853.7094,4041907826,870.693.2283|20190321|Legal
4698|Lily S Daniels|1139 Cherry Willow Dr|Anaheim|92808|CA|USA|daniels.lily@example.gov|619-714-4317,949.880.3762|20100121|Legal
4719|Shay Y Mccostlin|648 Grovepark Dr|False Pass|99583|AK|USA|mccostlinshay@example.com|907-948-2783|20121020|Legal
4727|Antonio Sherrill|898 Monakea|San Diego|92131|CA|USA|sherrill-antonio@example.co.uk|318-774-7100|20110209|Legal
4729|Melodee Rowden|542 Bobwhite Cr|New Haven|6534|CT|USA|rowden-melodee@example.co.uk|864.101.7213|20110129|Legal
4742|Kacie R Megowan|928 Edison Rd|Jamestown|27282|NC|USA|kaciermegowan@example.com|3368139290,252-386-8932|20100613|Legal
4760|Jewell W Rydzak|1079 Roswell Ct|Etna Green|46524|IN|USA|rydzak-jewell@example.com|517-042-9297|20170117|Legal
4762|Kyong T Morway|1000 Playa Hermosa|Pilot Mound|50223|IA|USA|kyongtmorway@example.gov|5638175940|20140301|Legal
4764|Dori X Risper|395 Avd Rotella|Interior|57750|SD|USA|risper-dori@example.com|307.351.7495,901.212.2076|20110126|Legal
4765|In T Formoso|964 Georgetown Dr|Wonder Lake|60097|IL|USA|intformoso@example.gov|684.791.6780|20180223|Legal
4768|Tanna Cammock|54 Russ Jay St|Demopolis|36732|AL|USA|tannacammock38@example.gov|6605522375|20100919|Legal
4771|Maximina W Dampeer|394 Via Candice|Johnsonburg|15845|PA|USA|maximina.dampeer@example.co.uk|740-951-3738|20190203|Legal
4778|Maire J Wuertz|1441 Grey Pl|Shickley|68436|NE|USA|wuertz.maire@example.co.uk|551.796.6829,802-552-2637|20160520|Legal
4780|Myong Lichtblau|663 Cherry Blossom Pl|Austinburg|44010|OH|USA|lichtblau_myong10@example.org|5752252732,910.366.1264|20110921|Legal
4790|Carter G Hranek|722 Fallen Oak Ct|Still River|1467|MA|USA|hranek-carter@example.org|774.309.1985,670.846.0988|20100916|Legal
4813|Gladys C Favre|565 Oakwell Rd|Newport News|23606|VA|USA|gladys-favre@example.gov|7370802166,802.127.3943|20160216|Legal
4831|Garland Martinie|1224 Snapdragon Pl|Glen Dale|26038|WV|USA|garland.martinie74@example.gov|681.569.2647,919.214.3493|20190803|Legal
4845|Jerri Charleson|2274 Indian Wells Cr|Anahuac|77514|TX|USA|charleson_jerri@example.co.uk|339-764-8987|20160607|Legal
4846|Breana G Walson|2096 Towsley Cyn Rd|Johannesburg|93528|CA|USA|walson_breana@example.gov|510.819.7384|20190718|Legal
4855|Augustine R Huddy|56 Shadow Rock Ln|Grand Ridge|61325|IL|USA|augustine-huddy@example.gov|6701517699,+1.340.872.3754,847.543.1564|20140730|Legal
4858|Paola P Ahmetovic|583 Rock Cyn Dr|Cloverport|40111|KY|USA|ahmetovicpaola@example.gov|606-453-9244|20141118|Legal
4860|Paola P Ahmetovic|583 Rock Cyn Dr|Cloverport|40111|KY|USA|paolapahmetovic@example.co.uk|4065400209|20151230|Legal
4874|Howard V Joe|117 Oakhurst Dr|Templeton|1468|MA|USA|howard_joe@example.co.uk|978-604-7587,857.793.4816,781-499-6835|20150221|Legal
4876|Peter Ludden|56 Breakers Cove|Sunbury|27979|NC|USA|ludden_peter@example.org|336.079.5454,828.929.6894,910-377-0873|20130414|Legal
4882|Alona Y Ellenbecker|1361 Crown Heights Ct|Dallas|75326|TX|USA|alona_ellenbecker@example.org|970-398-0908|20190827|Legal
4888|Lora V Vitkauskas|304 Stonechat Ct|Aurora|80019|CO|USA|loravvitkauskas@example.org|+1-470-301-3322|20150823|Legal
4892|Orval Ramamurthy|714 Glasser Av|Winchester|22604|VA|USA|ramamurthy.orval@example.co.uk|302.752.3526,4341005359|20181104|Legal
4914|Neda D Babineau|8 Shasta Dr|Chesapeake|23327|VA|USA|neda.babineau@example.org|+1-720-933-2264|20171014|Legal
4926|Amy Y Krochmal|1033 Oakforest Ln|Alberta|56207|MN|USA|amykrochmal74@example.co.uk|747.113.1557|20120120|Legal
4929|Tod Cearlock|247 Marina Point Ln|South Willington|6265|CT|USA|cearlock.tod@example.com|970-038-5489,8081466237,609-895-7755|20170320|Legal
4931|Tod Cearlock|247 Marina Point Ln|South Willington|6265|CT|USA|tod.cearlock@example.gov|5633446045|20180425|Legal
4948|Kelly Eakes|427 Starwood Pl|Berwick|3901|ME|USA|kellyeakes@example.co.uk|509-849-5691,6034722293|20140811|Legal
4956|Tracy Forneris|1189 Via Bordeaux|Portsmouth|23703|VA|USA|tracy.forneris@example.com|2298270232|20180204|Legal
4960|Dionne K Schaul|210 Cromwell Av|Natalbany|70451|LA|USA|dionnekschaul@example.com|3374299430|20191130|Legal
4962|Dorie Judith|630 Landon Pl|Port Jervis|12771|NY|USA|dorie.judith@example.org|218.341.0344,812-210-1302,716.671.7511|20180124|Legal
4963|Cristin C Radel|1742 Olympian Ct|Thomasville|36784|AL|USA|radel.cristin@example.com|205.308.6910|20200210|Legal
4965|Erna P Cenname|1057 Highspring Av|Leavenworth|98826|WA|USA|ernapcenname@example.com|509.553.5655|20190304|Legal
4969|Hui U Meixell|1131 Av Tibbitts|Camino|95709|CA|USA|huimeixell@example.com|001-831-023-2665,505.219.8711,909-195-1463|20170922|Legal
4975|Alta L Manatt|219 Huston St|Dilworth|56529|MN|USA|altalmanatt@example.gov|307-410-7587|20181224|Legal
4985|Jules C Schohl|851 Masterson Ct|Bakers Mills|12811|NY|USA|julescschohl@example.co.uk|917.180.1390|20150625|Legal
4987|Valentina D Khalaf|871 Lupine St|Dugway|84022|UT|USA|valentinadkhalaf@example.co.uk|4356206953|20191202|Legal
4990|Nichelle Spaller|1106 Oxford Ln|Kansas City|64999|MO|USA|nichellespaller@example.gov|939.635.4068,4793413108|20190413|Legal
4994|Sandee D Musket|5 Phantom Trl|Red Oak|27868|NC|USA|sandee.musket@example.com|9104668816|20190608|Legal
5009|Marth W Podbielski|981 Golden Glen Ct|Fort Smith|72905|AR|USA|podbielski_marth@example.gov|501-690-8077,479-512-4009,907.667.1940|20150920|Legal
5011|Colton U Samsel|483 Sky Ranch Rd|Ellendale|56026|MN|USA|coltonusamsel@example.org|6518352993|20160423|Legal
5015|Londa F Gilcher|1041 Valley Oak Ct|Dry Creek|70637|LA|USA|londafgilcher@example.gov|337.456.2004|20180428|Legal
5023|Drew X Jaindl|456 Hasley Cyn Rd|Burnside|62318|IL|USA|drewxjaindl16@example.co.uk|3318591276|20190907|Legal
5025|Brendan B Gatehouse|38 Via Gavola|Houston|77236|TX|USA|brendangatehouse24@example.gov|214-317-9924|20181117|Legal
5033|Birgit T Boker|1834 Astor Racing Ct|Jump River|54434|WI|USA|boker-birgit@example.co.uk|920-191-6773,304-876-7607|20181014|Legal
5054|Karissa Natoli|1404 Pine Cove Cr|Sharon|16146|PA|USA|natoli-karissa@example.com|928.936.6179|20171207|Legal
5062|Kirby Bauermeister|645 Quail Oaks Dr|Pittsburgh|15241|PA|USA|kirby_bauermeister@example.co.uk|208-243-0586,7240203747,8701657405|20181021|Legal
5063|Kirby Bauermeister|645 Quail Oaks Dr|Pittsburgh|15241|PA|USA|bauermeister.kirby@example.org|412.515.8339|20190429|Legal
