16|Denisha I Lagerquist|1111 Keats Ln|Drumore|17518|PA|USA|lagerquist-denisha@example.co.uk|7248715106,724-635-1657|20170715|Marketing
19|Mirna X Schanne|635 Nield Ct|Ragley|70657|LA|USA|mirna_schanne@example.org|225-599-9081|20180210|Marketing
53|Ronnie Q Masukawa|232 6th St|Pear Valley|76867|TX|USA|ronnie_masukawa@example.org|3850691512|20180928|Marketing
59|Obdulia T Portuese|501 Texas Rd|Humble|77346|TX|USA|obduliatportuese@example.org|605.818.6725|20160528|Marketing
67|Johnny Marth|55 Lakeview Wy|Stamford|12167|NY|USA|johnnymarth@example.gov|934.893.0993|20180923|Marketing
68|Ruby K Phillipi|233 Luss Dr|Lakeland|33813|FL|USA|nxlxcw80@example.gov|863.454.5054|20160513|Marketing
74|Mathilde P Willsey|104 Riverside Ln|Sun City|85372|AZ|USA|mathilde.willsey@example.org|928-969-6706,605-821-3719,4250357500|20140525|Marketing
79|Vonnie L Bernt|318 Silhouette Wy|Williamstown|26187|WV|USA|vonnie-bernt@example.com|681.555.9375|20110918|Marketing
84|Elana E Szachta|337 Sugar Pine Wy|Saint Petersburg|33711|FL|USA|elana.szachta@example.com|850.721.3969,414-268-3544|20141007|Marketing
87|Lilia Escalon|1297 Hardy Pl|Massies Mill|22954|VA|USA|escalon_lilia@example.com|540.294.3990|20101019|Marketing
94|Alfreda K Suchy|726 Bodie Pl|Allegany|97407|OR|USA|suchy.alfreda@example.org|423-785-2607|20131028|Marketing
95|Dorine I Aylsworth|71 Madrazo Ln|Emmet|71835|AR|USA|aylsworth.dorine@example.gov|435-261-9843|20140731|Marketing
98|Felice U Foxworth|1375 Cherry Ct|Towaco|7082|NJ|USA|foxworth_felice@example.com|425.724.2790|20160925|Marketing
106|Sabine J Geronimo|752 Lincoln Av|Board Camp|71932|AR|USA|sabinejgeronimo@example.co.uk|202-342-3735,501-837-8616|20120713|Marketing
111|Sindy B Hyten|414 Manor Cr|Huntington|25772|WV|USA|sindy.hyten@example.org|704-052-6221,216.513.5032,954-325-2148|20131228|Marketing
113|Lezlie T Mariona|1345 Carnation Ct|Hampton Bays|11946|NY|USA|lezlietmariona94@example.com|316.101.3995|20121031|Marketing
119|Luanne W Gusta|1006 Sugar Bliss Pl|North Newton|67117|KS|USA|gustaluanne@example.com||20110827|Marketing
121|Galina T Imparato|31 Ada St|Fordville|58231|ND|USA|galinatimparato@example.org|701-810-2973,5313546110|20180312|Marketing
129|Alan Q Ouk|521 Gentian Ct|Fernley|89408|NV|USA|alan_ouk@example.org|404-956-3957|20140317|Marketing
135|Dion Prush|1222 Grove Av|Mc Kee|40447|KY|USA|prush_dion@example.org|3608442300,364-498-1718|20151225|Marketing
149|Fredda K Rockweiler|1185 Runner Rd|Lawrence|1843|MA|USA|freddakrockweiler@example.com|+1-843-861-8608|20140606|Marketing
155|Deandra Clasby|1535 Willow Glen Ct|Providence|27315|NC|USA|clasbydeandra@example.com|684.101.8545|20191218|Marketing
163|Maybelle Bourbina|1061 Aphrodite Ln|Nehawka|68413|NE|USA|maybellebourbina@example.org|334.544.0456|20131214|Marketing
164|Angelo R Stablein|989 East Rd|Washington|20009|DC|USA|angelorstablein@example.gov|2023862825|20120716|Marketing
166|Calandra B Scopa|264 Rosehaven Ln|Morland|67650|KS|USA|calandra_scopa@example.co.uk|001-316-792-5518,7014645525|20160215|Marketing
174|Nguyet K Shene|612 Las Mananitas Dr|Castalia|52133|IA|USA|shene.nguyet@example.com|947-679-2866|20111203|Marketing
179|Walker B Medrow|865 Bella Ct|Udall|65766|MO|USA|walkerbmedrow@example.com|765-075-8385|20190603|Marketing
195|Tori Julseth|1123 Oakspur Dr|Hillsdale|73743|OK|USA|tori_julseth@example.gov|385-285-9463|20120525|Marketing
199|Tambra X Perley|454 Cedar Cyn Ct|Hartford|6102|CT|USA|perley-tambra@example.com|202-198-2628|20121107|Marketing
202|Renea G Lewter|325 London Pl|Otis Orchards|99027|WA|USA|reneaglewter@example.com|4354203811|20140413|Marketing
206|Melinda G Altwies|283 Rio Bosque Dr|Scotts Mills|97375|OR|USA|altwies.melinda@example.co.uk|8020277113|20131123|Marketing
208|Bernadette N Shiels|2156 Linda Ln|Fence Lake|87315|NM|USA|bernadettenshiels@example.co.uk|747-946-8278|20180531|Marketing
209|Kim P Dowden|786 Via Belterra|Montgomery City|63361|MO|USA|dowden.kim@example.co.uk|954-090-0817,802-420-9906,9370514910|20180121|Marketing
211|Devorah K Sohn|625 Helton Dr|Newton Hamilton|17075|PA|USA|devorah_sohn@example.gov|701-258-0063,+12027413220,406-705-6496|20100912|Marketing
218|Louvenia X Fuschetto|1129 Dairy Rd|Diamond Bar|91765|CA|USA|fuschetto-louvenia@example.org|442.635.2145|20120212|Marketing
227|Shemika Strunk|528 Woodpark Ct|Edinburg|78540|TX|USA|shemikastrunk@example.co.uk|430-591-7361,817-847-0603|20120105|Marketing
236|Viva C Cutno|68 Pomita Pl|Springfield|65899|MO|USA|cutno-viva@example.co.uk|410-730-8246,5738961256|20130805|Marketing
239|Larry N Grubbe|2576 Mendoza Dr|Fort Calhoun|68023|NE|USA|larryngrubbe@example.org|308.503.5313|20180830|Marketing
243|Gladis Z Khwaja|440 Pecan Pl|Joppa|62953|IL|USA|gladis-khwaja@example.co.uk|847.086.7394|20120503|Marketing
244|Marcell H Vellos|866 Cavern Ct|Westland|48186|MI|USA|vellos_marcell@example.com|575.184.3522|20110331|Marketing
268|Shiloh D Rooper|1194 Barcelona Rd|Long Island|24569|VA|USA|shilohdrooper@example.gov|310.172.2706|20120110|Marketing
271|Norman A Blymire|1620 Parker Rd|Tovey|62570|IL|USA|normanablymire@example.org|872-109-6894,808-411-0190|20171201|Marketing
288|Trula P Yat|313 Touchstone Pl|Wayland|49348|MI|USA|yat-trula@example.com|7409935343|20160930|Marketing
291|Joanna A Gaestel|1304 Villa Cyn Rd|Van Nuys|91411|CA|USA|joannaagaestel@example.org|402.640.7709|20150330|Marketing
294|Hortense E Mulcrone|1385 Heritage View Ln|Oelrichs|57763|SD|USA|mulcronehortense@example.gov|4354581296|20140104|Marketing
296|Tonya Q Adesanya|1613 Lorjen Rd|Fort Rucker|36362|AL|USA|adesanya.tonya@example.co.uk|307-455-1822|20150423|Marketing
301|Kip W Letsche|217 Marci Wy|Calumet|49913|MI|USA|kvfeddy@example.co.uk|8108756882|20190128|Marketing
314|Mickie Deverney|601 Shadow Island Dr|Humboldt|57035|SD|USA|deverney-mickie@example.co.uk|605-088-8036|20161024|Marketing
329|Mollie A Schallenberg|1552 Blake Wy|Knifley|42753|KY|USA|mollieaschallenberg@example.co.uk|314.699.7344|20100429|Marketing
340|Moriah R Sayah|1422 Kings Cyn Ln|Addyston|45001|OH|USA|sayahmoriah@example.gov|380-756-8285|20120623|Marketing
346|Garland Martinie|1224 Snapdragon Pl|Glen Dale|26038|WV|USA|garland_martinie@example.com|304.053.7363|20180301|Marketing
347|Grace G Gachette|623 Noelle Wy|New Braunfels|78135|TX|USA|gachette-grace@example.com|9367392016|20191117|Marketing
357|Dee Gabriella|1495 Lovage Ct|Seneca Falls|13148|NY|USA|deegabriella@example.com|+17019047603|20101012|Marketing
361|Keturah W Yaffee|438 Acacia Dr|Louisville|40253|KY|USA|keturahwyaffee95@example.com|001-202-160-5793|20120528|Marketing
365|Temple B Solinger|116 Muir Trl|Hercules|94547|CA|USA|templebsolinger@example.co.uk|8643827693|20100306|Marketing
368|Lavette Q Muniak|5 Denise Ln|Hanover|47243|IN|USA|lavetteqmuniak@example.org|812.208.1716,8125463611|20190521|Marketing
371|Noe E Mahmoodi|1221 Cattail Wy|Walla Walla|99362|WA|USA|noeemahmoodi@example.gov|316.729.0503|20151126|Marketing
378|Leilani Zalusky|302 Sunset Creek|Benham|40807|KY|USA|zalusky_leilani@example.org|215.140.0240|20190913|Marketing
389|Cassidy X Tripodi|1334 Via Joyce Dr|Streeter|58483|ND|USA|cassidyxtripodi@example.gov|7016945939|20180929|Marketing
397|Adriana X Metzen|51 Nevette Ct|Chicago|60625|IL|USA|metzen_adriana@example.gov|6035448078|20130223|Marketing
398|Lori Okray|711 Cabezo Ct|Wynnewood|19096|PA|USA|okray.lori@example.com|2672268639|20130917|Marketing
402|Julieta N Kreitinger|28 Sark Pl|Wallace|95254|CA|USA|kreitingerjulieta@example.org|4246033797|20150919|Marketing
422|Lorilee Middelton|1339 Spinnaker Ct|Lakeside|49116|MI|USA|lorileemiddelton@example.org|337.635.5682,520.383.0385,313-615-1713|20171231|Marketing
428|Florida X Ndukwe|6 Oak Crossing Rd|Ravencliff|25913|WV|USA|ndukwe-florida@example.com|207.257.7146|20180415|Marketing
439|Russel Poulose|1213 Lincoln Av|Longdale|73755|OK|USA|russelpoulose@example.gov|267.914.4156|20150204|Marketing
440|Rosalie V Perrera|2204 Potrero Cyn Rd|Huntington|25727|WV|USA|rosalieperrera@example.co.uk|304.354.3134|20170617|Marketing
455|Clotilde J Overbye|31 Avocado Pl|Saint Hedwig|78152|TX|USA|clotilde-overbye@example.gov|3148833958|20150723|Marketing
475|Garret G Unander|332 Hawes Wy|East Carondelet|62240|IL|USA|unandergarret54@example.com|3121015823|20170517|Marketing
486|Annika G Crammond|985 Sack Ct|South Lancaster|1561|MA|USA|annika-crammond@example.com|7813741282|20151107|Marketing
492|Sandie Chesnik|1360 Leigh Ct|Harrington|99134|WA|USA|sandiechesnik@example.gov|2530171601|20131204|Marketing
504|Rosie L Kovitz|2264 Boxwood Ln|San Lucas|93954|CA|USA|rosie_kovitz@example.co.uk|657.654.6034|20160428|Marketing
512|Larae A Tiffee|1256 High Ridge Dr|Ladora|52251|IA|USA|larae.tiffee@example.com|260.140.3454|20101005|Marketing
527|Gertude Breland|55 Trevyelon St|Hot Springs|57747|SD|USA|breland.gertude@example.org|605.825.7767|20140729|Marketing
530|Kenton Y Olian|325 Via Farallon|Lebanon|3766|NH|USA|kenton_olian@example.co.uk|603.001.4532|20160114|Marketing
549|Bernita V Stolze|531 Mansfield Ct|Moorland|50566|IA|USA|bernitavstolze@example.org|+1-515-504-2617|20190110|Marketing
556|Jeraldine T Antidormi|1521 Willow Oak Ct|Columbia|65202|MO|USA|jeraldine.antidormi@example.gov|918-509-7662|20100521|Marketing
583|Shanell Eichberger|1492 Los Rogues Dr|Bedford Hills|10507|NY|USA|shanelleichberger@example.com|684-604-5003,9349438631,7180933651|20130817|Marketing
586|Lorette Y Kaphingst|796 Sandburn Ln|Hempstead|11549|NY|USA|loretteykaphingst38@example.co.uk|7876649238|20150123|Marketing
597|Jeanice D Kanuho|561 Sack Junior Ln|Port Saint Joe|32456|FL|USA|jeanicedkanuho@example.co.uk|860.136.1664|20191007|Marketing
603|Myriam J Mitter|515 Salceda Rd|Monticello|55587|MN|USA|myriam-mitter@example.gov|3208600737,001-601-878-2589,6518498222|20151107|Marketing
624|Lupe U Birnberg|1358 Laurelcrest Ln|Waldwick|7463|NJ|USA|lupeubirnberg@example.co.uk|856-642-2574|20150125|Marketing
637|Katelynn E Hafemeister|330 Cerezo Ct|Sand Creek|54765|WI|USA|hafemeister-katelynn@example.co.uk|573-136-1305|20100812|Marketing
656|Tuyet V Coffer|1066 Ridge Top Ln|Athens|30603|GA|USA|tuyet_coffer@example.co.uk|785.769.1038|20110718|Marketing
664|Kassandra Ostmeyer|1500 Ginger Wy|Naples|75568|TX|USA|kassandra_ostmeyer@example.com|737-072-7377,6676719572|20190827|Marketing
671|Hsiu W Eaches|187 Verandah Ct|Afton|79220|TX|USA|hsiuweaches@example.org|979-261-1277|20110321|Marketing
686|Isabell Q Mater|503 Barcelona Rd|Rock City Falls|12863|NY|USA|mater.isabell@example.co.uk|7202882185|20100701|Marketing
687|Mittie T Choksi|1334 Baleria Ct|Ooltewah|37363|TN|USA|tgtssk@example.org|938-336-3118,2175851562|20151217|Marketing
688|Ardelia G Katch|2660 Yosemite Pl|Ariel|98603|WA|USA|katchardelia@example.com|509-802-6497|20170401|Marketing
695|Elinore Y Vrooman|1233 Thackery Ln|Kansas City|64119|MO|USA|elinoreyvrooman@example.co.uk|417-459-3909|20130801|Marketing
714|Carroll A Rochell|359 Alabega Ct|Pisek|58273|ND|USA|carrollarochell@example.org|701-799-5885|20161016|Marketing
719|Carley Q Hougaard|1044 Via Calisero|Altamont|64620|MO|USA|carleyqhougaard@example.co.uk|573-822-9227|20130422|Marketing
732|Marcie U Audiss|168 Shelley Pl|Montgomery|36105|AL|USA|marcieuaudiss@example.com|435.483.2866|20180614|Marketing
736|Sue Parrotte|693 Crown Ct|Violet|70092|LA|USA|parrottesue@example.com|203.997.7108|20180221|Marketing
754|Karl Tollette|27 Banuelo Av|Amery|54001|WI|USA|karl.tollette@example.com|608-090-8817|20111025|Marketing
784|Elvina Y Favro|81 Chesterfield Dr|Charlotte Court House|23923|VA|USA|elvinayfavro@example.com|7579911080,571-741-9174,703.662.9403|20190210|Marketing
790|Vance Mishan|284 St Annes Rd|Green Bay|54311|WI|USA|vancemishan@example.org|+16361067042|20101220|Marketing
794|Lucien Procacci|580 Oakbar Ct|Topeka|66619|KS|USA|lucien-procacci@example.org|620-711-3087,785.398.1998,316-262-8361|20191004|Marketing
796|Susanne I Kissam|2179 Shenandoah Ln|Bloomington|77951|TX|USA|susanne.kissam@example.gov|919.532.6315,4098434663|20150607|Marketing
800|Jocelyn Achten|743 Willowbrooke Ct|Donaldsonville|70346|LA|USA|achten.jocelyn@example.co.uk|985-925-6712|20101219|Marketing
802|Randee Q Mulrey|800 The Old Road|Ava|65608|MO|USA|mulrey_randee@example.gov|539-185-0788|20130603|Marketing
803|Pedro D Strealy|1049 Lodestar Dr|Marengo|54855|WI|USA|pedro_strealy@example.com|920.010.1873|20110312|Marketing
808|Lenard P Vanlente|399 Parkridge Ln|Richmond|23226|VA|USA|vanlente_lenard@example.com|5862353651|20170327|Marketing
811|Kelley Y Seetharaman|1043 Anchor Ln|Prinsburg|56281|MN|USA|kelleyyseetharaman@example.com|2180862540|20180426|Marketing
820|Cherelle B Fliegelman|1461 Cedarcreek St|Red Creek|13143|NY|USA|cherellebfliegelman@example.gov|701-253-0083|20190305|Marketing
824|Daniell N Sidelinker|1841 La Palma Ct|Cripple Creek|24322|VA|USA|sidelinker_daniell@example.org|530-561-8542|20120119|Marketing
836|Mellissa F Burkette|411 Bronco Dr|Sulphur Springs|75483|TX|USA|mellissaburkette@example.co.uk|787-976-5940,2144598603,214.914.7113|20130321|Marketing
840|Latoya T Mclester|1114 Belmont Ct|Long Beach|11561|NY|USA|mclesterlatoya@example.gov|551.312.5316|20101107|Marketing
842|Martha P Nellon|895 Millford Ct|Delano|93216|CA|USA|nellon-martha@example.com|7079048692|20121022|Marketing
854|Lucille X Otiniano|439 Rye Cyn Rd|Forman|58032|ND|USA|otiniano.lucille@example.co.uk|340-111-7707|20111209|Marketing
856|Tierra N Dicara|452 San Martinez Rd|Los Angeles|90001|CA|USA|tierrandicara@example.gov|714.824.5594,3303510020|20171110|Marketing
874|Tristan B Daavettila|709 Cariz Dr|Sanders|41083|KY|USA|tristanbdaavettila@example.com|2701185532|20130215|Marketing
884|Parker I Chiarulli|742 Gladesworth Ln|Bennington|74723|OK|USA|parker-chiarulli@example.org|001-574-336-8961|20130221|Marketing
886|Khalilah I Trivisonno|1011 Stewart Rd|Northridge|91324|CA|USA|khalilahitrivisonno@example.co.uk|530-654-5237,747.159.8177|20121012|Marketing
905|Lavada Y Rosmarin|1933 Markel Dr|Rock Valley|51247|IA|USA|lavada.rosmarin@example.co.uk|712.520.9027,701-756-8582|20110224|Marketing
907|Chantay Y Chittick|562 Canyon Oak Rd|Mount Enterprise|75681|TX|USA|chantay.chittick@example.org|512-599-2255|20171110|Marketing
929|Natalia F Voecks|305 Hulsey Ct|Bay Shore|49711|MI|USA|natalia.voecks@example.org|5179985184,231.221.9205,815-680-1615|20111202|Marketing
937|Remona Heibult|713 Panorama Ct|East Grand Forks|56721|MN|USA|remonaheibult@example.co.uk|8135777465,9419508157|20130731|Marketing
955|Rosina Frosch|129 Salceda Rd|Gasburg|23857|VA|USA|froschrosina@example.gov|276.838.9216|20160830|Marketing
977|Alexandria I Youngpeter|182 Via Brava|Admire|66830|KS|USA|alexandriaiyoungpeter@example.gov|6200752292|20130817|Marketing
986|Theda J Rottmann|1136 Aden Av|West Sayville|11796|NY|USA|rottmanntheda@example.org|5053441364|20190920|Marketing
994|Glayds F Bogaczyk|92 Jason Dr|Nashville|37228|TN|USA|glayds.bogaczyk@example.gov|001.901.384.7332,901.204.8552|20140114|Marketing
1009|Weston S Falconi|278 Apache Ct|Pompano Beach|33062|FL|USA|falconi-weston@example.org|302.352.8699,754-302-7706|20120105|Marketing
1010|Keshia B Montel|1185 Gold Cyn Dr|Williamsfield|44093|OH|USA|keshiabmontel@example.com|513-560-9572|20150706|Marketing
1044|George E Pearson|143 Capra Rd|Mather|54641|WI|USA|pearsongeorge@example.org|534-373-1910,6842846307|20100107|Marketing
1049|Cathleen Z Lignelli|423 Oleander Ct|La Center|42056|KY|USA|cathleen-lignelli@example.co.uk|360.003.6649,3026238754|20190705|Marketing
1056|Elmer Proveaux|601 Pickford Pl|Chicago|60671|IL|USA|elmer_proveaux@example.co.uk|618.962.8813|20161212|Marketing
1057|Zane M Lofton|560 Kingscrest Dr|Eolia|63344|MO|USA|lofton_zane@example.gov|314-305-2385|20131031|Marketing
1064|Laci O Klemick|835 Kandi Ct|Ephraim|84627|UT|USA|lacioklemick@example.co.uk|787.008.4875|20151213|Marketing
1082|Lakeisha Z Aiton|582 Rancho Adobe Rd|Lisbon|52253|IA|USA|lakeishazaiton@example.org|7128510296|20180815|Marketing
1097|Babara Petterson|1516 Vega Walk|Tyrone|14887|NY|USA|babarapetterson@example.co.uk|614.068.8172|20150407|Marketing
1107|Rocky N Zanon|403 Cypress Ridge Cr|Berthoud|80513|CO|USA|rockynzanon@example.gov|302.188.3301|20190403|Marketing
1111|Stefan Vannavong|1275 Sunny Creek Dr|Atglen|19310|PA|USA|stefanvannavong28@example.com|267.561.9649|20100202|Marketing
1126|Dudley Konzem|60 Parma Ct|Lazbuddie|79053|TX|USA|konzem_dudley@example.gov|9158258512,3469421860|20110714|Marketing
1133|Alethea Z Pinkleton|1772 Woodlark Ln|Paonia|81428|CO|USA|pinkleton.alethea@example.com|720.498.4621,970.366.7297|20130521|Marketing
1136|Roberto Dunnivant|47 Cayenne Dr|Washington|20543|DC|USA|roberto_dunnivant@example.com|2020149838|20120726|Marketing
1142|Alejandrina Grooms|429 Racquet Club Ct|Jeffersonville|40337|KY|USA|alejandrinagrooms@example.gov|502.654.0451|20120619|Marketing
1143|Marty A Mckanna|1470 Dandelion Ln|Dallas|30132|GA|USA|mckanna_marty@example.org|404-200-9087|20170929|Marketing
1145|Jere Ragoo|651 Summer Breeze Ct|Brooklyn|21225|MD|USA|jere-ragoo@example.org|385-944-4010,6086007412|20170321|Marketing
1151|Cassie Karavas|1099 Clearbank Ln|Cavetown|21720|MD|USA|karavascassie59@example.gov|267-501-9454|20140908|Marketing
1156|Cindy R Bixenman|191 Playa Hermosa|New Boston|3070|NH|USA|bixenman_cindy29@example.org|507-659-1910|20100502|Marketing
1165|Asha J Reye|1637 Via La Paz|Graham|98338|WA|USA|asha-reye50@example.com|2067608074|20180405|Marketing
1182|Libby E Duket|572 Sardinia Ct|Cleveland|44184|OH|USA|duket_libby13@example.co.uk|580-695-7159,614-902-5959|20140605|Marketing
1185|Carol A Gines|594 Daniel Dr|Fort Smith|72903|AR|USA|gines.carol@example.co.uk|8706606227|20200209|Marketing
1193|Peter Ludden|56 Breakers Cove|Sunbury|27979|NC|USA|ludden_peter@example.org|670-693-0705|20120128|Marketing
1201|Sharron P Manz|91 Flare Rd|Arcola|65603|MO|USA|sharron-manz@example.org|9076084860|20110609|Marketing
1216|Rosaline W Hubertus|2128 Mendoza Dr|Currie|56123|MN|USA|hubertusrosaline@example.com|218-399-1304,9529519761,2087095718|20141118|Marketing
1217|Racheal Z Leek|2041 Sheffield Ln|Shawnee Mission|66279|KS|USA|racheal-leek@example.gov|6706296675|20160713|Marketing
1222|Marylyn M Nerger|12 Dune Ln|Sharon|25182|WV|USA|nerger_marylyn@example.co.uk|681-956-6819|20200102|Marketing
1223|Seema B Kentfield|189 Manor Cr|Port Bolivar|77650|TX|USA|seema-kentfield@example.org|9152792475,7025020894|20100831|Marketing
1224|Corliss C Pavelko|2207 Coleridge Pl|Wampsville|13163|NY|USA|corlisscpavelko@example.com|417-559-5153|20180423|Marketing
1233|Shannan A Pompe|586 Shallot Ct|Lowry City|64763|MO|USA|shannanapompe@example.com|508.541.3202,406-548-7486,225-212-6786|20100101|Marketing
1255|Amina Q Morian|65 Aumond Av|Chattanooga|37402|TN|USA|amina-morian@example.gov|3071593246|20190521|Marketing
1256|Hiedi T Leifker|744 Ramada Dr|Grand Portage|55605|MN|USA|hieditleifker@example.gov|3343067789|20150517|Marketing
1257|Ardelle J Favier|1168 Birdsong Rd|Laneville|75667|TX|USA|ardelle-favier@example.com|502-144-1126,3256276286,737-402-7229|20160628|Marketing
1273|Caroline Mikeworth|260 Wildwood Cyn Rd|Cuyahoga Falls|44222|OH|USA|carolinemikeworth@example.com|208.953.1082|20190803|Marketing
1277|Estefana H Agbo|48 Golden Bush Ln|Brooklyn|11226|NY|USA|estefanahagbo@example.org|706-655-1793|20100913|Marketing
1279|Timothy Surla|308 Fairweather St|Fairfield|35064|AL|USA|timothy-surla@example.org|808.751.2889,2564645366|20170407|Marketing
1294|Ginger Herrman|1106 Av Of The Oaks|Bellefonte|16823|PA|USA|gingerherrman@example.org|2159635564,8144380635|20190710|Marketing
1298|Cathryn P Sullwold|583 Trailside Ct|Ironton|45638|OH|USA|sullwold-cathryn@example.gov|5130835894|20181023|Marketing
1302|Aubrey E Fenno|508 Oaktree Pl|Princeton|4668|ME|USA|aubreyefenno@example.org|207.840.6671|20130828|Marketing
1321|Teofila V Kava|522 Paseo Del Rancho Dr|San Jose|95128|CA|USA|kava-teofila@example.org|781-583-6398,628.508.0302|20131004|Marketing
1347|Takako J Mitzen|624 Abajo Dr|Richford|5476|VT|USA|takako-mitzen@example.co.uk|304.205.9263|20121106|Marketing
1353|Mai D Ambrosius|137 Lobelia Ln|West Glover|5875|VT|USA|maidambrosius@example.co.uk|609.741.2834|20170322|Marketing
1359|Shae B Rolka|33 Claudette St|Hitterdal|56552|MN|USA|shaebrolka@example.co.uk|001.667.106.1548|20190816|Marketing
1368|Annemarie I Lukken|579 Pinehurst Dr|East Palatka|32131|FL|USA|annemarieilukken@example.gov|501-640-1012|20180301|Marketing
1395|Tifany Paulas|91 Stratford Dr|Whiteville|28472|NC|USA|tifanypaulas@example.gov|202-586-6019|20191026|Marketing
1412|Wyatt D Weinlein|139 Doherty Av|Boise|83715|ID|USA|wyatt_weinlein@example.gov|7028845741|20170303|Marketing
1417|Marybelle C Haymon|946 Open Crest Dr|Watson|74963|OK|USA|marybelle.haymon@example.com|7579042244,405.068.9106|20190721|Marketing
1427|Joella J Mericle|741 Zev Dr|Telford|37690|TN|USA|joella.mericle@example.gov|810.175.3236,605.448.8589|20140415|Marketing
1444|Nida I Grattan|132 Biscailuz Dr|Loveland|80539|CO|USA|grattan.nida@example.gov|670.173.5911,207.606.5886|20160510|Marketing
1447|Monnie C Laye|2019 Blue Cloud Rd|Marseilles|61341|IL|USA|laye-monnie@example.co.uk|8727961730,224-236-0636|20100728|Marketing
1460|Jed B Thomisee|875 Branch Rd|Upson|54565|WI|USA|jedbthomisee@example.gov|725.223.9496|20110828|Marketing
1463|Roma Korta|320 Esperanza Ln|Kinsman|44428|OH|USA|korta_roma@example.org|9202098006|20180711|Marketing
1466|Evelynn Buonomo|236 Gary Dr|Greenford|44422|OH|USA|evelynnbuonomo@example.com|5134113638|20140211|Marketing
1467|January Rundio|1919 Azalia Trl Ct|Atlanta|30374|GA|USA|rundio.january@example.gov|762-518-3433|20180115|Marketing
1490|Mahalia W Mooser|23 Katys Ln|Houghton|57449|SD|USA|mahalia_mooser@example.gov|6050550418,605.600.4642|20180817|Marketing
1519|Chance Misson|1102 Market St|Lohrville|51453|IA|USA|missonchance@example.co.uk|319.356.7470|20121215|Marketing
1530|Mia C Asbridge|326 Santa Maria Dr|Boonsboro|21713|MD|USA|asbridge-mia@example.com|410-835-6049,4025969716|20151017|Marketing
1535|Adelaide K Macgillis|1133 Walnut Cottage Ln|Little Rock|72219|AR|USA|adelaidekmacgillis@example.com|701-693-5454|20160718|Marketing
1541|Chad O Koering|922 Sena Ct|Scioto Mills|61076|IL|USA|koeringchad@example.com|3012773260|20140908|Marketing
1550|Charlie Platta|719 Lawrence|Franklin Lakes|7417|NJ|USA|charlieplatta@example.org|862-914-0390|20120621|Marketing
1557|Britney V Joiner|1249 Gladding Wy|Dayton|45433|OH|USA|britneyvjoiner@example.co.uk|5050642470|20160216|Marketing
1569|Jill B Mckeeby|1169 Rexford Pl|Union Grove|35175|AL|USA|mckeeby.jill@example.co.uk|516-333-8640|20120921|Marketing
1575|Oneida J Idalski|554 Mill Valley Rd|Shungnak|99773|AK|USA|idalskioneida@example.org|907-953-4828,203-884-8932,9297499738|20121007|Marketing
1582|Arturo S Boire|425 Desert Rose Dr|Two Dot|59085|MT|USA|arturo-boire@example.co.uk|406-901-5670|20120619|Marketing
1585|Kandis P Felmey|1117 Castaic Oaks Ln|Levering|49755|MI|USA|kandispfelmey@example.gov|517-356-3308|20100917|Marketing
1588|Lesley C Minges|217 Pam Ct|Delmar|35551|AL|USA|lesleycminges@example.org|2513168091|20121231|Marketing
1596|Corliss Z Beall|227 Elsmere Cyn Motor Wy|New York|10203|NY|USA|corlisszbeall@example.org|+1.845.483.0285|20170525|Marketing
1607|Eulah Wysinger|3 Western Cedar Ct|Liverpool|61543|IL|USA|eulah-wysinger@example.co.uk|217.646.5845,309.114.3131|20140328|Marketing
1617|Emile Fabro|1466 Vista Del Rio|Hattieville|72063|AR|USA|emile-fabro@example.co.uk|+18700708896|20181113|Marketing
1628|Ranee N Trip|407 Avd Rondel|Barnstead|3218|NH|USA|tripranee@example.gov||20120823|Marketing
1629|Quinn W Trebus|1061 Aspen Ridge Dr|Toms Brook|22660|VA|USA|quinn_trebus@example.gov|501-432-4715,434.241.9684|20171028|Marketing
1631|Philip M Gora|378 Wallace Pl|Harper Woods|48225|MI|USA|philip-gora@example.org|810.491.3190,4010195898|20170915|Marketing
1635|Latanya O Wollum|477 Olympic St|Freeborn|56032|MN|USA|wollum.latanya@example.co.uk|8787334673|20170719|Marketing
1638|Terrilyn F Zervas|607 Biago Ct|Penfield|15849|PA|USA|terrilynfzervas@example.com|610-949-5588|20190825|Marketing
1640|Ma S Catanzaro|405 Neargate Dr|Dysart|16636|PA|USA|ma-catanzaro@example.gov|2188848217|20150904|Marketing
1654|Joey H Palcic|27 Oakgale Av|Lenorah|79749|TX|USA|joey_palcic@example.co.uk|9566902504|20160906|Marketing
1678|Starr C Lagreca|75 Rainbow Glen Dr|Flushing|11381|NY|USA|starr.lagreca@example.gov|208-804-9637|20170614|Marketing
1680|Wynell Y Cortinez|1977 Connie Ct|North Hatfield|1066|MA|USA|cortinezwynell@example.gov|3512244145|20130627|Marketing
1694|Jaleesa L Boiles|194 Blakely Pl|New Orleans|70158|LA|USA|jaleesa-boiles@example.org|5411852044,6067483970|20110830|Marketing
1703|Apolonia O Brandell|807 Potrero Cyn Rd|Denver|80207|CO|USA|apolonia_brandell@example.com|719.463.6402|20140204|Marketing
1733|Tyrell C Dayoub|889 Gilman Ln|Elmdale|66850|KS|USA|tyrell.dayoub@example.gov|620.191.6322|20101014|Marketing
1738|Clayton S Kamali|420 Stillmore St|Squaw Valley|93675|CA|USA|claytonskamali@example.org|702-243-9819|20151118|Marketing
1747|Inocencia D Gunkle|597 Saddleback Ridge Rd|Stuart|50250|IA|USA|inocenciadgunkle@example.org|563.860.0603|20111020|Marketing
1759|Shanice O Santellana|591 Patricia Pl|Louisville|40289|KY|USA|santellana.shanice@example.gov|8601116663|20120104|Marketing
1764|Keenan W Askeland|826 Newacre Rd|Goodway|36449|AL|USA|keenanwaskeland@example.gov|334.979.1250|20120304|Marketing
1769|Nida C Eisermann|759 Startree Ln|Toms River|8754|NJ|USA|nidaeisermann@example.gov|7137387730|20180501|Marketing
1772|Sharron B Bizzell|1821 Stagecoach Wy|Sturgis|42459|KY|USA|sharronbbizzell@example.org|6065394921,270.205.8138|20130724|Marketing
1774|Rob S Letendre|46 Dorado Dr|Houston|77268|TX|USA|robletendre@example.gov|2543390780|20130125|Marketing
1778|Kurtis L Waisner|94 Fairweather St|Evansville|47702|IN|USA|kurtis.waisner@example.gov|317.031.4187,2609574067|20111007|Marketing
1787|Wanita C Ajifu|309 Sweet Shade Ln|Thornton|41855|KY|USA|ajifuwanita@example.org|5028593350|20101101|Marketing
1790|Gussie B Dellosa|153 Kirstengary Wy|Hinsdale|60522|IL|USA|gussiebdellosa@example.com|3315779074|20100521|Marketing
1809|Dan Z Kilkenny|1337 Breckenridge Pl|Daytona Beach|32126|FL|USA|danzkilkenny@example.org|321-525-7898|20101225|Marketing
1813|Gerardo F Terjesen|723 Creston Ct|Gerton|28735|NC|USA|gerardoterjesen@example.co.uk|605.377.9418|20150902|Marketing
1823|Jamar I Vogel|12 Hollywood Ct|Darwin|93522|CA|USA|jamar-vogel70@example.gov|802-096-9654,+1.562.285.9016,615.367.5379|20180106|Marketing
1826|Kirk Z Crowston|927 Novela Wy|Glenwood|71943|AR|USA|crowston.kirk@example.com|920-939-6053,360-502-6083|20171120|Marketing
1830|Malcolm I Presa|371 Via Elisandra|Waurika|73573|OK|USA|presa-malcolm@example.gov|307-035-1798|20170311|Marketing
1845|Anjanette F Woodal|946 Cedar Ln|Pinetops|27864|NC|USA|anjanettewoodal@example.com|757-295-3242,252.860.5316|20100928|Marketing
1856|Kristina X Dearstine|382 Chervil Ct|Adelphia|7710|NJ|USA|kristinaxdearstine@example.org|671-698-5201|20131031|Marketing
1869|Hsiu R Hodgeson|843 Meadstone Rd|Kerman|93630|CA|USA|hsiu_hodgeson@example.com|6266186429|20110521|Marketing
1874|Willena Silverwood|680 Midtown Ct|Twining|48766|MI|USA|silverwood-willena@example.co.uk|928.868.1383,989-720-8823|20160918|Marketing
1876|Kena A Marcure|434 Wistaria Valley Rd|Glenville|28736|NC|USA|marcurekena@example.gov|704.870.4435|20171123|Marketing
1882|Rupert Hodgkiss|1336 Camomile Ln|Upton|42784|KY|USA|hodgkiss-rupert@example.org|502-019-6150|20130624|Marketing
1884|Marci W Romasco|644 Theodore Ct|Syracuse|68446|NE|USA|marci.romasco@example.gov|929-856-6216|20110811|Marketing
1892|Marquita X Flechtner|864 Mockingbird Ln|Laurel|20708|MD|USA|flechtner-marquita@example.org|6674584466|20190903|Marketing
1898|Tabatha W Domagala|1244 Solana Ln|Leakey|78873|TX|USA|tabathawdomagala@example.gov|9402047442|20161016|Marketing
1909|Kellie R Kresge|169 Coal Mtn Ct|Nokomis|34275|FL|USA|kellie.kresge@example.gov|3210530163|20160223|Marketing
1924|Alexandra Y Romera|877 Chiswick Ct|Forsyth|62535|IL|USA|alexandrayromera@example.co.uk|630-215-3203|20110829|Marketing
1927|Crysta Gonsales|1067 Charonne Ct|Haines|97833|OR|USA|crysta-gonsales@example.co.uk|701-285-4657,3365804195,971-049-0399|20110509|Marketing
1938|Jammie Q Rabasca|956 Sedgewick Ct|Cincinnati|45263|OH|USA|jammie_rabasca@example.co.uk|740.867.1292|20120226|Marketing
1943|Wilburn E Peralto|1094 Ayala Rd|Hebron|58638|ND|USA|wilburnperalto@example.co.uk|6295513594|20140716|Marketing
1944|Patrice P Kokel|125 Parkwood Ln|Pasadena|91105|CA|USA|patricepkokel@example.gov|669-191-0487|20170716|Marketing
1945|Candida Criger|664 Rose Lee Ct|Marietta|30007|GA|USA|crigercandida@example.co.uk|662-303-9114,531.517.4321|20111019|Marketing
1948|Asia I Juffer|718 Salem Ct|North Falmouth|2556|MA|USA|asia_juffer@example.com|3516709691|20130829|Marketing
1953|Hanna B Bjerken|1450 Driver Av|Crofton|68730|NE|USA|bjerken_hanna@example.org|531.788.2822|20180903|Marketing
1959|Danial V Unland|49 Oak Cr|Claudville|24076|VA|USA|danialunland@example.co.uk|781-579-1337|20140904|Marketing
1968|Barrie C Heuring|778 Marina Ct|Virginia Beach|23468|VA|USA|barrieheuring@example.gov|804.378.0939|20110730|Marketing
1971|Katharina A Orihuela|1602 Violin Cyn Rd|Munroe Falls|44262|OH|USA|katharinaaorihuela@example.gov|754-676-1353|20110424|Marketing
1974|Rocco R Boclair|2127 Marina Point Ln|Valdosta|31601|GA|USA|rocco-boclair@example.co.uk|5315426845,9124990960,641.059.6714|20140703|Marketing
1979|Leigh K Mbaye|863 Mariam Pl|New Castle|16101|PA|USA|rhxvgo@example.co.uk|3398569556|20140328|Marketing
1981|Ebony E Haggis|645 Sierra Ct|Cedar Rapids|52499|IA|USA|ebony_haggis@example.co.uk|515-210-6839|20160704|Marketing
1986|Ulysses O Robello|1313 Valley Oak Pl|Waterford|12188|NY|USA|ulyssesrobello@example.org|878-426-7832|20111016|Marketing
1992|Nichol Y Womick|621 Newton Ct|Arthur|51431|IA|USA|womick.nichol@example.org|352.234.6599|20110518|Marketing
2000|Nettie Z Hogencamp|468 Bud Ct|Glenwood|28737|NC|USA|nettie-hogencamp@example.org|919.876.6382|20170725|Marketing
2004|Lauran P Larussa|110 Alaminos Dr|Lenox|31637|GA|USA|larussa.lauran@example.gov|7167086435|20101020|Marketing
2005|Cornell Leetham|691 Vineyard Ln|Hayward|94544|CA|USA|cornellleetham@example.co.uk|747.460.6876|20121221|Marketing
2008|Rashad Z Saltman|952 Bakerton Av|Linefork|41833|KY|USA|rashadzsaltman@example.com|606-552-8812|20190520|Marketing
2014|Rosana G Plunkard|3126 Mandel Ct|Jansen|68377|NE|USA|rosanagplunkard39@example.co.uk|858.509.2218|20101021|Marketing
2015|Mauro P Jaggers|670 Goldcrest Dr|Greens Fork|47345|IN|USA|jaggers-mauro@example.gov|505.435.3047,276-394-3590|20180314|Marketing
2025|Venetta X Remsberg|857 Via Estrella|Sacramento|95820|CA|USA|remsberg_venetta@example.gov|769.410.3183|20151015|Marketing
2041|Nga I Tukey|390 Goodvale Rd|Premont|78375|TX|USA|ngaitukey@example.org|210.943.0948|20121218|Marketing
2044|Williams Sorci|1312 Grandview Dr|West Nyack|10994|NY|USA|williams-sorci@example.com|917-179-6628|20170213|Marketing
2047|Alona P Portas|806 Myrin Ct|Black Rock|72415|AR|USA|alonapportas@example.com|502-002-7690|20150105|Marketing
2057|Lucila S Dinoia|1027 Muledeer Ln|Higgins|79046|TX|USA|lucila_dinoia@example.com|7378781735,470.903.5670|20160105|Marketing
2067|Odessa R Benway|1586 Chiswick Ct|Apopka|32703|FL|USA|benwayodessa@example.gov|973-291-2749|20181226|Marketing
2069|Todd Y Batra|2169 Av Scott|Chapman|68827|NE|USA|toddybatra@example.org|+1.918.681.6350|20120509|Marketing
2078|Nannie V Patty|342 Magic View Pl|Hastings|68902|NE|USA|nannie_patty@example.com|+19391337577,5314293782|20100118|Marketing
2079|Maybell G Lindhout|1097 Via Bellazza|Alpine|79830|TX|USA|lindhout_maybell@example.com|757.516.9972|20180927|Marketing
2091|Goldie X Castleberry|270 Sena Ct|Marthaville|71450|LA|USA|goldiexcastleberry@example.org|5049913070,3370919201,504.191.9081|20111129|Marketing
2095|Kristie T Biesemeyer|118 Lost Creek Rd|Epping|58843|ND|USA|kristietbiesemeyer@example.com|971.168.1228|20100901|Marketing
2096|Renay R Poupart|410 Sam Pl|Winona|25942|WV|USA|renayrpoupart51@example.org|443.555.1959|20161205|Marketing
2116|Irena Tarone|2040 Sylvia Dr|Huntsville|35895|AL|USA|irenatarone@example.co.uk|504.270.7650,910-570-4838|20101113|Marketing
2120|Johna P Frederique|44 Valcour Dr|Laurel|39442|MS|USA|frederique.johna@example.gov|3078398055|20140927|Marketing
2133|Alethia Heddins|105 Forrest St|Boca Raton|33429|FL|USA|heddinsalethia@example.com|+1-754-852-2225|20160507|Marketing
2143|Willow Soppeland|517 Via Calisero|Denver|80262|CO|USA|willowsoppeland@example.gov|702.458.3736|20110706|Marketing
2163|Jeffrey J Arial|427 Thornewood Dr|Seminole|16253|PA|USA|arialjeffrey@example.com|208-859-6822|20150528|Marketing
2164|Winnie F Kluver|1006 Mayfair Dr|Wendell|56590|MN|USA|kluver_winnie@example.org|681-675-8291,952.108.7092|20180827|Marketing
2177|Cherryl L Kaszycki|139 Watson Cr|Las Vegas|89113|NV|USA|cherryllkaszycki@example.com|9073551262,413-580-0880|20110301|Marketing
2185|Sharyn Shottenkirk|766 Redwood Bluff Ln|Lancaster|93535|CA|USA|sharynshottenkirk@example.co.uk|831-673-5019,684-694-2753|20101108|Marketing
2186|Retta R Mackenzie|1056 Old Adobe Ln|Fresno|93765|CA|USA|rettarmackenzie@example.gov|559-143-1170|20180121|Marketing
2187|Aleisha O Penister|467 Tamarino Wy|Billings|59107|MT|USA|aleisha.penister@example.com|3025821230,406.165.3231,4069101964|20171011|Marketing
2191|Jacques Leanos|443 Lynham Pl|Mercury|89023|NV|USA|jacques-leanos@example.com|725-002-3232|20130127|Marketing
2202|Lorean N Ruoss|1553 Timothy Dr|Stoddard|54658|WI|USA|ruoss.lorean@example.org|414-469-5120,920-576-4790|20170510|Marketing
2208|Donnie L Lombardozzi|238 Cedar Glen Ct|Chestertown|12817|NY|USA|donniellombardozzi@example.co.uk|202-626-0130|20120102|Marketing
2216|Logan Kernahan|1410 Timon Ln|Basye|22810|VA|USA|logan_kernahan@example.org|614.030.5046,434.111.0029|20120213|Marketing
2218|Aracely V Coppenrath|415 Shadow Island Dr|East Orange|7018|NJ|USA|aracely.coppenrath@example.gov|848-384-9492,762.379.6682|20121101|Marketing
2220|Linda Q Magdanz|202 Danielson St|Plains|67869|KS|USA|lindaqmagdanz@example.co.uk|7853271598|20190121|Marketing
2223|Teddy Petrykowski|1218 Dulce Ln|Sevierville|37876|TN|USA|petrykowski.teddy@example.gov|7319265134|20100311|Marketing
2224|Mui V Langsford|1073 Sedgewick Ct|Bethel|12720|NY|USA|muivlangsford@example.com|8703661795,914-512-3699|20110124|Marketing
2228|Reatha Q Reding|182 Marquis Ct|Lincoln|68526|NE|USA|reatha_reding@example.gov|3081972120,402-622-0684|20100919|Marketing
2249|Clarine U Arutyunov|358 Alaminos Dr|Caney|74533|OK|USA|arutyunovclarine@example.co.uk|+1.918.150.5951|20190929|Marketing
2255|Christine Florentine|1198 Decoro Rd|Saint Louis|63157|MO|USA|christineflorentine@example.org|8161822730|20131228|Marketing
2256|Roxanna Z Boduch|871 Skylake Pl|Denver|80299|CO|USA|roxannaboduch@example.co.uk|303-937-4879|20101207|Marketing
2257|Vinnie Lans|730 Tahoe Ct|Newbury|3255|NH|USA|vinnie-lans@example.org|+16032213475|20160820|Marketing
2265|Adan G Janczewski|1173 North Dakota Dr|Hermitage|37076|TN|USA|janczewski.adan@example.gov|901-801-4616|20190611|Marketing
2276|Carolee Q Kolbusz|71 Via Rana|Ponca City|74601|OK|USA|kolbusz_carolee@example.org|9188842968|20120115|Marketing
2280|Scottie Mannette|319 Abdale St|Fairfield|6431|CT|USA|mannette_scottie@example.gov|+12028197716|20180602|Marketing
2281|Boyce A Kalland|254 Av Tibbitts|La France|29656|SC|USA|boyce_kalland@example.com|854.900.9786,8034674598,775-668-7059|20110621|Marketing
2285|Chaya Murff|1929 Ash Ct|Glade Valley|28627|NC|USA|chayamurff@example.gov|801-089-6785|20170505|Marketing
2291|Myrl X Maschinot|571 Silversmith Dr|Snow Lake|72379|AR|USA|myrlxmaschinot@example.org|+14635308033,+1.870.578.6118|20120507|Marketing
2305|Barbra Bayton|1382 Sheridan Rd|Bahama|27503|NC|USA|bayton_barbra@example.org|3039514899|20170723|Marketing
2306|Louetta F Vanscoyk|1113 Larkspur Ct|Toledo|43606|OH|USA|vanscoyk_louetta@example.co.uk|9376161632|20180705|Marketing
2310|Jaleesa B Fitzsimonds|550 Harrison Pkwy|Altonah|84002|UT|USA|jaleesa_fitzsimonds@example.gov|651-286-2321|20140807|Marketing
2314|Vanda I Farbo|75 Birchleaf Ct|New Point|47263|IN|USA|farbovanda@example.gov|2605828047|20191128|Marketing
2318|Lea X Moscardini|71 Willow Tree Ct|Langhorne|19047|PA|USA|leaxmoscardini@example.com|7176191353,361-355-8087|20140429|Marketing
2348|Raguel F Wardrip|662 Paradise Ranch Rd|Brighton|65617|MO|USA|raguel_wardrip@example.com|601-989-1927|20171107|Marketing
2364|Chantell Bilsland|236 Park Meadow Dr|Ventress|70783|LA|USA|chantellbilsland@example.gov|2255747176,225-884-7576|20190623|Marketing
2370|Adrianne B Nil|639 Sierra Sunrise Ln|Beggs|74421|OK|USA|nil.adrianne@example.co.uk|405-442-5763|20190212|Marketing
2373|Donita Rehfield|285 La Veda Av|Sumter|29151|SC|USA|donitarehfield@example.gov|3075964309|20191123|Marketing
2378|Yuriko Mckelroy|1713 Far Hills Rd|Salem|8079|NJ|USA|yurikomckelroy@example.co.uk|862.366.9271,732-837-2899,2011183967|20191126|Marketing
2392|Madalyn S Deldotto|75 Mariscal Rd|Port Charlotte|33948|FL|USA|madalyndeldotto@example.com|7250779310,3520024227,332-475-8219|20180510|Marketing
2394|Alene N Leiterman|225 Byron Wy|Terre Haute|47801|IN|USA|alene_leiterman@example.org|315.388.8458|20130502|Marketing
2416|Natasha Bearman|683 Thorley Ct|Adairsville|30103|GA|USA|bearman-natasha@example.com|6842378931,706-116-3799|20141227|Marketing
2423|Amy Y Krochmal|1033 Oakforest Ln|Alberta|56207|MN|USA|amy-krochmal@example.com|605.042.1529|20100910|Marketing
2431|Rory A Maneri|681 Great Lakes Ct|Pasadena|77506|TX|USA|manerirory@example.co.uk|830-839-2161|20150201|Marketing
2440|Serena Y Naida|233 Zinnia Ct|Omaha|68105|NE|USA|serenaynaida@example.com|907-743-8299,001-402-137-0707,402-533-7877|20131024|Marketing
2450|Kiara J Mondin|1086 Trinity Pl|Boise City|73933|OK|USA|kiarajmondin@example.com|918-584-3272|20181004|Marketing
2451|Cinthia T Sorce|1269 Vista Del Canon|Nutley|7110|NJ|USA|cinthiatsorce@example.co.uk|405.253.6861|20180831|Marketing
2457|Brigette T Feng|146 Summit Cr|East Ellijay|30539|GA|USA|feng-brigette73@example.co.uk|678.159.9987|20171219|Marketing
2466|Nickolas E Bohnert|277 Via Solano|Harrell|71745|AR|USA|nickolasbohnert@example.org|862.689.0584|20181122|Marketing
2467|Sherill Tixier|302 Bridger Ct|Clifton|81520|CO|USA|sherilltixier@example.co.uk|5402499665|20131005|Marketing
2470|Dannette D Mobus|1479 Shannon Ridge Pl|Bradenton|34203|FL|USA|dannettemobus@example.co.uk|6845227239|20160924|Marketing
2483|Caitlyn C Rusyn|374 Rhododendron Dr|Tribes Hill|12177|NY|USA|caitlyncrusyn@example.com|646.423.8456|20180922|Marketing
2487|Jenelle L Mathewes|862 Estrella Pl|New Paris|15554|PA|USA|mathewes.jenelle@example.co.uk|484-993-4760|20130722|Marketing
2500|Joann G Torcivia|495 Knoll Ct|Standard|95373|CA|USA|joanngtorcivia@example.co.uk|669-991-2840|20160625|Marketing
2525|Nanci B Valder|638 Wellsley Wy|Bedias|77831|TX|USA|valder.nanci@example.co.uk|432.422.9155|20160619|Marketing
2527|Rey E Ballerini|202 Macklin Av|Saint Petersburg|33731|FL|USA|rey_ballerini@example.co.uk|7742137632|20130430|Marketing
2534|Mariette Y Mcatee|1167 Sundance Creek Dr|Louann|71751|AR|USA|mariette-mcatee@example.com|712.140.2819,7035947799,8708543499|20100520|Marketing
2535|Babara Z Norberg|226 Hawkbryn Av|Fruitland|87416|NM|USA|norberg_babara48@example.com|620.634.7331|20110626|Marketing
2537|Stephen V Granberg|115 Matana Dr|Coatesville|19320|PA|USA|stephen_granberg@example.com|939-185-4783,724.582.7561|20140418|Marketing
2542|Sylvia D Mckinna|378 Via Gardenia|East Waterboro|4030|ME|USA|mckinna.sylvia@example.gov|2078537549|20120502|Marketing
2543|Yan L Woodhurst|202 Blue Ridge Wy|Hamilton|13346|NY|USA|yanlwoodhurst@example.gov|929.184.7544|20140317|Marketing
2546|Garth Z Ninh|116 Decoro Rd|Conshohocken|19429|PA|USA|garthzninh@example.com|603.844.2359|20120213|Marketing
2551|Abbey D Tumilty|1628 Fairbanks Ct|Nelson|65347|MO|USA|abbey_tumilty@example.gov|681.693.8106,8481405100|20130817|Marketing
2577|Margareta F Henning|1438 La Palma Ct|Harrietta|49638|MI|USA|henningmargareta84@example.com|8128492027|20110111|Marketing
2592|Armandina Hassig|1215 Glasser Av|White Oak|28399|NC|USA|hassig-armandina@example.gov|8436939170,+1.704.347.3831|20141111|Marketing
2599|Verdie F Kuehner|1732 Summerhill Ln|Homer|46146|IN|USA|verdie.kuehner@example.co.uk|260-741-5372|20110321|Marketing
2600|Marketta Rebensdorf|1124 Brittany Ln|Upland|91786|CA|USA|marketta-rebensdorf@example.co.uk|520-607-6296|20130828|Marketing
2606|Kristine A Ead|569 Fountain Glen Ct|Germantown|38138|TN|USA|kristineaead@example.gov|907.904.0388|20191025|Marketing
2607|Nelly Pessagno|1450 Dove Ct|Dallas|30132|GA|USA|nellypessagno@example.org|234.829.6093|20170904|Marketing
2610|Rogelio Montante|228 Heidi Jo Ln|New Orleans|70121|LA|USA|rogeliomontante@example.org|845.627.4634,337-943-9775|20140301|Marketing
2621|Refugio A Zazzarino|1289 Autumn Oak Ct|Maple Valley|98038|WA|USA|refugio_zazzarino@example.gov|8653232650,442-945-5541|20110529|Marketing
2633|Bianca J Delgaizo|776 Larbert St|Fairfax|57335|SD|USA|delgaizo.bianca@example.gov|670-284-4519|20120818|Marketing
2635|Ernestina Q Altaha|44 Nelliemay Ln|Oshkosh|69190|NE|USA|ernestinaaltaha@example.org|3085648687|20150620|Marketing
2652|Isadora J Whitcomb|155 Timber View Ct|Omega|31775|GA|USA|isadorawhitcomb@example.com|629-778-6944|20180610|Marketing
2657|Lisha X Schoenlein|415 Cherry St|Morgantown|26506|WV|USA|lishaxschoenlein@example.org|910.379.7502|20170103|Marketing
2664|Inge Lamal|312 Gleneagle Ct|Redcrest|95569|CA|USA|inge-lamal@example.com|949.872.1663|20141009|Marketing
2665|Clementine P Radhakrishnan|1065 Cedar Cyn Ct|Fort Wayne|46858|IN|USA|clementineradhakrishnan@example.gov|812.540.6749,317.404.1411|20180114|Marketing
2666|Leontine Q Herring|103 Stevenson Ranch Pkwy|Austin|78750|TX|USA|leontineherring@example.org|412.528.5070|20120314|Marketing
2667|Charles Lorang|881 Deana Ln|Ostrander|55961|MN|USA|charleslorang@example.gov|541-390-7855,+13197049387|20170413|Marketing
2686|Dean Bonnette|134 Kipling Pl|Nebo|28761|NC|USA|bonnette.dean@example.co.uk|417-705-6441|20190624|Marketing
2701|Breana Cyriac|791 Nirvana Ln|Pope|38658|MS|USA|breana.cyriac@example.gov|228-999-6066|20160320|Marketing
2717|Dong H Torcivia|1115 Fushia Ct|Johnsonburg|15845|PA|USA|dong_torcivia@example.com|4789157060|20151119|Marketing
2721|Jacalyn Y Gardina|1046 Esquerra Rd|Houston|77277|TX|USA|gardina-jacalyn@example.co.uk|940-469-8726|20191107|Marketing
2729|Ines Schay|887 Van Gogh Ln|Kinsale|22488|VA|USA|inesschay@example.gov|3020343574|20160526|Marketing
2735|Clifford M Bond|759 Via La Casa|West Palm Beach|33416|FL|USA|clifford-bond@example.co.uk|8133125454,001.754.468.5556|20180318|Marketing
2739|Lekisha J Hainsworth|26 Pinnacle Ct|Enfield|6083|CT|USA|lekishajhainsworth@example.com|9592357656,979.863.3156|20180503|Marketing
2742|Peggie Dargenio|1819 Via Brava|George|51237|IA|USA|peggie-dargenio@example.gov|7012231243|20131125|Marketing
2754|Harriette S Ohliger|98 Arches Ln|Pencil Bluff|71965|AR|USA|harriette.ohliger34@example.co.uk|623-691-0678|20161210|Marketing
2759|Clyde I Stanbridge|1046 Chase St|Monroe|53566|WI|USA|stanbridge.clyde@example.co.uk|401-004-6691,715-517-1919|20100509|Marketing
2768|Margy O Honrado|299 Via Tomas|Ithaca|14853|NY|USA|margyohonrado@example.com|646.653.7533|20100309|Marketing
2781|Keri K Harring|899 Red Oak Ct|Frazier Park|93225|CA|USA|harring.keri@example.org|502.388.0134,571.071.4080|20110522|Marketing
2792|Lavinia B Dombrow|1247 Heritage Ln|Eugene|97405|OR|USA|laviniabdombrow@example.gov|6844173432|20120427|Marketing
2793|Christie F Garnes|333 Festividad Dr|Seguin|78155|TX|USA|christie.garnes@example.org|408.667.4931|20140517|Marketing
2801|Adrien I Papaleo|1173 Canyon Ln|Rothsay|56579|MN|USA|papaleo.adrien@example.com|479.208.9178|20180708|Marketing
2818|Nery Q Savko|418 Wellington Ct|Fort Wayne|46895|IN|USA|neryqsavko@example.co.uk|+1.862.383.2989,804.555.3878,317-854-1595|20190126|Marketing
2840|Lakeesha D Kussmann|214 Via Kannela|Atlanta|31141|GA|USA|lakeesha.kussmann@example.gov|706.196.2299|20180910|Marketing
2851|Jacklyn X Pankiw|621 Moreno Dr|Lewiston|84320|UT|USA|pankiw.jacklyn@example.com|385-833-3296|20160403|Marketing
2861|Jessi T Bewick|712 Oakriver Ln|Des Plaines|60017|IL|USA|bewick_jessi@example.co.uk|670.437.0743|20190430|Marketing
2864|Arlette X Lecca|655 Cherry Willow Dr|Cortez|81321|CO|USA|lecca.arlette@example.org|719.113.7734,303.540.1942|20190910|Marketing
2866|Awilda Ing|1039 Feedmill Rd|Newport|97365|OR|USA|ingawilda@example.co.uk|503.952.9445|20171105|Marketing
2872|Sonya X Hagerott|143 Magnolia Dr|Los Angeles|90056|CA|USA|sonyaxhagerott@example.com|8058568304|20140523|Marketing
2874|Cythia S Steventon|250 Persimmon Ln|Prairie Lea|78661|TX|USA|cythiassteventon@example.org|325.547.7332,8300461101|20170705|Marketing
2875|Samella Muschett|355 Nahin Ln|Chamberlain|57325|SD|USA|samella_muschett@example.gov|717.869.1524|20130316|Marketing
2882|Adina B Vanderkelen|1185 Beaver Run Rd|Willows|95988|CA|USA|adinabvanderkelen@example.com|650-154-5902|20131027|Marketing
2917|Sade C Kantowski|232 Vista Delgado Dr|Wiggins|80654|CO|USA|kantowskisade@example.com|303.428.5857|20130202|Marketing
2925|Ashlyn M Kurzawski|528 Via Milagro|Irvine|92612|CA|USA|ashlynmkurzawski63@example.gov|925.925.7914,628-453-2398|20100311|Marketing
2946|Roy D Seidenberg|297 Wellston Dr|Turkey City|16058|PA|USA|roydseidenberg@example.org|7034892564|20141219|Marketing
2956|Kyong Q Hupfer|289 Old Coach Ct|Thomasville|17364|PA|USA|hupferkyong@example.com|5709658508|20100109|Marketing
2964|Jere H Gleiberman|375 Deeptree Av|Hudson|82515|WY|USA|jere_gleiberman@example.org|001.307.004.9851|20170117|Marketing
2987|Nikole Touchard|58 Mariposa Pl|Jamison|18929|PA|USA|touchardnikole@example.co.uk||20140929|Marketing
2989|Mildred G Legarde|819 Crestview Dr|Amarillo|79185|TX|USA|mildredglegarde@example.org||20140613|Marketing
3002|Shaunte D Bruny|932 Hurcule Wy|Charlotte|28206|NC|USA|shaunte_bruny@example.com|919-950-1442|20190510|Marketing
3003|Latoria S Streno|584 Santa Ynez Wy|San Francisco|94125|CA|USA|latoria_streno@example.co.uk|323-625-8918,332-231-4650|20131203|Marketing
3017|Dan S Burrey|705 Dahlia Ridge Dr|Markleton|15551|PA|USA|dansburrey@example.gov|7855653271|20150424|Marketing
3018|Horacio S Minett|1313 Deer Springs Dr|Prairie Grove|72753|AR|USA|horaciosminett@example.co.uk|6201269902|20110124|Marketing
3023|Karina Campanile|56 American Av|Bassett|53101|WI|USA|campanile.karina@example.com|701-931-6566,4148628074|20191219|Marketing
3058|Libbie S Markussen|1891 Pine Hills Av|Grayville|62844|IL|USA|libbiemarkussen@example.com|331-051-2388|20110501|Marketing
3059|Frances O Cajigal|913 Bellis Dr|Port Sanilac|48469|MI|USA|cajigalfrances@example.com|307.226.5151|20180502|Marketing
3066|Ollie L Rause|331 Copper Hill Rd|Brooklyn|11217|NY|USA|ollie-rause@example.com|401.220.5395,6700084676,718-747-8852|20140129|Marketing
3083|Versie E Westfahl|638 Snowy Owl Ct|Exira|50076|IA|USA|versiewestfahl19@example.gov|3194012991,3195359835|20160719|Marketing
3093|Shavonne I Jarocki|26 Steve Jon St|Tillamook|97141|OR|USA|shavonneijarocki@example.co.uk|206.528.5442|20130101|Marketing
3099|Keeley Olivares|1470 Oak Cyn Rd|Iowa City|52244|IA|USA|keeleyolivares26@example.org|220-998-2251|20140205|Marketing
3112|Ruthanne Coriale|537 Quartz Mesa Ln|Gary|46401|IN|USA|ruthannecoriale@example.co.uk|575.771.0050|20190329|Marketing
3129|Shawna R Benfield|1353 Glasser Av|Clay|77839|TX|USA|shawna_benfield@example.gov|713.790.7355,8100382596|20100302|Marketing
3130|Jerome G Anderwald|1298 Barganca Ct|Columbia|65201|MO|USA|anderwald_jerome@example.org|670.270.2333|20180707|Marketing
3133|Drusilla A Hammick|404 Arden Av|New York|10196|NY|USA|drusilla-hammick@example.co.uk|5188337023,518.354.7215|20100602|Marketing
3166|Iliana B Larowe|1655 Shadwell Ct|Louisville|30434|GA|USA|laroweiliana@example.co.uk|937.225.7331,+1-762-048-6050|20150301|Marketing
3176|Shela P Osterland|1375 Linda Vista St|Murphy|28906|NC|USA|shelaposterland@example.com|8286792929|20190520|Marketing
3180|Dollie Aramayo|2036 Hardy Pl|Charlotte|28202|NC|USA|dollie-aramayo@example.co.uk|928.985.0562,+1-743-156-2426,8023202259|20160619|Marketing
3184|Kizzy Jewers|916 Alfreds Wy|Cincinnati|45271|OH|USA|jewerskizzy36@example.gov|2161541346|20200128|Marketing
3194|Remedios H Riollano|281 Via Gardenia|Levant|4456|ME|USA|riollanoremedios@example.gov|6207601525,8540356558|20191220|Marketing
3202|Catrina S Kopper|813 Lindsay Cyn Rd|Pittston|18643|PA|USA|catrinakopper@example.gov|4581004213,2670638202|20120206|Marketing
3210|Eva B Karin|72 Woodstock Av|El Paso|88524|TX|USA|karin.eva@example.gov|515.282.2718,3259266315|20170408|Marketing
3211|Elizbeth M Hollings|487 El Dorado Ct|Genoa|89411|NV|USA|hollings.elizbeth@example.com|260-432-9890|20110422|Marketing
3216|Dong F Quarantillo|716 Quincy St|Corpus Christi|78471|TX|USA|dongfquarantillo@example.com|830-137-6239|20180407|Marketing
3220|Dannette U Krysl|199 Hidden Valley Ct|Reseda|91337|CA|USA|dannette_krysl@example.co.uk|530-669-8396,8058982551,785.477.4496|20140422|Marketing
3229|Alta L Manatt|219 Huston St|Dilworth|56529|MN|USA|altalmanatt@example.gov|234-893-1079|20110704|Marketing
3262|Erinn G Hollett|1278 Castilla Ct|Normal|35762|AL|USA|erinn.hollett54@example.gov|9389131144,870.790.9734,251-054-4706|20121008|Marketing
3267|Merlene P Schwanebeck|449 Hideout Ct|Trenton|8611|NJ|USA|merlene-schwanebeck@example.co.uk|302-792-0301|20130629|Marketing
3288|Zula Y Paulo|7 High Ridge Dr|Minneapolis|55405|MN|USA|paulo_zula@example.com|385.103.2995,218.028.9699|20140222|Marketing
3294|Muoi L Manella|492 Monarch Ridge Dr|Bakersfield|93385|CA|USA|manella_muoi@example.org|424-446-3471|20100523|Marketing
3295|Randy A Feltch|53 Bentley Wy|Davenport|13750|NY|USA|randyafeltch@example.org|607.359.0992|20160204|Marketing
3331|Melany Shadburn|275 Figueroa St|South San Francisco|94099|CA|USA|shadburn_melany@example.gov|442-948-9361,209.694.9945,559.147.3842|20160622|Marketing
3332|Rudolf L Bagnal|395 Huston St|Townsend|23443|VA|USA|rudolflbagnal@example.org|7854344496,+1-804-963-7421|20140427|Marketing
3346|Aretha Y Bryn|109 Castaic Lake Dr|Orchard|77464|TX|USA|aretha_bryn@example.com|5755314465|20150415|Marketing
3360|Hortensia P Vaziri|1334 Neely St|Lewisberry|17339|PA|USA|hortensiapvaziri@example.com|570.215.9146|20110617|Marketing
3369|Margherita O Antoci|281 Carrizo Dr|Jefferson|4348|ME|USA|antocimargherita@example.gov|906-940-0621|20130401|Marketing
3376|Shawnda F Morriss|32 Camomile Ln|Elmhurst|18416|PA|USA|morriss-shawnda@example.co.uk|215-335-6403|20190203|Marketing
3379|Brigette X Kiskaden|396 Lupita Dr|Elkhorn City|41522|KY|USA|brigette-kiskaden@example.gov|364-654-6771|20101129|Marketing
3385|Melania E Deprince|81 Plaza Chiva|Johnson|10933|NY|USA|melania_deprince61@example.com|315.447.9668,8650887070|20150323|Marketing
3398|Reda Barquero|246 Undine Rd|South Gibson|18842|PA|USA|barqueroreda@example.gov|7244346884|20101228|Marketing
3403|Delta R Dessin|927 Via Hamaca|Cyclone|24827|WV|USA|deltadessin@example.org|304-190-9378|20121208|Marketing
3413|Dong M Langhammer|2609 San Francisquito Motor Wy|Kilbourne|43032|OH|USA|dongmlanghammer@example.gov|440-412-0120|20180823|Marketing
3415|Tiesha Y Debole|1257 Reunion Ct|Darfur|56022|MN|USA|debole_tiesha@example.co.uk|+15074314736,541-390-4668|20120817|Marketing
3432|Dayle V Biber|272 Coarse Gold Motor Wy|Gibbstown|8027|NJ|USA|biber_dayle@example.org|201.090.0286,671.383.2962|20131225|Marketing
3442|Corazon P Moscowitz|929 Thompson Ranch Rd|Baton Rouge|70874|LA|USA|corazonpmoscowitz@example.com|479.640.7867|20121211|Marketing
3447|Vonda G Dattalo|637 Via Montana|Stratton|80836|CO|USA|dattalo.vonda@example.com|7203433282|20191214|Marketing
3460|Benton H Brouhard|939 Brookview Ter|Huntley|60142|IL|USA|benton-brouhard@example.gov|5013323766|20130802|Marketing
3462|Lexie R Tempesta|504 Tampico Dr|Midvale|84047|UT|USA|lexie_tempesta@example.org|402.600.4962|20161002|Marketing
3464|Nikia J Tantalo|972 Coal Mtn Ct|Providence Forge|23140|VA|USA|tantalonikia@example.co.uk|203-582-9967|20161014|Marketing
3465|Hue R Vodehnal|276 Bruin Pl|Hope|48628|MI|USA|huevodehnal@example.co.uk|231.917.6129,313-776-2647|20130314|Marketing
3471|Eulalia K Dellea|807 Alder Dr|Wilmar|71675|AR|USA|eulalia_dellea@example.co.uk|501.933.8067|20190227|Marketing
3472|Rosemary A Brauch|774 Bluesky Wy|Greeley|52050|IA|USA|rosemaryabrauch@example.com|563.692.3560,563.283.9468|20150605|Marketing
3488|Thad Y Dyrland|1078 Pinnacle Ct|Stuart|34995|FL|USA|thadydyrland@example.gov|4075764337|20120812|Marketing
3489|Jerrod Sukhu|1029 Victoria Ln|Clarksburg|26301|WV|USA|jerrod_sukhu@example.gov|8646636640|20180624|Marketing
3521|Tinisha F Shelow|1268 Sorrento Pl|Oxford|13830|NY|USA|tinishafshelow@example.com|332.336.4765,769-592-9553,908-830-8889|20130920|Marketing
3522|Tyisha Kobeski|1769 Alamogordo Rd|Jackson|39288|MS|USA|tyishakobeski@example.gov|812.043.9743|20170218|Marketing
3524|Beaulah B Meredith|931 Brooks Cr|Boothbay|4537|ME|USA|meredith.beaulah@example.gov|229.387.9941|20110603|Marketing
3531|Deloise C Hoerning|103 Waterwheel Rd|Douglas|85655|AZ|USA|hoerning.deloise@example.com|531.870.7882|20120209|Marketing
3532|Kim Y Rodruguez|454 Palo Verde Pl|Falls City|68355|NE|USA|kimrodruguez@example.com|6811708577|20121008|Marketing
3535|Hyo J Resciniti|795 Monterey Av|Albany|12201|NY|USA|hyo_resciniti@example.org|518.245.1433|20110715|Marketing
3539|Heide N Engling|1614 Evi Ln|Mahwah|7495|NJ|USA|heidenengling41@example.gov|3025490414|20180108|Marketing
3546|Lilliana O Tabbert|291 Los Encinos Dr|Trumann|72472|AR|USA|lillianaotabbert@example.co.uk|2026696073|20180611|Marketing
3551|Delorse M Vanderstoep|201 Valley Ranch Rd|Claflin|67525|KS|USA|delorse_vanderstoep@example.gov|620.927.0927,2768948229|20151014|Marketing
3593|Ervin Gbur|932 Brooken Av|Bevington|50033|IA|USA|ervingbur@example.org|2027754179|20120827|Marketing
3620|Kyung Gilk|152 Ranney House Ct|Linden|48451|MI|USA|kyung_gilk@example.org|9060694316|20170903|Marketing
3641|Lizbeth A Shatzer|390 Bagby Dr|Kawkawlin|48631|MI|USA|lizbethashatzer@example.gov|330-538-9289|20191023|Marketing
3655|Tarsha Chiprez|949 Ashby Ct|Lexington|40583|KY|USA|tarshachiprez@example.gov|+13646156186|20160119|Marketing
3658|Eleanore Spanton|120 Stonington Ln|Tulsa|74153|OK|USA|spantoneleanore@example.org|308.321.9740|20101022|Marketing
3673|Zaida I Penley|1387 Goodvale Rd|Honolulu|96826|HI|USA|zaidaipenley@example.co.uk|4421422910|20151129|Marketing
3678|Jeannine Berlage|1072 Spruce St|Monroe Bridge|1350|MA|USA|jeannine_berlage@example.gov|617.933.4273,773-916-7512|20170907|Marketing
3686|Dannielle P Roblez|1197 Monterey Av|Centerville|2632|MA|USA|roblez-dannielle@example.com|6179180558|20120222|Marketing
3698|Yun D Voeltner|548 Quigley Cyn Rd|Heron|59844|MT|USA|voeltner-yun@example.gov|406-165-4801|20120102|Marketing
3705|Rosanna L Ivankovich|613 Hood Wy|Broad Run|20137|VA|USA|ivankovich-rosanna@example.co.uk|703-644-1654,787-756-2335|20180209|Marketing
3706|Vance G Ordiway|564 Monroe St|Palmyra|53156|WI|USA|vancegordiway@example.org|6621059691|20181029|Marketing
3724|Donte M Niehoff|84 Nearbrook St|Fredericksburg|22402|VA|USA|niehoff.donte@example.com|575.372.8339,9135478211,757-186-9437|20110311|Marketing
3730|Dione R Demattos|306 Littlefield Dr|Akron|44304|OH|USA|demattos-dione@example.co.uk|567.532.7449|20130527|Marketing
3737|Belkis R Grigaitis|255 Kenton Ln|Rosenhayn|8352|NJ|USA|belkis-grigaitis@example.co.uk|9080956920|20170927|Marketing
3758|Cheree Guiliand|696 Tamarisk Pl|New Haven|48048|MI|USA|chereeguiliand@example.gov|6813194982|20100512|Marketing
3767|Laurette Ettel|564 Hammond Ct|Dallas|75387|TX|USA|ettel_laurette@example.co.uk|214.239.9917|20191011|Marketing
3777|Kylie P Yackle|477 Gilford Pl|Lorenzo|79343|TX|USA|kyliepyackle@example.gov|202.042.4895|20140622|Marketing
3780|Justa W Dillin|87 Rosemont Ln|Braddock Heights|21714|MD|USA|dillin-justa@example.org|2409173901,520-230-1954|20100519|Marketing
3831|Tressa H Intemann|312 Houston Ct|Stratton|80836|CO|USA|intemann.tressa@example.co.uk|3805261423|20190421|Marketing
3834|Clayton G Reintjes|245 Birkewood Ct|Niagara|58266|ND|USA|clayton-reintjes@example.com|7012852325|20120814|Marketing
3837|Susy V Weisbaum|184 Ellis Henry Ct|Westernport|21562|MD|USA|susyvweisbaum@example.gov|6129841783,804-592-5972,+1.410.047.3534|20130505|Marketing
3842|Eddie F Shelar|987 Ivy Ln|Silver Lake|97638|OR|USA|eddie_shelar@example.com|505-815-6430|20100831|Marketing
3843|Antonia M Cantrell|12 Alamo Wy|Wellington|84542|UT|USA|antoniamcantrell@example.gov|3858955635|20140620|Marketing
3845|Joshua I Hartill|2981 Via Amare|Ansted|25812|WV|USA|joshuaihartill@example.org|6819158772|20110421|Marketing
3862|Sachiko Reina|1006 Via Amado|Durham|27701|NC|USA|sachikoreina@example.org|8600463835|20161001|Marketing
3869|Joesph Z Merza|812 Arch St|Thayer|62689|IL|USA|merzajoesph@example.co.uk|312-130-1591|20180823|Marketing
3890|Nickolas Buice|270 Devon Ln|Effingham|66023|KS|USA|nickolas.buice@example.org|316-423-2025,706.053.3489|20110713|Marketing
3898|Tomeka L Tindall|1020 Montecito Wy|Hayesville|44838|OH|USA|tomeka_tindall@example.com|201-516-4856|20141216|Marketing
3900|Jayna A Plymel|1153 La Veda Av|Roxana|41848|KY|USA|plymel.jayna@example.gov|670-655-6894|20160701|Marketing
3902|Moira Y Willham|763 Beneda Ln|Carmel|93921|CA|USA|moiraywillham@example.org|2079039461|20151004|Marketing
3908|Mercy A Slinkey|250 Sageview Ct|Saxe|23967|VA|USA|slinkey-mercy@example.com|+1.434.480.8157,605.350.6974|20111201|Marketing
3921|Britt O Hensrud|478 Dairy Rd|Peoa|84061|UT|USA|britthensrud@example.org|385-464-9437|20160413|Marketing
3927|Barbera W Vuillemot|1079 Holms Ct|Homosassa|34487|FL|USA|barbera.vuillemot@example.gov|386.676.8925|20190119|Marketing
3934|Tatum B Voytilla|845 Clementine Dr|Seabrook|29940|SC|USA|tatumbvoytilla@example.org|7731770723,843.700.4104|20160112|Marketing
3938|Diedra H Wibowo|650 Cresthaven Ct|Presto|15142|PA|USA|diedra-wibowo@example.co.uk|907.330.2322,570-957-8992|20110404|Marketing
3943|Margie V Lubbert|1008 Soldon Ct|Anchorage|99503|AK|USA|margie_lubbert@example.com|907.501.4273|20151212|Marketing
3960|Krystina V Humen|2021 Silhouette Wy|Dallas|75225|TX|USA|humen_krystina@example.gov|4328391580|20111022|Marketing
3964|Colton U Samsel|483 Sky Ranch Rd|Ellendale|56026|MN|USA|coltonusamsel10@example.com|503-466-5713|20101003|Marketing
3968|Theo V Kuang|46 Delight St|Cambridge|2139|MA|USA|theo.kuang79@example.org|516.734.0522|20171029|Marketing
3969|Sachiko L Handel|519 Alyssa Dr|Oakland|94625|CA|USA|sachikohandel@example.gov|510.194.5658|20120220|Marketing
3976|Shanika F Rugolo|232 Castlebury Pl|Fayette|35555|AL|USA|shanikafrugolo@example.co.uk|2055031279|20100809|Marketing
3980|Bobbie X Riesch|1574 Wishbone Ln|Yonkers|10704|NY|USA|bobbie.riesch@example.gov|3078730532|20130315|Marketing
3989|Londa F Gilcher|1041 Valley Oak Ct|Dry Creek|70637|LA|USA|gilcher.londa@example.gov|6845153644|20171213|Marketing
3998|Miesha P Smusz|845 Highspring Av|Shelby|59474|MT|USA|mieshapsmusz@example.gov|854.548.1447|20170722|Marketing
4007|Noma C Sailer|414 London Pl|Swain|14884|NY|USA|nomasailer@example.gov|6461724659,631.614.7869,929.387.7624|20141127|Marketing
4009|Jefferson Patidar|1191 Private Dr|Hollidaysburg|16648|PA|USA|jeffersonpatidar@example.org|+1-919-112-1376|20130306|Marketing
4012|Tiffiny U Divens|1012 Far Hills Rd|Warrenton|63383|MO|USA|divens_tiffiny@example.com|3147597872,636.108.8056|20100726|Marketing
4016|Refugio Zeiter|643 Balsam Ct|Dallas|75267|TX|USA|zeiter.refugio@example.org|+1-725-050-1270|20160630|Marketing
4019|Yaeko C Coby|873 Evans Av|Winston|64689|MO|USA|yaeko_coby@example.com|4406139518,417.291.2341,302-172-0561|20150719|Marketing
4020|Shaun T Mcmickle|727 Cicely Ct|Hornbeak|38232|TN|USA|shaun_mcmickle@example.gov|615.588.9800|20151211|Marketing
4034|Jann T Mattis|1247 Poe Pkwy|Ridge Spring|29129|SC|USA|jann-mattis@example.com|502-467-6643,001-802-001-2733,8644016732|20180703|Marketing
4035|Deeanna U Bleich|788 Canyon Ter Wy|Philadelphia|19194|PA|USA|deeannaubleich@example.org|610.155.2643|20181011|Marketing
4040|Daisey Boberg|505 Sweetgum Ln|Paron|72122|AR|USA|boberg-daisey@example.com|501.033.8083|20101022|Marketing
4053|Ora F Vasilenko|1354 Housman Pl|Rochester|14625|NY|USA|vasilenko_ora@example.com|914.869.6179,7754826624,646.059.8097|20190416|Marketing
4075|Malia O Rettke|1131 Rosa Ln|Midland|79706|TX|USA|rettke_malia@example.gov|3079260319|20130912|Marketing
4083|Ila Jakobowski|1278 Trillium Ln|Woodhull|14898|NY|USA|ilajakobowski@example.co.uk|001.531.611.6335|20120501|Marketing
4087|Jillian B Helgeson|1564 American Beauty Dr|Magnolia|36754|AL|USA|helgeson.jillian@example.co.uk|6313013576|20191024|Marketing
4103|Shiela F Lisby|185 Refinery Rd|Richmond|23234|VA|USA|lisbyshiela@example.com|5400414314,540.738.3132|20150218|Marketing
4116|Mia G Krenz|1774 Michael Crest Dr|Buffalo|14280|NY|USA|krenzmia@example.co.uk|518.515.9752|20150730|Marketing
4122|Charlotte A Burhans|902 Engineers St|Turners Station|40075|KY|USA|burhans.charlotte@example.gov|920.156.5853,208.501.0929|20180413|Marketing
4144|Shantell A Cheon|143 Deer Ct|Carthage|46115|IN|USA|shantellcheon@example.co.uk|670.167.1171|20131001|Marketing
4150|Neva I Zaghloul|3 Timber Pl|Lillington|27546|NC|USA|zaghloul_neva@example.org|+13367791541|20190517|Marketing
4151|Harland Begody|193 Atley Ct|Mc Neil|78651|TX|USA|begodyharland@example.gov|712.551.0922|20110830|Marketing
4157|Diamond X Kisko|511 Glasser Av|Rockville Centre|11571|NY|USA|diamond_kisko@example.com|307-924-7669|20181231|Marketing
4159|Kimberlee A Fuhriman|1112 River Cr|Barco|27917|NC|USA|kimberleeafuhriman@example.org|828.949.8313|20160209|Marketing
4166|Sammy E Maxeiner|558 Eagle Ln|Naples|4055|ME|USA|maxeiner.sammy@example.gov|207.575.4164|20120913|Marketing
4167|Argentina J Tappendorf|633 Walnut Orchard Rd|Winthrop|71866|AR|USA|tappendorfargentina@example.com|479-782-7188,501.626.3310|20141114|Marketing
4180|Celsa H Taro|1258 Stone Cyn Ln|Plum Branch|29845|SC|USA|taro_celsa@example.co.uk|303.581.9388|20170527|Marketing
4188|Julieann E Brazell|1308 Shirley Pl|Jacksonville|32202|FL|USA|julieann.brazell@example.co.uk|3217800570|20131127|Marketing
4195|Alvina C Czub|513 Golden Valley Rd|Littleton|80162|CO|USA|alvina_czub@example.org|970-298-2673|20141117|Marketing
4205|Cordia V Verzal|127 Town Center Dr|Bryan|77801|TX|USA|cordiavverzal@example.org|959-209-8343,2601509614|20111104|Marketing
4208|Marita I Manoli|423 Westview Ln|Bronx|10473|NY|USA|maritaimanoli@example.co.uk|929-186-0258,9202968279|20131031|Marketing
4218|Katelin D Brosig|213 Anna Ct|Stockholm|4783|ME|USA|brosigkatelin@example.co.uk|406-870-1416,+1.803.594.2060,+1.605.288.3922|20180915|Marketing
4222|Ta X Gaffaney|1268 Grape Myrtle Ln|North Powder|97867|OR|USA|ta_gaffaney@example.org|302.796.6950|20190802|Marketing
4223|Brinda W Rothery|555 Goodvale Rd|Hoboken|31542|GA|USA|brinda_rothery@example.com|404.920.6061|20191113|Marketing
4225|Stephan R Larrea|631 Arline St|Williamson|25661|WV|USA|larrea.stephan@example.gov|304-684-9000|20101001|Marketing
4226|Renna D Pettibone|424 Magnolia Dr|Hematite|63047|MO|USA|rennapettibone60@example.com|316-018-9753|20100410|Marketing
4231|Elise W Gaisser|1271 Weldon Cyn Rd|Damascus|44619|OH|USA|elisewgaisser@example.org|216.963.9388,614.843.1645|20100917|Marketing
4234|Babara U Hyvarinen|1928 Liverpool Ct|Belmont|71406|LA|USA|babarauhyvarinen@example.com|337.024.8682|20101121|Marketing
4254|Birgit T Boker|1834 Astor Racing Ct|Jump River|54434|WI|USA|boker.birgit@example.org|262.592.9549|20130416|Marketing
4258|Jeane D Pacocha|1592 Thurber Wy|Omaha|68102|NE|USA|pacocha-jeane@example.org|3475044231,308-723-0838|20121209|Marketing
4265|Tomasa K Tari|1885 Soladera Wy|Pompano Beach|33068|FL|USA|tomasa-tari@example.gov|8597026876|20140217|Marketing
4266|Alonzo B Strzelewicz|557 Kenneth Pl|Rocky Mount|24151|VA|USA|strzelewicz-alonzo@example.com|4349336856,540-557-8713|20130403|Marketing
4270|Vicky U Denstedt|1447 Able St|Glen Fork|25845|WV|USA|vickyudenstedt@example.org|9134465448|20190818|Marketing
4282|Nichol H Meintz|548 Rainbow Glen Dr|Fargo|58106|ND|USA|nicholhmeintz@example.org|671-523-8111|20120508|Marketing
4287|Nada P Bambenek|1794 Player Dr|Watsonville|95076|CA|USA|bambenek_nada@example.co.uk|661-030-1594|20160516|Marketing
4290|Lupita X Kalbacher|277 Littleton Wy|Manderson|82432|WY|USA|lupita_kalbacher@example.org|802.843.7876|20110909|Marketing
4295|Cornell C Bilodeau|1028 Windcrest Pl|Washington|20226|DC|USA|bilodeau-cornell@example.gov|202.595.9321|20180304|Marketing
4298|Brande P Cantine|498 Hampton Dr|New Haven|6505|CT|USA|brandepcantine@example.com|2037662276|20171025|Marketing
4300|Ellis M Boyes|1164 Via Telino|Madison|53706|WI|USA|boyes-ellis@example.co.uk|484.818.1471|20141018|Marketing
4305|Junie Mihalick|1335 Rancho Ct|Dailey|26259|WV|USA|juniemihalick@example.co.uk|681.665.1658,716-391-8010|20170116|Marketing
4307|Dylan G Rumrill|2116 Langston St|Arcadia|71001|LA|USA|dylanrumrill@example.com|602.806.7572,504.761.5828|20110613|Marketing
4308|Elfriede V Canda|295 Zeus Ln|Tulsa|74169|OK|USA|canda.elfriede@example.org|541.846.2238,+17013259808,580-995-0877|20160701|Marketing
4320|James E Niekamp|1540 Sea Grit Av|Charleston|25333|WV|USA|james-niekamp@example.gov|847.301.9014|20120408|Marketing
4339|Kirby I Tiska|855 Blake Wy|Massapequa|11758|NY|USA|kirbyitiska@example.co.uk|917-426-6709|20110405|Marketing
4360|Teresa Z Spies|555 Tulipland Av|Streator|61364|IL|USA|teresa.spies@example.org|7812771789,+1-830-709-0809|20160516|Marketing
4363|Joan P Jaskulski|316 Capri Ct|Decatur|72722|AR|USA|joanpjaskulski@example.co.uk|870-563-4708|20100316|Marketing
4365|Carlee X Santizo|566 Browning Pl|Quapaw|74363|OK|USA|santizo_carlee@example.co.uk|8544848302|20100903|Marketing
4383|Donnette Sledzinski|496 Nicholas Cr|Coolidge|67836|KS|USA|sledzinskidonnette@example.gov|404.629.0224,913.759.8334,605.387.2809|20180309|Marketing
4386|Grady Tray|1216 Aldbury St|Perry|73077|OK|USA|grady-tray@example.org|3406591928|20160220|Marketing
4390|Norman K Hannemann|1401 Pocahantas Av|Offutt A F B|68113|NE|USA|hannemannnorman@example.gov|531.265.4611,2727198426,934-087-6236|20120220|Marketing
4395|Ruthanne Grimstad|572 Spencer Dr|Honolulu|96811|HI|USA|ruthannegrimstad@example.gov|5637516461|20170627|Marketing
4402|Collene Mullanix|426 Beaver Run Rd|Saint John|58369|ND|USA|collenemullanix53@example.com|5134911433|20171008|Marketing
4408|Fernando Macavoy|74 Solamint Rd|Shelby|44875|OH|USA|fernandomacavoy@example.org|217-083-0951,234-010-2633|20140102|Marketing
4414|Saundra V Roskowski|1403 Hemingway Av|Protem|65733|MO|USA|saundra-roskowski@example.gov|816.882.8778|20120819|Marketing
4440|Shaun N Klotz|556 Austin Ct|Bird in Hand|17505|PA|USA|shaunnklotz@example.co.uk|+1-215-703-9746,4069392755,202-375-7453|20140111|Marketing
4451|Nicky V Rothstein|143 Trevyelon St|Leesville|71459|LA|USA|nickyrothstein@example.gov|225-808-1477|20100110|Marketing
4455|Freida H Meech|1354 Linda Vista St|Penasco|87553|NM|USA|meech_freida@example.gov|575.989.4581|20140107|Marketing
4478|Leilani Stamatakis|884 Orion Ln|Ithaca|14851|NY|USA|stamatakis.leilani@example.org|607-411-1359|20130914|Marketing
4485|Norma S Glanzer|956 Willow Ct|Tunnel|13848|NY|USA|norma_glanzer@example.org|631.409.4647|20180825|Marketing
4487|Carina V Johnigan|1582 Nadal St|Newfolden|56738|MN|USA|carinavjohnigan@example.org|320.428.1507|20130908|Marketing
4488|Lavone P Demartine|1292 Big Oak Ln|Bridgeport|6610|CT|USA|demartinelavone@example.com|860-145-9440|20100615|Marketing
4489|Sanjuanita J Ovall|1044 Bougainvillia Wy|Placida|33946|FL|USA|sanjuanitaovall@example.co.uk|001.701.133.2585|20160605|Marketing
4498|Janay T Broadt|686 Concorse Dr|Westville|61883|IL|USA|broadt.janay@example.gov|2082325660|20130613|Marketing
4500|Janice D Einarsson|1550 Deer Springs Dr|West Townshend|5359|VT|USA|janice-einarsson@example.com|8028308746|20120515|Marketing
4515|Cordie Q Zipprich|350 Madrazo Ln|Montgomery|77356|TX|USA|zipprich-cordie@example.gov|682.487.2480|20130514|Marketing
4520|Margert T Butrim|872 Hurcule Wy|Aneth|84510|UT|USA|butrim-margert@example.gov|801-392-4962,801-562-3524|20120902|Marketing
4522|Tasha O Faggins|1122 Harmony Wy|McClusky|58463|ND|USA|fagginstasha@example.com|913-671-2667|20180901|Marketing
4524|Hung H Kochie|1166 Cedarcreek St|Clarkton|28433|NC|USA|kochie.hung@example.com|531-018-8954|20141006|Marketing
4530|Alita A Gillilan|1063 Weyerhauser Wy|Vesta|24177|VA|USA|alitaagillilan@example.co.uk|2703973949|20101210|Marketing
4540|Sylvie M Corderman|652 Open Crest Dr|Hamburg|19526|PA|USA|corderman-sylvie@example.gov|253-144-7019|20151031|Marketing
4544|Nancee Bonte|338 Annelise Wy|Kingston|12401|NY|USA|bonte-nancee79@example.org|+1-508-380-0440|20110810|Marketing
4553|Madge J Bartoo|43 Campbell Ct|Belle Valley|43717|OH|USA|bartoo.madge@example.co.uk|671-031-0590,802-931-7872,662.458.9353|20111119|Marketing
4563|Sarita O Thiesing|879 Cerro Verde Av|Lewistown|63452|MO|USA|sarita.thiesing@example.com|417.310.1777|20120809|Marketing
4567|Cammy Q Brautigan|30 Golden Bush Ln|New York|10155|NY|USA|brautigan.cammy@example.com|914-076-9449|20171123|Marketing
4568|Domenic H Paly|904 San Remo Pl|Bayfield|81122|CO|USA|palydomenic@example.gov|720-634-5204|20100901|Marketing
4581|Nikki U Giannantonio|584 Via Princessa|Birmingham|35246|AL|USA|nikkiugiannantonio@example.gov|0012051714108,205.557.7128,2052560855|20120318|Marketing
4587|Natalia Devalle|77 Evans Av|Midville|30441|GA|USA|devalle-natalia@example.gov|478-132-9524|20130725|Marketing
4590|Krystin E Oury|492 Farm Center Rd|Scottville|62683|IL|USA|krystineoury@example.co.uk|989.116.4844|20170412|Marketing
4594|Gail K Bersani|215 Jarana Ct|Canyon|79016|TX|USA|gail-bersani@example.co.uk|979.237.0017|20190910|Marketing
4600|Clair Sudholt|295 Violin Cyn Rd|Hicksville|43526|OH|USA|clair_sudholt@example.com|614-168-6855|20190928|Marketing
4610|Ehtel F Flitcraft|721 Avd Presidio|Peck|67120|KS|USA|ehtelfflitcraft@example.co.uk|913.693.0720|20170219|Marketing
4632|Johnie Chinery|894 Pauline Ct|Clifton Forge|24422|VA|USA|johniechinery@example.com|001-804-536-6528,804-907-1071|20120411|Marketing
4637|Lilli G Mccauliff|298 Windsor Dr|Idledale|80453|CO|USA|mccauliff-lilli@example.gov|6056673959|20120223|Marketing
4674|Shavonda T Angeletti|32 Parker Rd|Circleville|84723|UT|USA|angeletti-shavonda@example.co.uk|231-166-2739|20191128|Marketing
4676|Rudolph O Waranch|428 Via Macarena|Cupertino|95015|CA|USA|waranch_rudolph@example.co.uk|302-547-6172,805-755-7041|20190719|Marketing
4677|Setsuko L Bonavita|465 Riley St|Hernshaw|25107|WV|USA|setsukolbonavita@example.gov|8147815459|20171001|Marketing
4683|Leida U Neifer|623 Black Oak Dr|Davenport|52804|IA|USA|leidauneifer@example.co.uk|7128347877|20130109|Marketing
4686|Sha V Cresswell|709 Sand Cyn Rd|South Bend|46612|IN|USA|shavcresswell@example.com|+1-302-234-6149|20131108|Marketing
4711|Erin F Gauze|77 Silverking Trl|Hyrum|84319|UT|USA|gauze.erin@example.org|801.433.6911|20151003|Marketing
4721|Wilton B Leeds|312 Windy Wy|Lufkin|75901|TX|USA|wiltonleeds@example.com|513-975-1099|20170522|Marketing
4725|Colby G Rubinoff|1152 Alyssum Pl|Stevenson|98648|WA|USA|colbygrubinoff@example.com|6707997993|20190719|Marketing
4752|Cedrick Supon|2157 Fitch Av|Haymarket|20169|VA|USA|cedricksupon@example.com|4346090544|20101207|Marketing
4755|Taylor D Petrow|551 Palacete Dr|Wheeling|60090|IL|USA|petrow.taylor@example.gov|+17199809363,340.573.4548|20181225|Marketing
4777|Tiffani D Jesme|298 Via Avant|Bakersfield|93305|CA|USA|tiffani-jesme@example.gov|4799001795|20181228|Marketing
4782|Marilou N Nious|350 Figueroa St|Framingham|1705|MA|USA|marilou_nious@example.org|662.576.7506|20161015|Marketing
4787|Doria S Baisch|324 Espinoza Dr|Salt Lake City|84199|UT|USA|doriabaisch@example.org|0013145182073,801.014.8509|20110815|Marketing
4788|Shaunna Z Wilderson|275 Lanfranca Dr|Milam|75959|TX|USA|shaunnazwilderson@example.org|409-989-9025,361-644-9133,970-085-2576|20100606|Marketing
4799|Modesta P Ganus|1118 Saddleback Ridge Rd|Jesup|31599|GA|USA|ganusmodesta@example.co.uk|706.800.7861|20130912|Marketing
4804|Jodie T Aboagye|1 Satsuma Cr|Somerset|49281|MI|USA|jodie_aboagye@example.gov|302-880-8990|20121118|Marketing
4808|Benito Sadaka|1541 Frisca Dr|Mc Veytown|17051|PA|USA|benitosadaka@example.co.uk|6052662085|20180201|Marketing
4814|Gladys C Favre|565 Oakwell Rd|Newport News|23606|VA|USA|gladyscfavre@example.gov|804-382-5276|20180129|Marketing
4817|Betsey E Waterous|1039 Stonington Ln|Philadelphia|19147|PA|USA|betsey.waterous@example.org|302.067.9085|20190221|Marketing
4819|Larry N Grubbe|2576 Mendoza Dr|Fort Calhoun|68023|NE|USA|grubbelarry@example.org|480-550-7016,5318604326|20190722|Marketing
4821|Larry N Grubbe|2576 Mendoza Dr|Fort Calhoun|68023|NE|USA|grubbe_larry@example.com|308-322-1881|20180911|Marketing
4823|Sierra Reinschmidt|741 Hope Wy|Skwentna|99667|AK|USA|sierra.reinschmidt@example.com|001.503.162.3087|20190428|Marketing
4825|Georgene Mcneish|547 Eagle Ln|Belton|29627|SC|USA|mcneish-georgene@example.gov|8434582813|20151122|Marketing
4830|Garland Martinie|1224 Snapdragon Pl|Glen Dale|26038|WV|USA|garlandmartinie@example.gov|6816209058|20190713|Marketing
4839|Katelynn E Hafemeister|330 Cerezo Ct|Sand Creek|54765|WI|USA|katelynnehafemeister@example.co.uk|3022278090|20140415|Marketing
4842|Robbin W Fattore|738 Silverton Ct|Dunnigan|95937|CA|USA|fattore-robbin@example.gov|5101168915|20180622|Marketing
4857|Laverne D Bernon|299 Valley Vista Ct|Flat Rock|48134|MI|USA|lavernedbernon@example.com|2699359718,307-219-8135|20170821|Marketing
4865|Olinda D Bohart|101 Valley Point Ln|Punta Gorda|33951|FL|USA|olinda_bohart@example.co.uk|3400432393,239.197.2819|20190420|Marketing
4875|Nora C Moscinski|79 Estoril St|Reelsville|46171|IN|USA|noracmoscinski@example.co.uk|9300112766,930-738-7385,260-946-5590|20161015|Marketing
4885|Caprice Lovero|945 Silverstone Ln|Parker|83438|ID|USA|capricelovero@example.org|539.860.9733,208-944-8564,458.402.0813|20171210|Marketing
4891|Orval Ramamurthy|714 Glasser Av|Winchester|22604|VA|USA|orvalramamurthy@example.com|7026429185|20101017|Marketing
4895|Theodore S Clavelle|1165 Baldwin Pl|Washington|20337|DC|USA|theodore-clavelle@example.com|2024223823,207-075-1918|20160612|Marketing
4901|Arden F Mailander|575 Nolte Ct|Great Mills|20634|MD|USA|mailander-arden@example.gov|443-610-7533|20200131|Marketing
4913|Neda D Babineau|8 Shasta Dr|Chesapeake|23327|VA|USA|nedababineau@example.gov|757.749.0166|20190422|Marketing
4928|Amy Y Krochmal|1033 Oakforest Ln|Alberta|56207|MN|USA|krochmal.amy@example.com|541.975.6037|20190324|Marketing
4930|Tod Cearlock|247 Marina Point Ln|South Willington|6265|CT|USA|cearlock_tod@example.co.uk|8603024089,860.435.5391|20180619|Marketing
4941|Andrea I Thurby|558 Chestnut Wy|West Rockport|4865|ME|USA|thurby_andrea@example.org|574.546.8200,207.282.1281|20180804|Marketing
4942|Dorotha F Timo|239 Kinglet Pl|Erwin|57233|SD|USA|timo-dorotha@example.gov|479-490-6070,912.328.5012|20140821|Marketing
4952|Nery O Broderson|982 Braddon Oak Dr|Birmingham|35289|AL|USA|neryobroderson@example.gov|205.348.2352|20140207|Marketing
5019|Ronnie V Miotto|422 Los Arqueros Dr|Rembrandt|50576|IA|USA|ronnievmiotto@example.gov|641-313-0543|20200102|Marketing
5053|Karissa Natoli|1404 Pine Cove Cr|Sharon|16146|PA|USA|karissa.natoli@example.co.uk|684-514-7607,502.260.9607|20170210|Marketing
5055|Mason L Klinghoffer|1919 Amable Ct|North Adams|1247|MA|USA|mason-klinghoffer@example.co.uk|808.518.8077|20140416|Marketing
5058|Johnsie W Keshavarz|1327 Gable Ranch Ln|Summit|84772|UT|USA|keshavarz_johnsie@example.co.uk|308.731.7103,4359579562|20190201|Marketing
5059|Leida U Neifer|623 Black Oak Dr|Davenport|52804|IA|USA|neifer_leida@example.org|8651597271|20170308|Marketing
