3|Nydia Z Baynum|1467 Lomita Dr|Naalehu|96772|HI|USA|nydia.baynum@example.co.uk|808-906-0985|20150913|Sales
6|Abbey Hvizdak|2426 Calle Lumina|Billerica|1822|MA|USA|abbeyhvizdak@example.com|+14434991522,508-907-4868|20160606|Sales
24|Gema F Veno|1308 Agajanian Dr|Brooklyn|11221|NY|USA|gemafveno@example.co.uk|7020121800,934.954.0478,203-378-3572|20131015|Sales
27|Phyliss Y Gumkowski|898 Peacock Pl|Westboro|64498|MO|USA|gumkowski-phyliss@example.org|662-557-1611|20100509|Sales
64|Julee K Jaycox|946 Odl Creek Wy|Springdale|72765|AR|USA|jaycox-julee@example.co.uk|5183812079|20180608|Sales
65|Hugh L Tiong|480 Morning Mist Dr|Portland|97205|OR|USA|hughltiong@example.com|541-574-0356|20110329|Sales
73|Florencia C Hervey|645 Featherstar Av|Buena|98921|WA|USA|hervey.florencia@example.co.uk|260-898-9547|20170901|Sales
88|Halina J Levari|1297 Emerald Dove Dr|Winslow|47598|IN|USA|levarihalina@example.gov|6606520745|20101018|Sales
99|Santiago Idrizi|178 Coleridge Pl|Campus|60920|IL|USA|santiagoidrizi@example.com|+1-630-207-1470,907-571-4469,615-883-2986|20190910|Sales
105|Shanell C Remmick|396 Gimlet Dr|Nashville|37222|TN|USA|shanellcremmick@example.gov|901-735-3249|20100529|Sales
122|Domonique Q Rajesh|191 Crown Ct Cr|West Lafayette|47996|IN|USA|domoniqueqrajesh@example.com|463.239.3640,719.478.6372,+1-605-957-9470|20140311|Sales
126|Jacinta U Schomer|820 Plaza Gavilan|Vermilion|44089|OH|USA|jacintauschomer@example.gov|610-101-5466|20190425|Sales
136|Lloyd Z Saloka|1772 Mendenhall Truck Trl|Reed City|49677|MI|USA|salokalloyd@example.co.uk|949.555.1318|20180124|Sales
140|Dreama F Snoozy|589 Red Cedar Wy|Young America|55394|MN|USA|dreamafsnoozy@example.co.uk|507.438.3810|20160118|Sales
142|Mathilde S Elom|506 Greenleaf Ct|Earleton|32631|FL|USA|mathildeselom@example.com|+1.302.360.4239|20181111|Sales
144|Deidra P Chiqui|2730 Quigley Cyn Rd|Hyde Park|12538|NY|USA|chiqui_deidra@example.org|8016975349,2565682439,0015753459144|20150227|Sales
157|Monroe W Eggers|681 Twin Oaks Pl|Santee|92072|CA|USA|monroe-eggers@example.com|240-466-4523,9257024813,6237577626|20100322|Sales
159|Saundra P Demint|514 Kandi Ct|Sylmar|91342|CA|USA|saundra.demint@example.gov|574.344.2585|20180709|Sales
165|Larhonda U Brockelsby|783 Nandina Ln|Barnesville|56514|MN|USA|larhondaubrockelsby@example.com|414-529-3121,2077083804|20120124|Sales
180|Janie E Milbry|1571 Montana Wy|Las Vegas|89123|NV|USA|janieemilbry@example.gov|+1.715.781.1361,7256659102|20101104|Sales
210|Grazyna W Surapaneni|203 Las Brisas Rd|El Paso|79942|TX|USA|grazynawsurapaneni@example.gov|346.111.0626|20110129|Sales
212|Terisa T Measmer|1332 Pine Valley Dr|Boston|2121|MA|USA|terisa_measmer@example.co.uk|3399744741|20101105|Sales
213|Lisbeth Y Jurgensen|870 Monet Ln|Atlanta|31146|GA|USA|lisbeth-jurgensen72@example.gov|229-634-5954|20140916|Sales
223|Altha P Dallessandro|924 Fairlain Dr|Bernie|63822|MO|USA|dallessandro_altha@example.co.uk|816-342-2738|20140511|Sales
237|Reanna W Pasbrig|587 Buckskin Ln|Williamsport|43164|OH|USA|reannapasbrig@example.org|2063149141|20180210|Sales
241|Kali Salvator|1550 Westinghouse Pl|Columbus|31907|GA|USA|salvator-kali@example.com|229.676.5647|20190528|Sales
250|Sheena Q Blinka|1425 Jason Dr|State University|72467|AR|USA|sheena-blinka@example.org|2077664501|20170624|Sales
252|Toya Nelmark|1898 Power Line Rd|Venice|90294|CA|USA|toya.nelmark@example.com|714-612-8009|20140104|Sales
282|Bettyann Nist|711 Decoro Dr|Jamestown|46147|IN|USA|nistbettyann@example.com|6061769327|20130702|Sales
285|Evon N Deslatte|1069 Thorne Ct|Yerington|89447|NV|USA|deslatte-evon@example.com|405-961-7645|20161012|Sales
289|Marcos H Konstantinidis|785 Sycamore Dr|Parrish|35580|AL|USA|marcos.konstantinidis@example.org|256.292.2446,251.526.7346|20120729|Sales
298|Marline M Rothermel|770 Jason Dr|Memphis|37501|TN|USA|marline_rothermel@example.org|731-500-4130|20160203|Sales
305|Margy L Helderman|287 Old Adobe Ln|Bingham Lake|56118|MN|USA|margy.helderman@example.gov|763.710.5208|20160826|Sales
325|Julieta N Wardner|177 Cold Cyn Ct|Plymouth|50464|IA|USA|julietawardner@example.co.uk|3199357757,319.823.8822|20120907|Sales
327|Cari K Oineal|842 Dusty Willow Ct|Montrose|81402|CO|USA|carikoineal@example.com|7202435369|20181010|Sales
343|Lynn Basque|2122 Mirada Circulo|Fort Worth|76191|TX|USA|basquelynn@example.gov|737.172.7365,860-610-8451|20180223|Sales
344|Neomi O Woerner|1951 Dorothy St|Montrose|52639|IA|USA|neomiowoerner@example.co.uk|959-091-6312|20190103|Sales
360|Tawana D Gitschier|265 Molokai|Shreveport|71162|LA|USA|tawana-gitschier@example.co.uk|337.696.7588|20100719|Sales
386|Rosette Holobaugh|150 Regents Pk Cr|Pittsburgh|15206|PA|USA|holobaugh.rosette@example.co.uk|8786730578|20180804|Sales
401|Oma C Asam|201 Millmeadow Rd|Mitchell|30820|GA|USA|omacasam@example.gov|229-007-4020,762.544.7698|20181028|Sales
408|Bernie R Buzby|43 Estaban Dr|Sawyer|58781|ND|USA|bernie_buzby@example.org|9072984419|20150922|Sales
411|Blanch Q Trissel|668 Red Oak Ct|Trenton|8646|NJ|USA|blanchqtrissel@example.co.uk|201.706.9116|20190322|Sales
412|Kieth Z Leipold|1251 Lane Ct|Hebo|97122|OR|USA|kiethzleipold@example.gov|001-201-007-5496|20131212|Sales
415|Arturo V Hamski|1335 Paraguay Dr|Ambridge|15003|PA|USA|hamski_arturo@example.co.uk|2542634123|20170508|Sales
427|Janna G Tanedo|225 Abbey Glen Pl|Wahoo|68066|NE|USA|jannagtanedo@example.co.uk|763-594-9649,701-021-3288,650.160.9371|20101230|Sales
452|Dacia Outman|173 Lakeview Cove|Saint Petersburg|33741|FL|USA|dacia.outman@example.org|754-603-5467|20141121|Sales
459|Ruthann Thissell|784 Alfreds Wy|Juneau|99801|AK|USA|ruthann-thissell@example.org|9078296912|20150423|Sales
463|Lester G Spight|277 Hollyhock Ct|Cleveland|44194|OH|USA|spight-lester@example.org|937.776.0923,513-106-3583,907-113-7947|20140217|Sales
469|Era A Glazier|1831 Weldon Cyn Rd|Lomita|90717|CA|USA|eraaglazier@example.co.uk|7073475890|20160201|Sales
474|Kirby Z Garich|807 Alta Vista Av|Washington|20056|DC|USA|garich.kirby@example.com|+1-641-648-2443|20111227|Sales
478|Federico Ciarlante|1992 Gavea Cr|Brooklyn|11228|NY|USA|federico.ciarlante@example.com|239-338-2662,959-554-5319,646-135-2168|20101129|Sales
483|Avelina R Wilf|586 Walnut St|Tell|79259|TX|USA|avelina-wilf@example.gov|208-264-8370|20171112|Sales
525|Lavonne M Schlipf|416 Beldove Ct|Mont Clare|19453|PA|USA|lavonnemschlipf@example.com|2727420867|20190109|Sales
532|Leticia Wiedl|1784 Webster Pl|Jonesboro|72403|AR|USA|leticia.wiedl@example.org|+12076659714,684-735-6637,804.256.0967|20120519|Sales
553|Leopoldo Y Meltabarger|316 Lacomb Dr|Cape Coral|33914|FL|USA|leopoldoymeltabarger@example.co.uk|2511252403|20150712|Sales
564|Lazaro R Antell|214 Blackfoot Ct|Paterson|7544|NJ|USA|antell-lazaro@example.co.uk|8569806621|20121101|Sales
565|Khadijah C Lanner|558 Maldonado Pl|Memphis|38115|TN|USA|lanner_khadijah91@example.com|907.783.8785,443.345.1589|20140516|Sales
570|Agustina E Dekraker|350 Potrero Rd|Corinth|12822|NY|USA|dekraker-agustina@example.org|631.712.2055|20120108|Sales
596|Elyse O Duardo|636 Altamonte Av|Belmont|2178|MA|USA|wvnjrfdbe@example.gov|854.144.5296,617.538.0475|20171208|Sales
600|Tawny F Rivetti|2072 Gate Rd|Seaview|98644|WA|USA|tawny_rivetti@example.org|360.807.7714,2066264278,509-771-1891|20170724|Sales
609|Della Q Devilla|2259 Wellington Ct|Stafford|43786|OH|USA|della_devilla@example.com|670-796-8813|20140823|Sales
611|Fredric F Dries|250 Grazia Ln|Orlando|32886|FL|USA|driesfredric@example.org|5011132432|20111017|Sales
612|Millard Y Bimonte|1338 Olivas Pk Rd|Verona|38879|MS|USA|bimonte.millard@example.org|340-183-4272|20190223|Sales
641|Darius N Roddenberry|1080 Bodie Pl|Philipp|38950|MS|USA|roddenberry_darius@example.org|8602204839|20120529|Sales
653|Leida P Deorio|156 Hercules St|De Beque|81630|CO|USA|leidapdeorio@example.com|719.590.7570,684-745-7697|20150104|Sales
657|Harvey P Bearinger|1820 Hayward Dr|Monponsett|2350|MA|USA|harveypbearinger@example.gov|508-617-9879,4132666848,781.539.0845|20120727|Sales
667|Ulysses X Duboff|463 Victoria Ln|Berry|41003|KY|USA|ulyssesxduboff@example.org|364.205.6463,434.275.9829|20100106|Sales
690|Jerald L Hita|21 Suzanne Ln|Glenmoore|19343|PA|USA|jeraldlhita17@example.org|202.022.0295|20110601|Sales
700|Jeanetta G Magrini|1646 Kahoolawe|Stovall|27582|NC|USA|jeanettagmagrini@example.co.uk|808-806-1308,7041198299|20100127|Sales
722|Tempie B Ditrolio|1962 Parma Ct|Macon|31298|GA|USA|tempiebditrolio26@example.gov|404-188-6998,912.063.4056|20160713|Sales
725|Odell Vochatzer|1005 Pine Oak Pl|Palo|52324|IA|USA|vochatzer-odell@example.co.uk|712.106.2539|20161118|Sales
726|Alla Harto|81 Calle Plata|Allen|68710|NE|USA|allaharto@example.com|4784208655|20140115|Sales
741|Brendon Hirth|100 Tourney Rd|Goodrich|48438|MI|USA|brendon.hirth@example.com|520.749.3766|20110427|Sales
745|Shelly I Laubscher|24 Cordoba Pl|Saint Paul|55129|MN|USA|shellyilaubscher@example.gov|218.585.8016|20131106|Sales
787|Elisa F Cucolo|551 Harby Dr|Dillsboro|47018|IN|USA|elisafcucolo@example.gov|463-748-3583|20180820|Sales
792|Abel W Beitzel|313 Canyon Pk Blvd|Saint Bonifacius|55375|MN|USA|beitzel-abel@example.com|5075619522|20181118|Sales
795|Elsy Orbach|197 Stillwater Pl|Scranton|66537|KS|USA|elsy.orbach@example.com|508-061-8319|20120404|Sales
804|Anna Q Takushi|1713 Copperstone Dr|Indianapolis|46220|IN|USA|annatakushi@example.com|9306467615|20121107|Sales
809|Audrea I Gaudry|370 Luzon Dr|Paterson|7533|NJ|USA|audrea_gaudry@example.com|201.658.6530|20190109|Sales
825|Hershel E Burgara|791 Diver St|May City|51349|IA|USA|hershel_burgara@example.gov|734-633-8945|20100603|Sales
827|Sharda M Jasina|18 Sunrise Hills Rd|Rhodesdale|21659|MD|USA|shardamjasina@example.org|667.658.7141|20150315|Sales
837|Albina Stipe|339 Madloy St|Scarbro|25917|WV|USA|albinastipe34@example.co.uk|641-425-4267,681.059.1734|20160312|Sales
839|Novella N Dulworth|310 Shana Pl|Allentown|14707|NY|USA|dulworth.novella@example.co.uk|3474997053|20150606|Sales
858|Otilia W Modic|202 Santa Clarita Pkwy|West Union|45693|OH|USA|otilia-modic@example.co.uk|567-727-1756|20100411|Sales
861|Kristopher L Hudzik|523 Gale Dr|White Plains|23893|VA|USA|hudzik-kristopher@example.co.uk|757.886.5543|20100510|Sales
871|Terri D Londrie|1344 Madeira Ln|Hurley|24620|VA|USA|terri-londrie@example.co.uk|4346431527,804-177-4990|20160304|Sales
877|Lory P Kreisman|511 Darter Dr|Craig|64437|MO|USA|lory.kreisman@example.com|410.007.0741|20130725|Sales
893|Estell V Asamoah|1 Monterey Pines Ln|Sanford|32772|FL|USA|estellvasamoah@example.org|952.347.0179|20151231|Sales
895|Kathaleen O Desalvatore|29 Natalie Ln|Davenport|33837|FL|USA|kathaleenodesalvatore@example.co.uk|7273767994|20121216|Sales
906|Jeni P Shigeta|1578 Garnet Cyn Dr|Washington|20543|DC|USA|jenipshigeta@example.com|534-015-4841|20100724|Sales
919|Luann M Mccaffety|1020 Jackson St|Washington|20472|DC|USA|luannmmccaffety@example.org|2020487671,202.469.5178|20160922|Sales
920|Randee Gaswint|2885 Ashwood Pl|West Stockholm|13696|NY|USA|gaswint-randee@example.gov|703-879-6794|20120220|Sales
923|Erma M Melde|806 Treasure Vista Dr|Wayne|19087|PA|USA|ermammelde56@example.com|0012726525867|20170621|Sales
930|Soon Borowitz|509 Wyatt Ln|Oakton|22124|VA|USA|soonborowitz@example.com|3606423653|20120309|Sales
943|Jame T Noore|954 Brookdale Ct|Portal|30450|GA|USA|jametnoore@example.com|4786056750|20110512|Sales
945|Frederica A Gradin|1185 Erato|Snowville|84336|UT|USA|frederica-gradin@example.com|801.334.7276,580-143-6580|20150112|Sales
947|Bernardine T Kassing|1040 Citrine Ct|Newport News|23612|VA|USA|kassing.bernardine@example.org|551-506-8308,8635884182|20110429|Sales
949|Divina E Weiss|1254 Venturi Dr|Indianapolis|46207|IN|USA|divina_weiss@example.co.uk|3176709856,785.371.8981|20140115|Sales
959|Rosenda F Depper|1319 Gelding Rd|Newington|6131|CT|USA|rosenda_depper@example.org|812-314-6140|20170201|Sales
964|Genevie V Billegas|1369 Holms Ct|Welch|79377|TX|USA|genevievbillegas43@example.com|956.227.9007,860.795.4796,832-448-7466|20170220|Sales
966|Jenna L Rahill|173 May Wy|Prairie|39756|MS|USA|jennalrahill@example.org|913-433-8609|20190713|Sales
968|Cherrie U Hasselbring|1020 Middlebank Dr|Pottstown|19465|PA|USA|hasselbring.cherrie@example.com|206.167.9905|20121105|Sales
978|Maryellen Y Georgakis|561 Key Ct|New Douglas|62074|IL|USA|maryellen_georgakis@example.org|660-711-9616|20130726|Sales
982|Deidra I Levit|886 Berault Ct|Baker|70714|LA|USA|deidra_levit@example.org|001.985.852.6973,5046826427|20121117|Sales
985|Hana Z Munn|240 Wistaria Valley Rd|Donaldson|71941|AR|USA|hanamunn@example.gov|701-897-9147|20160609|Sales
988|Edmond E Appelgren|214 Brown Oaks Wy|Bruce|57220|SD|USA|edmondappelgren@example.co.uk|6053609474|20120628|Sales
1004|Cory W Davich|950 Camelot Ct|Gile|54525|WI|USA|cory_davich@example.co.uk|262-512-9283,920-524-8103|20130331|Sales
1005|Kelsey U Rheingold|940 Minaret Ct|Brush Creek|38547|TN|USA|kelseyrheingold@example.org|563-540-6009|20150220|Sales
1014|Kala R Simoes|731 Via Estrella|Fort Lee|7024|NJ|USA|kalarsimoes@example.gov|8621059026|20130117|Sales
1019|Leonard A Macoy|709 San Rafael Dr|Urania|71480|LA|USA|leonardamacoy@example.gov|337-424-8319|20140617|Sales
1023|Anthony J Gamertsfelder|736 13th Pl|Alpine|91901|CA|USA|gamertsfelder_anthony@example.gov|401.343.6824|20150324|Sales
1032|Keesha R Sherfy|904 Preston Wy|Butler|16001|PA|USA|sherfy-keesha@example.org|+1-717-726-8365|20141026|Sales
1042|Tonisha J Denu|455 Hampton Dr|Lufkin|75902|TX|USA|tonisha.denu@example.gov|463.939.2878,817-042-6462|20171027|Sales
1043|Ursula Bresee|924 Northbrooke Ln|Wister|74966|OK|USA|ursulabresee@example.co.uk|918-924-0932|20190121|Sales
1071|Lydia E Ember|103 Meadowbrook Ln|South Bend|76481|TX|USA|lydia.ember@example.com|539-596-9681,414.690.0372|20141025|Sales
1090|Misti E Rothrock|2646 Cr Of The Oaks|Norwich|6360|CT|USA|misti-rothrock@example.com|801-477-1788|20191111|Sales
1094|Susannah Hubman|1698 Carillo Dr|Griggsville|62340|IL|USA|susannahhubman97@example.org|224.144.7207,815.281.1053|20200124|Sales
1098|Howard V Joe|117 Oakhurst Dr|Templeton|1468|MA|USA|joe-howard@example.co.uk|413-270-2766|20131114|Sales
1105|Maudie I Guidici|1828 Meadbury Dr|Hosmer|57448|SD|USA|maudie.guidici@example.gov|5015310521|20200110|Sales
1108|Kam O Wesling|566 Cross St|Dunn Center|58626|ND|USA|kamowesling@example.com|701.638.8459|20110929|Sales
1118|Sade C Koser|2352 Lupita Dr|Rawlins|82301|WY|USA|sade-koser@example.co.uk|217.096.2902|20120301|Sales
1130|Ivette Mckelvin|2705 Nautical Ln|Macclenny|32063|FL|USA|mckelvin-ivette@example.com|401.810.7703|20161015|Sales
1131|Rebbecca X Blachowski|941 Penstock Dr|Saint David|61563|IL|USA|rebbecca_blachowski@example.org|435.709.6552,973-174-5851,618-543-3738|20171122|Sales
1141|Israel Leutwyler|1391 Berkshire Hills Pl|Stanley|42375|KY|USA|leutwyler.israel@example.gov|531-051-0171,364-592-4430,859.507.0831|20100509|Sales
1154|Aide E Knutsen|1274 Valley Glenn St|San Jose|95123|CA|USA|aideeknutsen@example.com|985-644-4840|20180210|Sales
1163|Sung I Larence|149 Coriander Ct|Honolulu|96810|HI|USA|sungilarence@example.co.uk|845-276-0330|20150801|Sales
1175|Randy H Wilichowski|2434 Applewood Ln|Amarillo|79123|TX|USA|randywilichowski95@example.gov|806-114-9646|20190213|Sales
1190|Toshiko Zion|1805 Cicely Ct|Kalaheo|96741|HI|USA|toshikozion85@example.gov|808.562.7380|20110720|Sales
1198|Lynna Y Snurr|1985 Knoll Ct|Alton|35015|AL|USA|lynnaysnurr@example.gov|812.510.9813|20171025|Sales
1199|Janel Borra|2000 Anvik St|Loganton|17747|PA|USA|borra_janel@example.gov|724-377-0576|20140501|Sales
1205|Stewart H Hufnagle|66 Trotters Ln|Ridge|11961|NY|USA|hufnaglestewart@example.gov|9349948158,7815763423,315-761-7289|20130227|Sales
1211|Jacquelyne J Liebenstein|622 Benz Rd|Miami|33179|FL|USA|jacquelyneliebenstein@example.gov|202.322.8906|20130809|Sales
1215|Jean M Gattison|152 Ermine St|Pinehurst|31070|GA|USA|jeanmgattison@example.com|203.625.1658|20110603|Sales
1231|Larry G Mullenhour|420 Wayside Cyn Rd|Walker|70785|LA|USA|larrymullenhour@example.gov|504-318-7493,5047283050|20130929|Sales
1235|Dionna Y Pallesen|160 Deodar Pl|Rochester|14624|NY|USA|dionna.pallesen@example.co.uk|5162932915,5182581470,7166988305|20171130|Sales
1240|Nancie O Helmueller|315 Maple Tree Ct|New Market|21774|MD|USA|helmuellernancie@example.co.uk|410.957.8234|20181108|Sales
1244|Meghan B Fida|305 Pink Pansy Ct|Soso|39480|MS|USA|fidameghan@example.co.uk|769.078.7894|20120402|Sales
1245|Cassey Touw|251 Fairweather St|Los Angeles|90040|CA|USA|casseytouw@example.gov|605.235.7501|20180510|Sales
1250|Kandis Z Gianquinto|1265 Hollywood Ct|East Andover|3231|NH|USA|kandis-gianquinto@example.com|603-897-2033|20180121|Sales
1254|Isaura T Haythorn|110 Zev Dr|Rives Junction|49277|MI|USA|haythorn.isaura@example.org|352-044-7523|20110816|Sales
1259|Shu H Sampier|261 Jennifer Pl|Alexandria|22301|VA|USA|sampier.shu@example.org|4349779092|20110114|Sales
1276|Ayako R Lagreca|74 Deed Av|Pittsburgh|15244|PA|USA|lagreca.ayako@example.com|570.974.9811|20120817|Sales
1287|Herbert E Talukder|510 White Pine Pl|Augusta|30909|GA|USA|talukderherbert@example.co.uk|229-167-4448,3853666223,229-374-8205|20101231|Sales
1288|Cameron B Puffett|1235 Silverstream Dr|Quincy|95971|CA|USA|cameron_puffett@example.gov|323-482-3256|20170512|Sales
1307|Buford O Razak|195 Marquis Ct|Graysville|45734|OH|USA|razak_buford@example.com|6844580860,406.741.8657|20121127|Sales
1319|Nathanael A Carrin|1882 Honey Maple St|Marietta|30067|GA|USA|nathanael.carrin@example.com|2296958681|20170402|Sales
1322|Delmar Desruisseaux|1127 Solamint Rd|Mc Gregor|52157|IA|USA|delmardesruisseaux@example.co.uk|3027952852|20120519|Sales
1326|Refugia C Guard|101 Hawks Ridge Dr|Greenville|54942|WI|USA|guard_refugia@example.com|920.298.9503|20180503|Sales
1327|Louanne C Westland|780 Undine Rd|Eagarville|62023|IL|USA|louannewestland@example.co.uk|+1.331.869.3757|20180223|Sales
1339|Telma N Borboa|78 Viento Ct|Munsonville|3457|NH|USA|telmaborboa@example.org|6030759154|20150517|Sales
1343|Malissa Donaby|100 Via Princessa|Midvale|44653|OH|USA|donaby_malissa@example.co.uk|605.925.6779|20150110|Sales
1363|Emmanuel Sjoerdsma|277 Molokai|Montreal|65591|MO|USA|emmanuelsjoerdsma@example.gov|603.225.3308|20160522|Sales
1383|Sang F Cepek|1456 Technology Dr|Rutland|61358|IL|USA|sangfcepek@example.com|2248031650|20111005|Sales
1391|Benedict G Magaletta|591 Oak Dr|Lake Monroe|32747|FL|USA|magaletta.benedict@example.gov|4791482882|20110422|Sales
1393|Lakeisha Vanbaalen|39 Av Penn|Carencro|70520|LA|USA|lakeishavanbaalen51@example.com|504-022-8378|20180227|Sales
1394|Steve E Lagier|702 Avd Ronada|Brownwood|76804|TX|USA|steveelagier@example.com|817.631.8443,936-868-5564,785.485.7095|20160702|Sales
1400|Malcom M Stokes|746 Morningside Dr|Reydell|72133|AR|USA|stokes-malcom@example.org|4752439307|20191130|Sales
1429|Jesse F Hoerr|79 Peary Dr|Oakwood|73658|OK|USA|hoerr.jesse@example.co.uk|539.508.2906|20190204|Sales
1431|Johna D Wolaver|38 Birch Glen Cr|Albuquerque|87112|NM|USA|wolaverjohna@example.co.uk|4351744398|20100114|Sales
1454|Paola Oerther|207 Sirani Ct|Chicago|60601|IL|USA|paolaoerther@example.co.uk|2179913913|20100829|Sales
1474|Tamela Q Reagan|101 Sue Dr|Bismarck|58506|ND|USA|reagan-tamela@example.com|701-478-3044|20160211|Sales
1481|Doris M Hollandsworth|852 Deer Ct|Albertson|28508|NC|USA|dorismhollandsworth@example.gov|8022389205,712-563-9332|20190204|Sales
1484|Genie K Rensch|319 Patricia Pl|Isabel|67065|KS|USA|genie_rensch@example.com|743.997.6196,860.085.8228|20140324|Sales
1493|Karie U Blews|495 Calle Brillante|Dalton|53926|WI|USA|blews.karie@example.org|6096702554,9202878274,725.696.9128|20170318|Sales
1494|Beau I Hammed|361 Whispering Trees Wy|Malibu|90264|CA|USA|beauihammed@example.org|646-518-4065|20130213|Sales
1495|Sam D Lauriano|447 Trotters Ln|Tulsa|74130|OK|USA|samlauriano@example.com|314.367.0007,405-068-7470|20180608|Sales
1525|Shelba W Jamerson|259 Boxwood Ln|Dallas|75396|TX|USA|shelba_jamerson@example.com|+18025715459,940.655.3272|20110606|Sales
1540|Cristin C Tiplady|1093 American Beauty Dr|Pinson|35126|AL|USA|cristin-tiplady80@example.gov|334-710-5376|20171209|Sales
1546|Joesph Panfilo|133 Bingham Ct|Roanoke|24032|VA|USA|panfilo_joesph@example.gov|7870963504|20100708|Sales
1551|Lavonna F Ruffatto|325 Serrano Pl|Midland|79712|TX|USA|lavonna_ruffatto@example.co.uk|939-976-9820|20120724|Sales
1554|Tosha Alletto|763 Spencer Dr|Marion|58466|ND|USA|alletto-tosha@example.com|608-917-3997|20150704|Sales
1556|Cristy W Kehlenbeck|389 Via Hispano|Petersburg|23804|VA|USA|cristy-kehlenbeck@example.co.uk|434.948.9523|20101023|Sales
1564|Zelda E Blomeke|352 Weathersfield Dr|Boaz|35956|AL|USA|zeldaeblomeke@example.com|208.370.9355|20170821|Sales
1566|Merrill Walburg|945 Chadway St|Bardolph|61416|IL|USA|onidfsvs@example.org|309.254.1638|20160115|Sales
1567|Burton N Catasus|1922 London Pl|Lee|4455|ME|USA|burton.catasus@example.co.uk|434-914-6169,+1-970-326-3539,2073742765|20150515|Sales
1590|Hyacinth X Preer|6 Thornton Ln|Linden|47955|IN|USA|preer_hyacinth@example.com|8106203621,352.363.6945|20130403|Sales
1600|Hunter Q Merrihew|973 Saddleback Ridge Rd|Birmingham|35277|AL|USA|hunterqmerrihew@example.gov|256.410.2840|20100507|Sales
1612|Bibi X Matthey|156 Susan Beth Wy|Oak Ridge|63769|MO|USA|bibi-matthey@example.com|314.624.5457|20110529|Sales
1616|Lauretta M Vukich|939 Reyburn Pl|Trosper|40995|KY|USA|laurettamvukich@example.org|606-421-3571|20121126|Sales
1620|Kenyetta A Oharra|515 Lucille Ct|Monette|72447|AR|USA|oharra-kenyetta@example.gov|2082856376|20140628|Sales
1633|Lorna Z Harkleroad|173 Shadwell Ct|Enoree|29335|SC|USA|harkleroad.lorna@example.gov|320.936.7322|20111108|Sales
1639|Moshe D Shuffler|31 Zermatt Ln|Benton|72018|AR|USA|shuffler_moshe@example.gov|8701398707|20100128|Sales
1642|Alicia W Aumock|49 Shirley Pl|Rochester|3866|NH|USA|aumock_alicia@example.gov|303-673-7945|20160921|Sales
1650|Meridith E Barricklow|836 Via Calinda|Port Jefferson Station|11776|NY|USA|barricklow.meridith@example.gov|6800422644|20191023|Sales
1652|Kamala K Durkan|113 Barfield Dr|Hogansburg|13655|NY|USA|kamala_durkan@example.org|518-485-5357|20121001|Sales
1661|Shante H Giehl|1632 Ramillo Wy|Lancaster|17603|PA|USA|giehl-shante@example.gov|7014456537,743.198.2416|20170427|Sales
1663|Wilhemina I Glavas|57 Arden Av|Slidell|70459|LA|USA|wilheminaiglavas@example.gov|253-639-8573|20151218|Sales
1668|Germaine Olaughlin|1498 Chris Pl|Anchorage|99512|AK|USA|germaineolaughlin@example.org|631-113-5688|20190412|Sales
1669|Vi D Pery|69 Melville Ct|La Habra|90632|CA|USA|vidpery@example.com|747-994-7631|20170115|Sales
1670|Mariela Schmiedt|441 Ermine St|Terry|59349|MT|USA|schmiedt.mariela@example.com|406-971-9416|20120915|Sales
1674|Eugene S Bruder|482 Granite Ct|Cleveland|13042|NY|USA|eugenesbruder@example.co.uk|760.321.0887|20151215|Sales
1676|Venetta H Radtka|602 Bronco Dr|Roanoke|24035|VA|USA|venetta_radtka@example.com|207-379-8104|20191205|Sales
1685|Rosamaria L Gohr|919 Saguaro St|Raleigh|27602|NC|USA|gohrrosamaria@example.gov|7795148769|20170913|Sales
1692|Kristi K Westermeier|688 San Rafael Dr|Davisburg|48350|MI|USA|westermeierkristi@example.com|734-542-7891|20160731|Sales
1710|Nida K Agarwala|813 Zermatt Ln|Stillwater|74076|OK|USA|agarwalanida@example.gov|539-800-0531,5805011156|20111130|Sales
1712|Devorah V Ramire|781 Brittany Ln|Des Arc|72040|AR|USA|ramire.devorah@example.com|743.157.8153|20130903|Sales
1716|Jackqueline Chanson|716 Lakehurst Av|New Freeport|15352|PA|USA|chanson-jackqueline@example.co.uk|2725757504|20100915|Sales
1731|Afton Q Hacken|236 Oak Plain Dr|Cicero|46034|IN|USA|hacken_afton@example.gov|765.902.8400|20121108|Sales
1745|Anitra R Segay|677 Galway Pl|Leavenworth|47137|IN|USA|segayanitra@example.gov|4636378006|20160625|Sales
1765|Tanisha Doodnauth|1480 Star Crest Ln|Memphis|38103|TN|USA|tanishadoodnauth@example.gov|671-742-9574|20111118|Sales
1773|Rosette Bockover|902 Eaglecrest Av|Spring Valley|55975|MN|USA|bockover-rosette@example.gov|5072480291|20150706|Sales
1800|Gabriele T Soell|519 Shinedale Dr|Rifton|12471|NY|USA|gabriele.soell@example.com|302-854-1095|20121201|Sales
1807|Maudie K Florea|219 Fenway Ct|Oakfield|38362|TN|USA|maudie.florea@example.gov|731-206-0633|20110708|Sales
1814|Catheryn Pote|1477 Via Barra|Bismarck|58504|ND|USA|catherynpote@example.org|3398101846|20140818|Sales
1818|Mariano N Scalzitti|1638 Marisa Dr|Goshen|36035|AL|USA|marianonscalzitti@example.gov|785.021.3599|20150611|Sales
1819|Jani Ower|1103 Golf View Dr|Woodbine|8270|NJ|USA|janiower53@example.gov|908-041-4218,9086110960,732-538-5326|20110612|Sales
1833|Marlena Panosh|2133 Palo Solo Motor Wy|Phelps|54554|WI|USA|marlena_panosh@example.gov|785-674-4093|20170213|Sales
1835|Constance B Riebold|391 Anna Ct|Bemidji|56601|MN|USA|constancebriebold@example.com|651-797-1118|20190214|Sales
1838|Annabell Roetker|510 Timberlane Ct|Amarillo|79165|TX|USA|roetker_annabell@example.gov|260.248.2575|20170618|Sales
1847|Ed X Spickler|160 Silver Crest Ct|Oxford|4270|ME|USA|spickler-ed@example.co.uk|2072379584|20120801|Sales
1850|Pamala A Dyck|386 Rodin Ln|North Franklin|6254|CT|USA|dyck-pamala@example.org|959.858.4080|20120318|Sales
1862|Millicent N Coghill|871 Via Mariposa|Swanton|5488|VT|USA|millicentncoghill@example.gov|802.149.4187|20100722|Sales
1872|Cathleen Q Dupray|395 Av Rockefeller|Lewiston|4241|ME|USA|dupray.cathleen@example.co.uk|7578029923|20101114|Sales
1890|Delbert C Tuchel|724 Hot Springs Av|Phenix City|36870|AL|USA|delbertctuchel32@example.org|3349768255|20161008|Sales
1897|Dona G Vawters|1170 Shadow Valley Ln|Arizona City|85223|AZ|USA|vawters-dona@example.com|6207874067|20190702|Sales
1916|Vivienne J Lovstad|1674 Rancho Ct|Wana|26590|WV|USA|vivienne_lovstad@example.co.uk|6816612121,304-221-4878|20180619|Sales
1921|Maude E Fiermonte|130 Violin Cyn Rd|Fritch|79036|TX|USA|fiermonte.maude@example.org|737.335.9570|20180123|Sales
1923|Byron A Vanatta|1349 Rye Cyn Rd|Austinburg|44010|OH|USA|vanatta-byron@example.co.uk|7320072274|20100707|Sales
1925|Nikia L Sarkissian|652 Schubert Cr|Camargo|61919|IL|USA|nikialsarkissian@example.com|971-486-9773|20120507|Sales
1946|Tonya L Koziar|385 Mums Dr|Neola|24961|WV|USA|tonyakoziar@example.org|681-945-8656|20141211|Sales
1951|Anitra X Koncelik|438 Oak Cyn Rd|Canyon|79016|TX|USA|koncelik.anitra@example.com|202-611-3448|20100104|Sales
1957|Venice D Stoumbaugh|738 Latana Ct|Rochester|14692|NY|USA|stoumbaugh.venice@example.gov|2084174259,3025974082|20121218|Sales
1962|Britney W Wisda|613 Hummingbird Cr|Harris|64645|MO|USA|britney.wisda@example.com|+1.417.622.1234|20170509|Sales
1973|Larisa Praeuner|167 8th St|Hobart|46342|IN|USA|praeuner-larisa@example.co.uk|7024261125|20151101|Sales
1976|Betsy Fulda|578 Roy Dr|Conneautville|16406|PA|USA|betsyfulda@example.co.uk|878.292.1308|20151009|Sales
1985|Santana G Schultze|1317 Tothill Dr|Corpus Christi|78466|TX|USA|schultze.santana@example.co.uk|956-365-1078|20180529|Sales
1987|Numbers I Turilli|838 Van Gogh Ln|Moulton|52572|IA|USA|turilli_numbers@example.co.uk|913-289-0532|20110528|Sales
1990|Vonda M Dunnell|684 Koji Ct|Colquitt|31737|GA|USA|vondamdunnell@example.org|6029670966,706-726-5591,4045548503|20130421|Sales
1993|Arlette Y Karren|1203 Cuatro Milpas St|Arbela|63432|MO|USA|karrenarlette@example.com|+1.760.968.1412|20150416|Sales
1998|Jessica P Sneeden|1091 Selene Ct|Dallas|75389|TX|USA|jessica-sneeden@example.co.uk|575-806-1144|20181029|Sales
1999|Rosana Donohoe|149 Johnson Rd|High Point|27263|NC|USA|rosana_donohoe@example.com|480-518-9641|20170725|Sales
2027|Yang Volenec|87 Whispering Oaks Rd|Inglewood|90309|CA|USA|yangvolenec@example.com|8318678781,424-077-3106,424-027-1076|20111110|Sales
2042|Prince Z Imsdahl|919 Bentley Wy|Sweet Home|72164|AR|USA|prince-imsdahl@example.co.uk|3857967698,667.748.0098|20120516|Sales
2054|Johanna J Syrstad|19 Regents Pk Cr|Plumville|16246|PA|USA|johannasyrstad@example.co.uk|720.445.9486,272-820-5973|20120320|Sales
2060|Dreama O Honrado|661 Flower Fields Av|Hydro|73048|OK|USA|dreama.honrado@example.com|918.842.1243|20120805|Sales
2080|Kathryne Q Sailing|708 Cordovan Ln|Greenwood|76246|TX|USA|kathryneqsailing@example.co.uk|9546219644,4093057786|20120706|Sales
2090|Von S Loudd|892 Cottonwood Ct|Shreveport|71134|LA|USA|loudd_von@example.gov|858-444-4911|20181105|Sales
2101|Neda D Babineau|8 Shasta Dr|Chesapeake|23327|VA|USA|babineauneda@example.com|540.176.9251|20170806|Sales
2103|Malcolm N Schnall|578 Santa Susana Dr|Palm Harbor|34683|FL|USA|malcolmnschnall@example.org|3215901903|20110828|Sales
2110|Florine T Majetic|1635 Starwood Wy|Bronson|32621|FL|USA|majetic_florine@example.co.uk|904-141-8413,786-693-4906|20160401|Sales
2111|Catrice P Getzloff|1003 Scott Ln|Warren|48090|MI|USA|catricepgetzloff@example.gov|207-151-3074|20151129|Sales
2117|Lavinia Q Apelt|167 Dolan Wy|Sparks|89432|NV|USA|lavinia-apelt@example.com|401-325-2543|20120127|Sales
2118|Maria K Longacre|814 Canyon Pk Blvd|Crossville|38558|TN|USA|maria-longacre@example.com|425.951.7498|20130224|Sales
2128|Rayna E Canizaro|809 Simsalido Av|Earlville|60518|IL|USA|canizaro.rayna@example.co.uk|872.484.1965|20101206|Sales
2129|Cheri Simonetti|347 Truman Ct|Fort Worth|76196|TX|USA|cherisimonetti@example.org|6058062897,325-445-4182,8126436319|20140613|Sales
2137|Lashawna Timlin|840 Pansy Ct|Waterloo|62298|IL|USA|timlinlashawna@example.co.uk|605-380-1312|20151015|Sales
2150|Thresa Z Jarma|380 Hidden Trl Rd|Washington|20538|DC|USA|thresazjarma@example.gov|2029941959|20161103|Sales
2160|Fanny K Ruehl|830 Saratoga Wy|Redding Center|6875|CT|USA|fanny_ruehl@example.co.uk|203.810.7142|20100928|Sales
2178|Brittany G Atterberry|2216 Norwood Pl|Gasport|14067|NY|USA|atterberrybrittany@example.gov|6808509262,680.540.7925|20140101|Sales
2184|Olen O Breski|780 Honnold Dr|Lincolnville|66858|KS|USA|breski.olen@example.com|9138712535|20110316|Sales
2196|Echo Roohi|1705 Alta Knoll Dr|Quincy|32351|FL|USA|echo.roohi@example.gov|3212301111|20120317|Sales
2205|Ben F Coup|341 Bel Monte Ct|Southern Pines|28387|NC|USA|benfcoup@example.gov|9387302530|20191012|Sales
2212|Jesus D Histed|122 High Noon Wy|Mobile|36691|AL|USA|jesusdhisted@example.com|938.538.0176,2519578770,205.588.2330|20110401|Sales
2245|Fermin L Fornarotto|628 Via Oriol|Westminster|80036|CO|USA|fornarottofermin@example.com|580-415-5965|20171222|Sales
2246|Burton B Tullius|1382 Duchess Pl|Capron|61012|IL|USA|burton-tullius@example.gov|4047164944|20180819|Sales
2251|Winfred W Civello|231 English Rose Pl|Washington|95986|CA|USA|winfred-civello@example.com|385.415.0867|20180830|Sales
2277|Kathern R Brust|179 Spandau Dr|El Paso|79978|TX|USA|brust-kathern@example.com|801-233-2869|20191218|Sales
2288|Yahaira C Majek|359 Saguaro St|Palestine|26160|WV|USA|majek_yahaira@example.org|727-214-9692,3071812751|20170713|Sales
2302|Jeff S Graham|97 Alfreds Wy|Aguila|85320|AZ|USA|jeffsgraham@example.org|970.937.0505,425.151.6824|20170202|Sales
2308|Young V Hikida|465 Meadow Ln|Winona|65588|MO|USA|hikidayoung@example.com|4067217779|20190329|Sales
2322|Chere D Toeppe|164 Wintergreen Ct|East Randolph|5041|VT|USA|cheredtoeppe@example.gov|802.636.3929|20130722|Sales
2326|Fiona E Speice|579 Hercules St|Proctor|74457|OK|USA|fiona.speice@example.gov|458.381.5882|20140312|Sales
2331|Faustino J Swengel|665 English Oak Ct|East Jordan|49727|MI|USA|swengel-faustino@example.org|734.618.6771|20191001|Sales
2339|Delia P Banegas|104 Spruce St|Scott Air Force Base|62225|IL|USA|deliabanegas@example.co.uk|4094257666|20180827|Sales
2343|Billie Gabriella|614 Beachgrove Ct|Fairfield|4937|ME|USA|gabriellabillie@example.org|2073134539|20170226|Sales
2346|Darrell Q Pothen|366 Graham Ln|Jacksonville|32217|FL|USA|darrellqpothen@example.co.uk|907-886-9012|20110825|Sales
2355|Erna I Butterwick|68 Walnut Springs Av|Surprise|85378|AZ|USA|erna.butterwick@example.gov|+1-480-891-2653,401-314-9583,4809368505|20130522|Sales
2380|Karri Keiser|1285 Berault Ct|Nokomis|62075|IL|USA|karri-keiser@example.gov|815.745.9343,0013024500467|20160520|Sales
2393|Carter M Thirkill|1094 Anzel Cr|Costigan|4423|ME|USA|cartermthirkill@example.org|406-427-8099,207.488.3787,405.266.5371|20130221|Sales
2396|Virgie S Cumber|1013 Narcissus Crest Av|Edinburg|78539|TX|USA|cumber-virgie81@example.gov|6829794265|20180706|Sales
2404|Evan K Mcgriff|880 Santa Clarita Rd|Dayton|45417|OH|USA|evan.mcgriff@example.gov|260.512.6962|20190731|Sales
2407|Vonnie E Goodwillie|1496 View Pl|South Ryegate|5069|VT|USA|vonnie.goodwillie@example.com|3345394970|20141102|Sales
2427|Nelly X Barila|716 Cobblestone Ct|Shenorock|10587|NY|USA|barilanelly@example.co.uk|3402895165|20160302|Sales
2428|Harriette Craige|826 Zeus Ln|South Sterling|18460|PA|USA|harriette.craige@example.org|814.469.3889|20100622|Sales
2432|Conchita Y Sireci|99 Live Oak Rd|Black Creek|27813|NC|USA|conchitasireci@example.org|907.778.7160|20110211|Sales
2441|Cole N Korzekwa|3190 Romero Sloan Cutoff|Crestview|32539|FL|USA|korzekwa-cole@example.org|737.208.0201|20190801|Sales
2444|Sherman S Dakes|48 Smoke Tree Ln|Bealeton|22712|VA|USA|hxequqnf@example.gov|5400086654|20180621|Sales
2445|Terresa Rupley|1488 Citylight Ct|Holt|95234|CA|USA|terresa_rupley@example.org|858-926-1939,415.640.3433,743.428.5695|20160128|Sales
2449|Modesto V Canova|492 Deana Ln|Chinquapin|28521|NC|USA|canovamodesto@example.org|3174360554|20150709|Sales
2452|Jamaal Q Keem|247 Refinery Rd|Cedar Springs|49319|MI|USA|jamaal.keem@example.co.uk|989.618.1140|20140824|Sales
2488|Anisa D Swithers|462 Kimmore Ter|Fayetteville|28302|NC|USA|anisadswithers@example.gov|252.085.6769|20100607|Sales
2490|Sal B Bamsey|1862 Real Ct|New Haven|6513|CT|USA|salbbamsey@example.gov|203.412.1259,340-359-8333|20191008|Sales
2494|Kim F Dahlheim|53 Magnolia Dr|Modesto|62667|IL|USA|kimfdahlheim@example.gov|8471567960|20181122|Sales
2511|Tandra G Brasure|978 Arcadia St|Labarre|70751|LA|USA|brasure-tandra@example.co.uk|337-870-7968,971.158.3587|20121026|Sales
2515|Carri U Casebeer|247 Reservoir Rd|Twin Valley|56584|MN|USA|carri-casebeer@example.com|308.734.8367|20180614|Sales
2517|Larry A Machell|179 Stallion Pl|Stratton|43961|OH|USA|larryamachell@example.co.uk|364-555-5458|20170802|Sales
2526|Dorene Kagan|246 Espuma Dr|Kingston|48741|MI|USA|dorenekagan@example.co.uk|443-142-2563|20100410|Sales
2531|Val Z Lowell|939 Beech Creek Cr|Seattle|98151|WA|USA|valzlowell@example.org|425.823.1390|20180221|Sales
2541|Edgardo S Marino|1157 Tolima Dr|Coventry|5825|VT|USA|edgardosmarino@example.gov|+1-802-682-5525|20140711|Sales
2544|Janene M Buynak|1064 Cedar Ridge Ct|Remer|56672|MN|USA|janene.buynak@example.gov|952-508-2689,320.981.1780|20180919|Sales
2547|Nakesha F Mccamish|724 Las Lanas Ct|Force|15841|PA|USA|mccamish.nakesha@example.org|267-390-1430|20110126|Sales
2549|Mariette F Albear|1518 6th St|Wagner|57380|SD|USA|mariettealbear@example.com|605.420.0192,605-425-6306,605.471.2934|20180330|Sales
2553|Meri Alesio|318 Ceylon Pl|La Grange|28551|NC|USA|alesio-meri@example.com|910.192.6767|20170203|Sales
2585|Deloise R Langmack|2410 Cordo Dr|Pipestem|25979|WV|USA|deloiserlangmack@example.gov|304-409-2470|20170221|Sales
2587|Mirian T Zagone|220 Maplebay Ct|Baltimore|21214|MD|USA|mirianzagone45@example.com|808.790.8718|20190102|Sales
2588|Miguelina L Hoersch|526 Via Valer|La Feria|78559|TX|USA|miguelina-hoersch@example.co.uk|430-822-0481|20120705|Sales
2601|Aretha Hinners|1300 Ennismore Av|Hugheston|25110|WV|USA|srjrk@example.gov|304-480-1920|20140911|Sales
2611|Kesha D Vanderplaats|2 15th St|Malvern|36349|AL|USA|kesha_vanderplaats@example.org|2050275691,938-043-3937|20181005|Sales
2619|Pamella E Talian|813 Shadow Oak Ln|Tallulah Falls|30573|GA|USA|pamella_talian15@example.gov|470.512.1569|20160609|Sales
2629|Lesli G Faux|1778 Cross Creek Dr|Dunnellon|34430|FL|USA|lesligfaux@example.org|406-388-4190|20120728|Sales
2636|Dolly D Bridgette|8 Eternal Valley Fire Rd|Elkton|48731|MI|USA|dolly-bridgette@example.gov|313.729.4931,001.319.500.3124|20100602|Sales
2641|Len Y Chizek|133 Appaloosa Rd|Collins|44826|OH|USA|lenychizek@example.org|3309482863|20180125|Sales
2642|Delpha H Nuthals|216 Av Rockefeller|Rosebud|76570|TX|USA|delphanuthals77@example.com|701.046.2741|20141210|Sales
2645|Katelin H Schlehuber|1311 Park Vista Dr|Minot|58701|ND|USA|katelinschlehuber@example.co.uk|3078782221|20100409|Sales
2649|Sean D Mikosz|236 Cape Jasmine Rd|West Willow|17583|PA|USA|seandmikosz@example.gov|9342651042,267-314-7677|20120623|Sales
2651|Eliana M Loven|1384 Golden Triangle Rd|Sizerock|41762|KY|USA|loven_eliana@example.org|2707828810,859-109-7543|20140819|Sales
2669|Corine W Werblow|245 Maitland Ln|Tuscarora|17982|PA|USA|werblow_corine@example.org|7544261706,603-147-4020|20161002|Sales
2670|Elicia A Kleiser|648 Crestview Dr|Sumrall|39482|MS|USA|eliciaakleiser@example.gov|601-212-7118,6014747211,2284529166|20161014|Sales
2676|Latia O Zyck|633 Wolcott Wy|Tad|25201|WV|USA|zyck.latia@example.com|3041076352,304-434-1827|20130223|Sales
2682|Winford Jaffer|509 O Hare Ct|Washington|20306|DC|USA|winfordjaffer@example.gov|202-771-3864|20130311|Sales
2694|Kurtis D Inklebarger|429 Rio Bosque Dr|San Manuel|85631|AZ|USA|inklebarger_kurtis@example.co.uk|2201187290,9283093969,6233895776|20180901|Sales
2697|Dannie Grecco|602 Hidden Valley Ct|Lakewood|90714|CA|USA|danniegrecco@example.com|202-725-1696|20160118|Sales
2704|Brandy K Kohnhorst|1297 Dulce Ln|Louisville|80027|CO|USA|kohnhorst_brandy@example.gov|501.823.0389,8026687742|20101129|Sales
2724|Noella P Oelfke|2072 Scarlet Meadow Dr|Paeonian Springs|20129|VA|USA|oelfke.noella@example.com|364-036-9195|20110126|Sales
2727|Romeo Z Grimberg|1176 Stonehill Wy|Roland|74954|OK|USA|grimberg.romeo@example.co.uk|470-519-1233|20111009|Sales
2732|Dusty D Docarmo|763 Oak Bluff Rd|Commerce Township|48382|MI|USA|dusty.docarmo@example.com|2525503190|20180207|Sales
2749|Epifania Lazan|1242 Via Hamaca|Sugar Land|77479|TX|USA|epifania-lazan@example.com|4011588247|20170802|Sales
2750|Oralee W Pasierb|116 Chisholm Pl|Vacherie|70090|LA|USA|pasierb_oralee@example.co.uk|225-507-1371|20130802|Sales
2755|Arlinda Minnix|2381 Tracy Ct|Centreville|20121|VA|USA|arlindaminnix@example.org|703.777.1710|20151214|Sales
2756|Mayola M Rupright|363 Linda Vista St|Wyoming|61491|IL|USA|mayolamrupright@example.org|859-895-1000,5156457893,7872621151|20111210|Sales
2758|Garnet I Copping|2242 Dolce Ct|Montrose|18801|PA|USA|garnet.copping19@example.org|385.253.5929,575.167.9970|20140626|Sales
2784|Tana Q Straiton|1671 Iron Cyn Rd|Saint Petersburg|33707|FL|USA|tanastraiton91@example.gov|786.965.6048|20160916|Sales
2790|Cornell O Schleimer|1689 Tupelo Ridge Dr|Stonewall|74871|OK|USA|cornelloschleimer@example.org|405-219-3921|20190325|Sales
2804|Madelyn Porada|445 Gale Dr|Albany|12238|NY|USA|madelyn-porada@example.gov|302.298.3331,248.752.5288|20111102|Sales
2806|Gustavo P Gerbig|729 Redhawk Pl|Owen|54460|WI|USA|gustavo_gerbig@example.org|+1.715.065.0369,9207672592|20150116|Sales
2809|Danyell E Buescher|1614 Av Crocker|Astoria|11105|NY|USA|danyellebuescher77@example.com|347-940-7482|20120509|Sales
2810|Karisa Ludeke|730 Waterway Ln|Santa|83866|ID|USA|karisaludeke@example.gov|414-891-1979|20100109|Sales
2820|Tammie E Jerkovich|1003 Victoria Rd|High Springs|32655|FL|USA|jerkovich.tammie@example.org|769.154.8504|20171005|Sales
2835|Brianna T Schoon|2157 Lynette Ln|Albertville|35951|AL|USA|briannatschoon@example.gov|484-728-8604,256-303-5182,938-649-9557|20150627|Sales
2857|Rashad I Cornist|1180 Kirsch Ct|Claremore|74017|OK|USA|rashad-cornist@example.org|5392504355|20190419|Sales
2859|Kimi Y Tarrio|460 Tyler Ln|Birmingham|35295|AL|USA|kimi-tarrio@example.gov|334-555-4365|20101003|Sales
2862|Denny O Salinas|780 Meadow Dr|San Diego|92162|CA|USA|salinas_denny@example.gov|6152367910,4067196596|20180403|Sales
2871|Gisela Pomerinke|935 Copper Ridge Wy|Peoa|84061|UT|USA|gisela_pomerinke@example.org|719.949.9537|20180808|Sales
2881|Diana P Zieba|1416 Hawks Ridge Dr|San Diego|92131|CA|USA|dianapzieba@example.gov|660-891-3467|20160819|Sales
2894|Vonda B Frankiewicz|889 Lakehurst Av|Prairie Home|65068|MO|USA|vondabfrankiewicz@example.co.uk|417-797-7645,4178237355|20140605|Sales
2901|Sal X Bretherick|918 Werren Pl|Catalina|85738|AZ|USA|sal.bretherick@example.com|480.561.7615|20120325|Sales
2908|Kristofer O Navajo|2528 Pheasant Ct|Dawson|76639|TX|USA|kristoferonavajo@example.gov|7740740772|20140629|Sales
2916|Lorrie G Olah|353 Oakview Estates Dr|Odessa|68861|NE|USA|olah.lorrie@example.co.uk|308-943-7370,4028377286|20151130|Sales
2924|Basilia F Tullis|1690 Breckenridge Pl|Prescott Valley|86314|AZ|USA|tullis-basilia@example.com|928-475-3246,928-869-9533,785.481.4213|20160505|Sales
2928|Sanda P Dewhitt|2476 Black Pine Wy|Detroit|48211|MI|USA|sandapdewhitt@example.co.uk|952-574-5681|20111110|Sales
2930|Dionna C Smeltzer|345 Bension Dr|Rushsylvania|43347|OH|USA|dionnacsmeltzer@example.gov|3304323092|20141222|Sales
2933|James Z Salon|499 Chaucer Pl|Hampshire|60140|IL|USA|xgczqneb@example.gov|331-491-4622|20140909|Sales
2945|Alvaro P Rogier|1183 Countryside Ln|Lake Charles|70601|LA|USA|alvaroprogier@example.gov|7069173350|20110701|Sales
2961|Joan K Krafton|1819 Av Stanford|Fall River|2722|MA|USA|krafton-joan@example.org|774-375-8451,3515284020|20190809|Sales
2962|Fumiko I Colchin|317 4th St|Sacramento|95899|CA|USA|fumikoicolchin@example.com|408.644.0294,310.703.0496|20170626|Sales
2967|Alline Repeta|1413 Red Bud Pl|Scotia|68875|NE|USA|allinerepeta@example.org|308-753-0824|20150129|Sales
2971|Loida N Smelcer|866 Magnolia Dr|Homerville|44235|OH|USA|loida_smelcer@example.co.uk|6053449954|20150804|Sales
2974|Toby G Kleiser|423 Onlee Av|Angels Camp|95222|CA|USA|toby.kleiser@example.org|626-998-2385,401-731-1613|20111201|Sales
2975|Donte U Kaltwasser|2203 Forsythe Wy|Dallas|75277|TX|USA|donte.kaltwasser@example.com|940.843.3838,6627332355|20100930|Sales
2977|Reid B Leininger|647 Woodfield Pl|Meridian|39304|MS|USA|reidbleininger@example.org|906.892.2419|20150301|Sales
2992|Tracy Forneris|1189 Via Bordeaux|Portsmouth|23703|VA|USA|tracyforneris@example.org|7576266117,7854184006|20141204|Sales
2994|Penni C Tanigawa|941 Morning Mist Dr|Mauston|53948|WI|USA|penni-tanigawa@example.gov|304-763-3810,9208587465|20191004|Sales
3000|Emeline B Teramoto|541 Stewart Rd|Rocky Hill|8553|NJ|USA|teramotoemeline@example.co.uk|5512996913|20191214|Sales
3001|Jeanna W Sowa|562 Centre Pointe Pkwy|Newcomb|21653|MD|USA|jeanna.sowa@example.org|240.481.1664|20160131|Sales
3005|Marge W Weiford|143 Harrison Pkwy|Marengo|60152|IL|USA|margewweiford@example.com|847.541.8147|20120617|Sales
3006|Willena Sukeforth|1536 Birch Pl|Dailey|26259|WV|USA|willenasukeforth29@example.org|731.371.1180|20110830|Sales
3028|Magan X Surak|402 Brei Ct|Brownell|67521|KS|USA|surak.magan@example.org|334-636-7518|20101130|Sales
3035|Gerri L Bohy|1660 Paseo Bonito|Phoenix|85043|AZ|USA|gerribohy@example.gov|6239303322,6234606320|20180717|Sales
3044|Carlyn S Poitevien|797 Feedmill Rd|King City|93930|CA|USA|poiteviencarlyn@example.co.uk|208-064-0881|20190617|Sales
3061|Reatha Leniger|363 Beechwillow St|Wiscasset|4578|ME|USA|reathaleniger@example.co.uk|+1-907-120-7470|20110430|Sales
3074|Stanford Q Fooshee|508 Rue Entree|Carlsbad|92008|CA|USA|stanford.fooshee@example.org|959-704-2244|20150626|Sales
3076|Francie O Mileski|80 Wilson Cyn Truck Trl|Collins|39428|MS|USA|mileski-francie@example.com|228-049-6769|20171205|Sales
3087|Gonzalo A Baringer|1007 Calle Verano|Reading|19611|PA|USA|baringer_gonzalo@example.org|215-461-1959|20190307|Sales
3090|Elmer P Barella|863 Lema Dr|Sacramento|95822|CA|USA|elmer_barella@example.co.uk|0018317527731|20131017|Sales
3106|Trista B Chevannes|74 Redwood Glen Rd|Stockholm|57264|SD|USA|tristabchevannes@example.org|605-015-1309|20111204|Sales
3109|Sharleen H Kaw|29 Cherry Laurel Pl|Manderson|82432|WY|USA|sharleen-kaw@example.co.uk|+1.307.017.0734|20150422|Sales
3114|Tonja E Donoghue|531 Laurel Creek Cr|Buford|30515|GA|USA|donoghuetonja@example.com|706-338-7201|20141208|Sales
3121|Emerita Sinchak|432 Dove Ct|Shaftsbury|5262|VT|USA|bsjpjiyyjn@example.gov|2074751431|20150704|Sales
3149|Bernardine X Fremling|474 Mandel Ct|West Harrison|47060|IN|USA|fremling_bernardine@example.gov|3177128605|20181112|Sales
3153|Letisha Beshel|531 Clark Ct|Middleboro|2349|MA|USA|letishabeshel@example.gov|774-532-3677,202-811-3859,9784364463|20191201|Sales
3158|Eldora Shutty|204 Ashfield Ct|Wallingford|5773|VT|USA|eldorashutty@example.gov|802-497-8934,2675336039|20140824|Sales
3162|Cleta H Manrriquez|368 Delight St|Walburg|78673|TX|USA|cletamanrriquez@example.org|940.731.1079|20101002|Sales
3165|Odis L Barletta|979 Nichols Ln|New Port Richey|34652|FL|USA|odis_barletta@example.com|813.550.5522|20141208|Sales
3173|Angelia R Tyndell|125 Whitney Cyn Rd|Quincy|49082|MI|USA|angeliartyndell@example.co.uk|715-153-3611|20111002|Sales
3183|Loyce L Imran|423 Rocket Rd|North Lawrence|44666|OH|USA|imranloyce59@example.gov|614.565.9067,419-249-0797|20110731|Sales
3190|Myesha W Sheftall|374 Via Clasico|Crossville|38555|TN|USA|myesha-sheftall@example.org|4238052228|20151031|Sales
3195|Maragret S Mattox|554 Jerry Pl|Raymond|62560|IL|USA|maragret-mattox@example.gov|662.606.4162|20140417|Sales
3205|Mireille B Grundahl|1592 Mariposa Ln|Willard|84340|UT|USA|mireillebgrundahl@example.org|3077092922|20120305|Sales
3225|Caleb Pequignot|561 Fambrough St|Alpine|83128|WY|USA|calebpequignot@example.com|3072972598,307.716.9777,3077797648|20160404|Sales
3231|Sherika A Marx|688 Bentley Wy|Byhalia|38611|MS|USA|sherikaamarx@example.org|2071835721|20131207|Sales
3237|Nohemi Stuppy|602 Old Coach Ct|Yoder|67585|KS|USA|nohemi.stuppy@example.com|2626299298|20131127|Sales
3283|Candi G Fratz|689 Mackenzie Wy|Harlingen|78551|TX|USA|candigfratz@example.co.uk|430.408.4973,534-211-5303|20151110|Sales
3285|Arletta L Welmaker|268 Ebb Ct|Knoxville|37919|TN|USA|arletta.welmaker@example.co.uk|931.734.6518|20161016|Sales
3312|Jarred K Abela|576 Petrel Ct|Corona|92879|CA|USA|jarredabela@example.co.uk|671-544-9317,9206320157,8432900520|20150807|Sales
3317|Cyrus M Morgret|81 Oak Cyn Rd|Bagley|56621|MN|USA|cyrus_morgret@example.com|9528047260|20190818|Sales
3327|Domenica Hiddleson|2318 Arriba Dr|Whitehouse|8888|NJ|USA|domenica-hiddleson@example.gov|856.583.0988|20120106|Sales
3333|Modesta W Brock|1081 American Av|Hoagland|46745|IN|USA|modestawbrock@example.gov|443.337.3648|20190415|Sales
3339|Myriam G Ostrander|362 Via Irana|Lexington|40596|KY|USA|myriam-ostrander@example.com|2703386881|20190812|Sales
3344|Lisandra G Hayag|419 Pickford Pl|Berkeley|94710|CA|USA|lisandraghayag@example.co.uk|205-895-1665,949.956.2326|20190405|Sales
3345|Bryce Tranquilino|997 Golden Triangle Rd|Depauw|47115|IN|USA|brycetranquilino@example.org|260.423.6959|20100212|Sales
3354|Frederic Huesmann|368 Shallot Ct|Branch|72928|AR|USA|frederichuesmann@example.co.uk|870.058.1181|20150918|Sales
3387|Porter V Clabots|983 Stonechat Ct|Turbeville|29162|SC|USA|clabots-porter@example.co.uk|6034937038|20120606|Sales
3389|Bryon Q Traxinger|486 Dagmar Wy|Lost Nation|52254|IA|USA|bryonqtraxinger10@example.gov|641-590-8612|20100306|Sales
3391|Robbie B Podlaski|113 Van Gogh Ln|Merrimac|53561|WI|USA|robbiebpodlaski17@example.co.uk|6307173057|20110824|Sales
3392|Michaele Y Rosetti|1286 Cuatro Milpas St|Indianapolis|46219|IN|USA|michaelerosetti@example.co.uk|219-106-4115|20121007|Sales
3399|Tenisha N Prach|1374 Torrey Pines Dr|Flasher|58535|ND|USA|prachtenisha@example.org|701-291-0068,701.751.1422,701.551.8957|20120823|Sales
3402|Alita Swartzell|1019 Palo Verde Dr|Humboldt|66748|KS|USA|alita_swartzell@example.org|305.170.4696,785.891.5607|20170629|Sales
3410|Anabel Civale|670 Valley Vista Ct|Ironwood|49938|MI|USA|anabel_civale@example.com|907-195-0779|20100322|Sales
3416|Catrina L Battenberg|559 Shelburne Dr|Cordell|73632|OK|USA|battenbergcatrina@example.org|469.124.1227,539.159.6806|20130826|Sales
3425|Rina J Scarbro|680 Dawkins Av|Birmingham|48009|MI|USA|scarbro_rina@example.org|725.082.6193|20111109|Sales
3426|Manda G Rotterman|111 Label Av|Creston|68631|NE|USA|geczlx@example.com|385.619.4328,9712759526,4028232510|20150213|Sales
3427|Charlie I Crary|1109 Dalgo Dr|South Dayton|14138|NY|USA|charlieicrary@example.co.uk|6311335177|20181102|Sales
3441|Janee R Lovi|721 Bakerton Av|Rosharon|77583|TX|USA|janeerlovi@example.gov|737-396-4888|20151026|Sales
3453|Phillis Dobranski|2820 Narcissus Crest Av|Monette|72447|AR|USA|phillisdobranski@example.com|479-671-8879,7192007343|20130703|Sales
3459|Abby Q Torino|738 Quail Haven Trl|Chicago|60664|IL|USA|abby.torino@example.com|217.253.0118|20170829|Sales
3466|Carmon J Sicre|1094 Luzon Dr|Blawenburg|8504|NJ|USA|sicre_carmon@example.gov|856-569-1122|20170508|Sales
3479|Nydia B Hutfles|76 Stone Ridge Ct|Richmond|66080|KS|USA|hutfles_nydia26@example.co.uk|316.168.8084,7859908233,9136430633|20161205|Sales
3490|Patsy I Mullarkey|817 Avd Sonrisa|Lake Clear|12945|NY|USA|patsy_mullarkey@example.co.uk|9135279404|20171014|Sales
3491|Tracey Tuomala|1083 Blackfoot Ct|Santa Barbara|93103|CA|USA|tuomala-tracey@example.org|3235945872|20200113|Sales
3494|Ricardo D Patey|1337 Rockwell Cyn Rd|Greensboro|21639|MD|USA|ricardodpatey@example.org|7019093284|20190305|Sales
3497|Raul E Brenneisen|1551 Lennon Ct|Indianapolis|46220|IN|USA|raul.brenneisen@example.org|219-378-3249|20110914|Sales
3509|Leon F Griess|97 Fairview Dr|Stumpy Point|27978|NC|USA|griess_leon@example.org|910.004.3993|20170526|Sales
3510|Aron P Ashmun|212 Via Bellazza|Rockledge|32956|FL|USA|aron.ashmun@example.com|804.727.4296|20100126|Sales
3518|Mackenzie Z Rudzinski|4 Evan Ln|Hilton Head Island|29926|SC|USA|rudzinski.mackenzie@example.org|337-519-7919|20141019|Sales
3537|Marylou F Bagan|804 Woodstock Av|Leander|41228|KY|USA|bagan-marylou@example.org|6782914616|20151022|Sales
3544|Felisha Freuler|488 Horseshoe Cr|Washington|20226|DC|USA|felishafreuler@example.org|001.931.152.9358|20110611|Sales
3545|Rivka Allyn|833 Nichols Ln|Rosedale|21237|MD|USA|rivkaallyn@example.com|301.462.8314|20180526|Sales
3552|Florene P Cutway|701 El Molina Av|Green Bay|23942|VA|USA|florenecutway@example.gov|+1.757.905.1915|20170504|Sales
3553|Beulah A Armesto|1731 O Neill Cr|Lakehurst|8733|NJ|USA|beulahaarmesto@example.gov|972-329-4096|20101211|Sales
3561|Coral U Petrimoulx|394 Brookdale Ln|Hamel|55340|MN|USA|coral.petrimoulx@example.org|763.558.2957|20190110|Sales
3568|Janean O Kopera|67 Calhaven Dr|Meadville|39653|MS|USA|janeanokopera@example.com|202.898.3395|20130707|Sales
3572|Candace J Bonapart|187 Carla Ct|Washington|20015|DC|USA|candace.bonapart@example.co.uk|202-566-3827,202.507.5105|20140810|Sales
3573|Geneva Lochmann|915 Los Pinetos Rd|Springfield|1129|MA|USA|geneva.lochmann@example.gov|617-269-7492|20100316|Sales
3575|Vivian C Brazzel|192 Ironshire St|Finchville|40022|KY|USA|brazzel_vivian@example.com|6056511978|20170307|Sales
3577|Candra Y Alesch|290 Alyssum Ln|Richmond|23294|VA|USA|candra.alesch@example.co.uk|5403943293,571-377-6070|20180227|Sales
3578|Etsuko B Buesgens|88 Largo Rd|Arcadia|46030|IN|USA|buesgens_etsuko@example.co.uk|463-347-6985|20160915|Sales
3582|Alberto Z Fosher|172 Abdale St|Lansdowne|19050|PA|USA|alberto_fosher@example.gov|5394077340|20100214|Sales
3585|William A Brechbiel|1661 Plum Cyn Fire Rd|Angelus Oaks|92305|CA|USA|brechbiel_william@example.co.uk|707.353.1780|20190323|Sales
3591|Angila W Wonder|1506 Colebrook Pl|Boston|14025|NY|USA|wonder_angila@example.gov|3073130065|20170714|Sales
3600|Henrietta A Ramirez|309 Maged Ct|Lawrenceville|30046|GA|USA|ramirez_henrietta@example.org|4705387361,001.684.361.1595|20140527|Sales
3602|Alan M Obi|13 Quail Haven Trl|Monee|60449|IL|USA|alanmobi@example.com|701.527.3347|20150705|Sales
3611|Bobette W Prager|1186 Dogwood Ct|Gulfport|39500|MS|USA|bobettewprager55@example.gov|228.454.0864|20100101|Sales
3612|Gayle G Denboer|1008 Hollyoak Ct|Wichita|67212|KS|USA|gayle.denboer@example.com|620.144.9423|20140105|Sales
3613|Hyo W Witko|1429 Pine Hollow Ct|McAdoo|79243|TX|USA|hyowwitko@example.org|4098959319|20180403|Sales
3623|Margrett G Darabi|240 Desert Av|El Paso|88547|TX|USA|darabi_margrett@example.com|6050364380|20110228|Sales
3625|Bernita O Montanard|1220 Lea Ct|Roggen|80652|CO|USA|bernitaomontanard@example.com|531.177.7370|20160211|Sales
3626|Adell R Toms|791 Starlight Ln|Overton|89040|NV|USA|adell_toms@example.co.uk|775.945.8764|20130713|Sales
3629|Bert X Goga|1183 Faulkner Dr|Kingston|12402|NY|USA|goga.bert@example.org|205.631.7616,3321419790|20100206|Sales
3631|Kesha Dacus|635 Stonechat Ct|Brayton|50042|IA|USA|dacus.kesha@example.gov|4017088424|20100816|Sales
3634|Ron F Willaman|874 Grey Pl|Fargo|58123|ND|USA|ronfwillaman@example.gov|701.933.2651|20170719|Sales
3639|Avery Pielli|1511 Kearney Dr|Promise City|52583|IA|USA|averypielli@example.gov|731-758-5863|20141212|Sales
3660|Towanda Kelin|80 Gable Ranch Ln|Luverne|58056|ND|USA|towanda_kelin@example.com|701.663.3066|20170908|Sales
3667|Aileen Liva|1804 Penlon Rd|Englewood|45322|OH|USA|aileenliva@example.co.uk|513-071-6129,2206746060,614-593-9855|20100322|Sales
3668|Johanna M Agrawal|405 Waycott Wy|Mexico|4257|ME|USA|agrawaljohanna@example.gov|+1-419-810-5257|20190529|Sales
3675|Thi D Crackel|1039 Northfield Ct|Oak Park|60301|IL|USA|crackel_thi@example.org|779-897-2792|20100211|Sales
3676|Glory J Grabber|909 Wood Dale Ct|Irving|75039|TX|USA|glory.grabber@example.org|3029196401|20100930|Sales
3679|Margot A Neste|315 Crockett Ln|Indianapolis|46255|IN|USA|margotneste@example.org|601.576.5671|20140413|Sales
3681|Jenell B Juco|2552 Sims Ct|Georgetown|40324|KY|USA|juco_jenell@example.gov|606.010.9579,606-751-2953|20120910|Sales
3682|Lilla K Hanohano|291 Carson Wy|Frankfort|45628|OH|USA|hanohano-lilla50@example.org|740-050-2316,567-637-4941,680.318.7768|20141209|Sales
3687|Sari V Kluver|362 La Montura Dr|Rose Hill|24281|VA|USA|sarivkluver14@example.org|304-913-6356|20161031|Sales
3696|Bridget L Brakel|1443 Ordco St|Huntsville|35816|AL|USA|brakel.bridget@example.gov|334.914.5885|20100629|Sales
3708|Tinisha Swanagan|1131 Brookhaven Pl|East China|48054|MI|USA|tinishaswanagan@example.gov|269.064.2350|20130726|Sales
3716|Arlie Mattila|314 Kathleen Av|Goreville|62939|IL|USA|arliemattila@example.com|2032972266|20160820|Sales
3721|Helena Z Acree|684 Barada Av|Spearsville|71277|LA|USA|helena_acree@example.org|907-967-5537|20150912|Sales
3723|Retta Y Elza|309 Kitfox Pl|Windthorst|76389|TX|USA|retta.elza@example.org|507-894-2642|20140221|Sales
3735|Mae D Mccaghren|373 Largo Rd|Oklahoma City|73179|OK|USA|maedmccaghren@example.org|4054392714,9182098655,843-513-3805|20170111|Sales
3736|Larhonda Fortis|92 Eagle Peak Av|Florence|41022|KY|USA|larhondafortis@example.org|606-862-4835|20120719|Sales
3747|Roy R Piece|1137 Nolte Ct|Fenton|48430|MI|USA|royrpiece@example.gov|928.235.0547|20190810|Sales
3749|Juanita L Bretschneider|1118 Camas Ct|Kurthwood|71443|LA|USA|bretschneider-juanita@example.com|504-548-7423|20120914|Sales
3754|Rosena L Dellamano|124 Hood Wy|Cassville|26527|WV|USA|rosenaldellamano@example.co.uk|918.682.5634|20120803|Sales
3766|Tamara Benich|1104 Frisca Dr|Crystal Bay|55323|MN|USA|tamarabenich@example.com|651-253-6780,612.533.5245,218.237.5729|20110920|Sales
3768|Norma G Marlatt|3045 Charles Dr|Mallory|25634|WV|USA|normagmarlatt77@example.gov|870.453.9198|20180523|Sales
3783|Eleanor Boltze|137 Camino Del Montana|Concord|94521|CA|USA|boltze_eleanor@example.org|530.463.8745|20160825|Sales
3789|Malissa Pennywitt|205 Foxlane Dr|Durand|61024|IL|USA|pennywitt.malissa@example.org|773.647.5589,6573364077|20111107|Sales
3797|Marta I Hudlow|1255 Garnet Cyn Dr|Hampton|23681|VA|USA|hudlow.marta@example.gov|808.248.7821|20170612|Sales
3798|Isidro U Sturm|439 Teton Trl|Burleson|76097|TX|USA|sturm-isidro@example.com|2544686971|20190724|Sales
3806|Angelo B Prochniak|1291 Alegro Dr|Fort Worth|76133|TX|USA|prochniak-angelo@example.co.uk|325.249.9846|20190323|Sales
3816|Burl Darbyshire|118 Silverking Trl|Glassport|15045|PA|USA|darbyshireburl@example.org|717-813-4526|20130215|Sales
3817|Donna S Ballensky|1293 Penrose Ln|Centuria|54824|WI|USA|donna-ballensky@example.co.uk|608.297.0621|20160924|Sales
3820|Gonzalo Z Lindinger|436 Snowy Owl Ct|Waiteville|24984|WV|USA|lindinger_gonzalo@example.com|681.851.0305,684-897-9075|20121127|Sales
3832|Melvina X Keep|1928 Taft Ct|Randolph|7869|NJ|USA|keepmelvina@example.org|8482220311|20171206|Sales
3833|Merlin E Cadorette|371 Quartz Ln|La Plume|18440|PA|USA|merlinecadorette@example.org|412.534.1581|20170520|Sales
3839|Walker O Keibler|698 Via Gayo|Aiken|29801|SC|USA|walkerokeibler34@example.com|8434221602|20161108|Sales
3846|Verdie Bratta|2343 Willow Ct|Annapolis|63620|MO|USA|bratta_verdie@example.org|317.759.0453,901-136-2469|20161212|Sales
3859|Reinaldo Q Mauk|1060 Susan Beth Wy|Atlanta|30385|GA|USA|reinaldo_mauk@example.com|952.777.2944|20180403|Sales
3864|Mireya F Wanserski|803 Riley|Chevy Chase|20815|MD|USA|mireyawanserski@example.co.uk|6676136795|20190510|Sales
3871|Yael L Lengefeld|550 Winterset Dr|Boone|28607|NC|USA|lengefeld.yael@example.org|684.174.0986|20170421|Sales
3876|Riley E Armengol|1727 Calle Terraza|Fisher|16225|PA|USA|riley.armengol@example.com|814.067.2622|20171028|Sales
3886|Ressie H Bootes|382 Quinn Pl|Monterey|24465|VA|USA|ressiehbootes@example.org|8045568930|20180615|Sales
3917|Neomi Prack|350 Pebble Beach Dr|Yukon|73099|OK|USA|prack-neomi@example.org|405-938-0423|20180703|Sales
3922|Sergio G Anzilotti|34 Jerry Pl|Agua Dulce|78330|TX|USA|sergio.anzilotti@example.org|8173730233|20160618|Sales
3929|Alden H Kopach|1493 Thoreau Wy|Mount Victoria|20661|MD|USA|aldenhkopach@example.co.uk|301-808-9354,240-599-8725,3016224947|20100328|Sales
3935|Edra E Rauterkus|1389 Tamara Pl|Molena|30258|GA|USA|edraerauterkus@example.co.uk|404.612.7609|20150613|Sales
3942|Eusebia X Cajka|2743 Highfalls St|Bunkie|71322|LA|USA|eusebiaxcajka@example.co.uk|401-051-4532|20160916|Sales
3947|Dayna L Piet|1335 West Hills Dr|Herman|56248|MN|USA|daynapiet@example.org|6703901379|20110413|Sales
3961|Nada E Warsop|776 Georgetown Dr|Oakland|94607|CA|USA|nadaewarsop@example.com|530-920-4039|20160318|Sales
3962|Britt Z Hervas|1824 Feedmill Rd|Harmony|2829|RI|USA|brittzhervas@example.com|401.311.1877|20200105|Sales
3978|Deandrea H Zephirin|1209 Canso Ln|Oak Ridge|37831|TN|USA|deandreazephirin@example.gov|615.842.2901|20130103|Sales
3982|Darren U Bazar|842 Janzer Ct|Excel|36439|AL|USA|bazar_darren@example.com|681.881.5755|20151117|Sales
3986|Michal W Jannette|610 Frost Ln|Gibbon|68840|NE|USA|michalwjannette@example.co.uk|407.658.0138,5312847097,3084695875|20150729|Sales
4000|Nella S Kons|2156 Claremont Dr|Denver|50622|IA|USA|kons-nella@example.com|6419276859|20181016|Sales
4031|Chara W Winesett|107 Via Beeler|Lone Oak|75453|TX|USA|charawwinesett@example.co.uk|972.313.7261|20100221|Sales
4043|Shonda G Weissenfluh|461 Pine Cliff Pl|Putnam Hall|32185|FL|USA|weissenfluh_shonda@example.gov|3050051008|20170930|Sales
4049|Isaura O Stahlman|1446 Cascade Ct|Minneapolis|55401|MN|USA|isaura.stahlman65@example.com|507.232.4367|20100419|Sales
4054|Jettie Meixner|1080 Galeton Rd|Beldenville|54003|WI|USA|jettiemeixner@example.com|605-250-1403,684-224-9514,7546756259|20120915|Sales
4063|Elisha R Botz|488 Wong Ct|Kingston|37763|TN|USA|botz-elisha@example.co.uk|684-002-4065|20100709|Sales
4068|Retta E Kapalko|1624 Label Av|Templeton|1468|MA|USA|retta_kapalko@example.co.uk|7659331470,+1.857.450.5227,+1.351.307.4644|20180402|Sales
4088|Eleanore V Scoffield|929 Hemingway Wy|Fairfax|29827|SC|USA|eleanorevscoffield@example.com|9077293987|20120907|Sales
4091|Jenine K Vasconez|1064 Windfall Pl|Lizella|31052|GA|USA|jenine-vasconez@example.org|4786179333|20140627|Sales
4094|Catrice Y Finnie|722 Rose Cyn Ln|Black|63625|MO|USA|finnie.catrice@example.co.uk|4179316129,330.645.6464|20170111|Sales
4096|Micheal Telon|1297 Baviera Wy|Taylorstown|15365|PA|USA|telon-micheal@example.gov|610-524-8401|20180130|Sales
4104|Arminda E Mccool|759 Lacomb Dr|Annona|75550|TX|USA|armindaemccool@example.co.uk|2198631787|20180125|Sales
4135|Marcelene L Holzmacher|1974 Kent Ln|Washington|20070|DC|USA|marcelenelholzmacher@example.com|2021067872,2025376085|20121024|Sales
4147|Angelyn G Lightman|272 Buckskin Dr|Miley|29933|SC|USA|angelyn-lightman@example.com|7434957517|20150521|Sales
4160|Violet H Lazier|21 Ashboro Dr|Berkeley Heights|7922|NJ|USA|violet-lazier@example.org|8481048886|20140304|Sales
4161|Chong S Mccalister|339 Bryce Ct|Pipestem|25979|WV|USA|chongsmccalister@example.org|207.227.4049|20170717|Sales
4170|Iesha C Runia|868 Sarkis Ct|Milwaukee|53293|WI|USA|ieshacrunia@example.com|4350989183|20110903|Sales
4171|Brock Morel|2479 Southwind Ct|Barnstead|3218|NH|USA|morel-brock@example.org|001.850.262.6086|20101005|Sales
4173|Caleb U Angrand|1352 Nashua Wy|Clifford|24533|VA|USA|angrand_caleb@example.org|2763741034,757.266.4037|20141028|Sales
4175|Helene Hyett|178 Wiley Cyn Rd|Ridgefield|98642|WA|USA|helene_hyett@example.co.uk|360.999.3107|20180120|Sales
4193|Annette Sorina|386 Yellowstone Ln|Saint Charles|42453|KY|USA|annettesorina@example.gov|+1-480-332-7892|20160616|Sales
4194|Edwina W Haines|476 Amberwood Ln|Saint Paul|55109|MN|USA|edwina_haines@example.co.uk|320-872-0651|20170714|Sales
4196|Ginette R Riels|1057 Urbandale Av|Fall City|98024|WA|USA|ginetterriels@example.co.uk|531-660-4995,4141142789,3607147751|20180530|Sales
4204|Cruz A Hernandz|942 Steve Jon St|Oceanside|92056|CA|USA|cruzahernandz@example.gov|949-416-9938,8188515153|20161006|Sales
4215|Tora V Cassie|504 Valley Oak Ln|Smyrna Mills|4780|ME|USA|cassie.tora@example.co.uk|480.139.0332|20140709|Sales
4221|Marcelle Q Kerrick|45 Grovepark Dr|Hastings on Hudson|10706|NY|USA|marcelle-kerrick@example.gov|646-183-6894,856-736-7111|20191003|Sales
4232|Rolando L Roadhouse|381 Applegate Ct|Mill Creek|26280|WV|USA|rolandolroadhouse@example.com|681-478-1057|20100113|Sales
4240|Lynna P Kayani|1306 Bena Ct|Kelso|63758|MO|USA|kayani-lynna@example.org|314-291-1562|20120309|Sales
4242|Mark Z Seeley|1235 Calle De Sol Dr|Pensacola|32576|FL|USA|markzseeley@example.co.uk|7627029606|20140620|Sales
4244|Billy Allenberg|486 Via La Paz|Newborn|30056|GA|USA|billyallenberg@example.co.uk|907.497.2644|20110414|Sales
4263|Cary J Mchughes|541 Daydream Wy|Saint Joseph|64501|MO|USA|mchughes-cary@example.com|816-201-1451|20110913|Sales
4269|Ludivina Z Ebersohl|283 Summit View Dr|Auburn|66402|KS|USA|ludivinazebersohl@example.co.uk|2072145307|20101225|Sales
4276|Gerald A Boot|1479 Sky View Ct|La Ward|77970|TX|USA|geraldaboot@example.com|9038921883|20140528|Sales
4284|Nickolas Nucera|156 Wayside Lateral|Lincoln|68504|NE|USA|nickolas_nucera@example.gov|531.148.4303|20100519|Sales
4288|Monica J Ramoz|113 Oakspur Dr|Milwaukee|53223|WI|USA|monica-ramoz@example.co.uk|6085819679|20120622|Sales
4292|Ismael U Norelius|122 Castaic Lake Dr|Barboursville|25504|WV|USA|norelius_ismael@example.org|6814861708|20150523|Sales
4312|Breana T Rachid|259 Oak Garden Ct|Townley|35587|AL|USA|breanatrachid@example.gov|334.906.7492,443.548.8100|20120428|Sales
4321|Tod Moquete|979 Marigold Cr|Alhambra|91804|CA|USA|todmoquete@example.org|5100573627,+1-671-235-4986|20190714|Sales
4338|Deb Mcgirt|205 El Paseo Dr|Mulino|97042|OR|USA|debmcgirt@example.gov|971.648.8898|20141202|Sales
4342|Romaine Z Brackins|792 Barnett Ln|Edinburg|58227|ND|USA|romaine_brackins@example.co.uk|701.232.9932,7011548285,701.692.8865|20190201|Sales
4348|Fabiola T Paplow|594 Pansy Ct|Distant|16223|PA|USA|fabiolapaplow@example.gov|910-710-4202|20130714|Sales
4352|Lula K Labron|572 Rosamond Dr|Warsaw|46582|IN|USA|labron.lula@example.co.uk|2062468560,605-933-9597|20170114|Sales
4371|Eufemia Menas|228 Kelly Ct|Idanha|97350|OR|USA|eufemiamenas@example.co.uk|971-222-0450|20121014|Sales
4412|Charlena F Sela|666 London Pl|Mobile|36607|AL|USA|charlenafsela@example.co.uk|575-623-7750|20130820|Sales
4413|Bonnie X Cheser|234 Falling Star Ln|Clark|7066|NJ|USA|bonniexcheser@example.gov|684.170.4373|20120615|Sales
4420|Edith W Palmberg|2212 Crimson Ct|Washington|20098|DC|USA|edith-palmberg@example.co.uk|+1-732-719-2464|20190208|Sales
4425|Melony I Sewing|858 Keats Ln|Summerfield|34491|FL|USA|melonysewing@example.co.uk|3528289951|20130627|Sales
4430|Tarah K Bodiker|176 Oakland Ct|Backus|56435|MN|USA|bodiker.tarah@example.com|864-574-8635|20180302|Sales
4437|Otilia S Druien|1432 Arroyo Oak Ln|Bellevue|68147|NE|USA|otiliadruien@example.co.uk|3088677682,308-328-7374|20140901|Sales
4439|Rufus Pruess|1523 Travers Ct|Chestnut Mountain|30502|GA|USA|rufuspruess@example.org|7627028026,7708947085|20150104|Sales
4449|Brady X Godkin|60 Bowie Ct|Greer|29650|SC|USA|godkin_brady@example.co.uk|334.128.2443|20100428|Sales
4457|Waltraud F Superville|40 Grandview Dr|Beale AFB|95903|CA|USA|superville.waltraud@example.co.uk|2076319579,802.842.1726,603.267.0144|20191010|Sales
4462|Kathline A Cofone|947 Christie Ct|South Colby|98384|WA|USA|kathline.cofone@example.com|417-808-9555,425.165.4604|20190709|Sales
4470|Cherise J Barbone|200 Paradise Rd|Marion|66861|KS|USA|cherise.barbone@example.gov|901-272-5064|20170526|Sales
4472|Karleen C Andaluz|568 Lone Star Wy|Dayton|45481|OH|USA|andaluz_karleen@example.gov|567-995-7774,937-584-2937|20120730|Sales
4474|Samual C Pitchford|1322 Pine St|Dallas|75265|TX|USA|pitchford.samual@example.gov|737.506.8356,3045973119,210.689.6018|20140126|Sales
4517|Doretha H Tindle|1275 Van Gogh Ln|Pueblo|81007|CO|USA|tindledoretha@example.org|586-332-2211|20190415|Sales
4534|Eugenio K Powells|2179 Schrey Pl|Pass Christian|39571|MS|USA|eugeniokpowells@example.gov|2280284041|20110318|Sales
4538|Sherita F Terrell|389 Pebble Beach Dr|Wolftown|22748|VA|USA|terrellsherita@example.org|540.901.0721,623.357.0665|20150331|Sales
4543|Carolann E Depies|580 Via Princessa|Waldorf|20603|MD|USA|depiescarolann56@example.org|6677522368|20120612|Sales
4545|Mabelle Luzano|518 Mc Keon Wy|Bessie|73622|OK|USA|luzano.mabelle@example.com|684-878-1319,+15395405419,651.373.9236|20120316|Sales
4549|Sherrell D Mayronne|447 Shadow Cliff Ct|Tarzan|79783|TX|USA|sherrelldmayronne@example.com|936-790-7123|20190804|Sales
4557|Rona Ambroselli|1549 Plaza Chiva|Rico|81332|CO|USA|rona.ambroselli@example.org|720.084.4145,3039320484,7199243814|20170610|Sales
4566|Ollie T Paulich|1547 Hatridge Ln|Marlboro|5344|VT|USA|ollietpaulich@example.org|515-398-2504|20110518|Sales
4571|Kenisha D Stockmaster|655 Lindale Pl|Rockaway Beach|97136|OR|USA|kenishadstockmaster@example.co.uk|684-100-8206,682-223-3160|20130822|Sales
4576|Judson V Loughlin|866 Fireworks Rd|Palisade|81526|CO|USA|loughlin_judson@example.co.uk|9084061211,5347753989|20180906|Sales
4591|Mac U Lunardi|347 Meadbury Dr|Lake Ozark|65049|MO|USA|lunardi_mac@example.com|573.494.5575|20180507|Sales
4598|Reyna H Passino|1500 Hammons Ct|Severn|23155|VA|USA|reynahpassino@example.org|603-743-1369|20150616|Sales
4601|Alejandrina G Kotch|103 Cayenne Dr|Newkirk|74647|OK|USA|alejandrinagkotch@example.co.uk|9187489662,5800938270|20110815|Sales
4617|Juliane O Hopley|1667 Citrus Pl|Sioux Falls|57104|SD|USA|hopleyjuliane@example.com|670-111-6107|20140709|Sales
4625|Vikki P Angels|449 Finch Ct|Washington|20594|DC|USA|vikkipangels@example.gov|785.328.7698|20140306|Sales
4630|Coretta Z Ubeda|911 Cypress Wy|Kissimmee|34759|FL|USA|coretta_ubeda@example.com|9040435176|20190423|Sales
4634|Kylee G Petteruti|1421 Rodeffer Pl|Scotch Plains|7076|NJ|USA|petterutikylee88@example.gov|484.212.3942,503.401.4137|20191021|Sales
4641|Phillis G Caterson|285 Mammoth Ln|Gainesville|32627|FL|USA|caterson_phillis@example.co.uk|859-544-1274,7725935540,7865596255|20130122|Sales
4647|Lenora Funderburke|448 Rye Cyn Rd|Drake|58736|ND|USA|lenorafunderburke@example.org|701.481.5829|20151219|Sales
4658|Janee Kang|231 Icy Willow Ln|Peoria|61640|IL|USA|janeekang@example.gov|618.562.8656,2030430650|20141212|Sales
4660|Johnsie W Keshavarz|1327 Gable Ranch Ln|Summit|84772|UT|USA|keshavarzjohnsie@example.co.uk|801-916-4513|20150128|Sales
4679|Lawerence I Mover|592 Dandelion Dr|Springfield|45501|OH|USA|mover-lawerence@example.org|5633133042|20150413|Sales
4681|Kenneth J Readon|179 Tambora Dr|Wikieup|85360|AZ|USA|readonkenneth@example.com|860.806.0511|20161219|Sales
4685|Ula R Zilm|1171 Mirabelle Ln|Gainesville|65655|MO|USA|zilm-ula@example.org|+1-314-963-5102|20110604|Sales
4693|Sonia Q Kielmeyer|266 Oaktree Pl|Indianapolis|46244|IN|USA|sonia_kielmeyer@example.co.uk|+12071941901|20190704|Sales
4702|Jannette M Osantowski|876 Lorita Ln|Los Angeles|90001|CA|USA|jannettemosantowski@example.com|8600748900,5011284280|20150306|Sales
4713|Xiomara W Mollard|645 Oakleaf Cyn Dr|Meyersdale|15552|PA|USA|mollard-xiomara@example.gov|440.450.3057|20121117|Sales
4714|Louvenia B Wenk|211 Via Dona Christa|Russell Springs|42642|KY|USA|wenk_louvenia@example.org|802.938.5424|20100428|Sales
4717|Tanya V Hodder|73 Westview Ln|Wilmington|19880|DE|USA|tanya_hodder@example.co.uk|605-651-5698|20190429|Sales
4718|Len Y Kalinowski|853 8th St|Pleasanton|94566|CA|USA|len_kalinowski@example.org|424-717-9981|20110226|Sales
4723|Lashawna Z Conda|708 Bancroft Pl|Kuttawa|42055|KY|USA|conda-lashawna@example.gov|786.394.4035|20110225|Sales
4732|Audrea E Paull|838 Hayward Dr|Troutman|28166|NC|USA|paull_audrea@example.org|4236354122|20111117|Sales
4733|Gearldine L Jimeno|336 Via Delicia|Sarasota|34233|FL|USA|jimeno_gearldine@example.org|813-398-5111,208.872.0036|20170131|Sales
4741|Emery Bedeau|949 Mountain Ln|West Bloomfield|48324|MI|USA|emerybedeau@example.gov|4065341079|20110419|Sales
4744|Maxwell B Rieland|1119 Peppertree Dr|Coarsegold|93614|CA|USA|maxwell.rieland@example.gov|559.015.9829,2022917656,5596372297|20160926|Sales
4756|Brenda P Wussler|758 Country Ct|Athens|37303|TN|USA|wussler_brenda@example.gov|6157915519|20160329|Sales
4773|Carli A Deverick|1125 Hamlet Wy|Elmer|71424|LA|USA|carliadeverick@example.co.uk|2257522425|20170501|Sales
4774|Laurena X Kau|248 Hood Wy|Partridge|67566|KS|USA|laurenaxkau@example.com|3165310527,785-374-5080|20170122|Sales
4779|Johnny K Stobie|824 Black Pine Wy|Blairstown|7825|NJ|USA|johnnykstobie@example.gov|5347543836,856-772-6071|20150427|Sales
4789|Val A Radney|897 Shelter Cove Dr|Stanton|51573|IA|USA|valaradney@example.org|641-885-0158|20200130|Sales
4798|Jannet Tidwell|924 Brookhaven Pl|Wenatchee|98801|WA|USA|tidwelljannet@example.co.uk|2063343397|20111129|Sales
4803|Rona Y Mattley|1166 Morning Mist Dr|Cleveland|44105|OH|USA|rona.mattley@example.gov|614.185.2926|20151030|Sales
4811|Brain A Niebuhr|1807 Pepper Pl|Brooklyn|11209|NY|USA|brainaniebuhr@example.org|803-148-1652,731-927-6794,3463500528|20190417|Sales
4841|Katelynn E Hafemeister|330 Cerezo Ct|Sand Creek|54765|WI|USA|katelynn_hafemeister@example.com|479.562.3423|20110604|Sales
4869|Gudrun F Surkin|471 Remer Ct|Paguate|87040|NM|USA|gudrunfsurkin41@example.com|970-870-4179|20190120|Sales
4880|Bethanie Q Kunzweiler|262 Bryce Dr|Flat Rock|62427|IL|USA|kunzweiler.bethanie@example.gov|380.162.5931|20130901|Sales
4902|Arden F Mailander|575 Nolte Ct|Great Mills|20634|MD|USA|ardenfmailander@example.org|240.494.1251|20190425|Sales
4904|Numbers I Turilli|838 Van Gogh Ln|Moulton|52572|IA|USA|numbersiturilli@example.co.uk|443-465-4963|20170917|Sales
4912|Neda D Babineau|8 Shasta Dr|Chesapeake|23327|VA|USA|babineau_neda@example.co.uk|7025740437,7574390140|20180213|Sales
4916|Emmy V Sorapuru|1680 Goodrich Ct|Saint Johns|48879|MI|USA|sorapuru_emmy@example.co.uk|302.294.7739,575-502-8455|20131209|Sales
4935|Lavinia T Lanclos|47 Plymouth Rd|Baltimore|21282|MD|USA|lavinialanclos@example.org|443-628-7604|20180606|Sales
4940|Fredericka N Zippay|1508 Savory Pl|Daggett|49821|MI|USA|frederickanzippay@example.co.uk|313-755-1214|20180302|Sales
4953|Nery O Broderson|982 Braddon Oak Dr|Birmingham|35289|AL|USA|brodersonnery@example.co.uk|4015262083,2050310329,802-802-7958|20190302|Sales
4959|Dionne K Schaul|210 Cromwell Av|Natalbany|70451|LA|USA|dionnekschaul74@example.gov|207.131.4489,240.806.1561|20140114|Sales
4971|Loyce L Imran|423 Rocket Rd|North Lawrence|44666|OH|USA|loyce-imran@example.co.uk|808.126.8866,3801696808|20121011|Sales
4974|Rheba K Madej|724 Tampico Dr|Chesapeake|23323|VA|USA|madejrheba@example.com|662-018-5025,208-949-9469|20190612|Sales
4977|Alta L Manatt|219 Huston St|Dilworth|56529|MN|USA|alta_manatt@example.gov|763-318-8858,507-733-1075|20121213|Sales
4978|Roxy P Dubuisson|2173 Whitney Cyn Rd|Minerva|12851|NY|USA|roxy-dubuisson@example.co.uk|405.465.7074|20190519|Sales
4998|Eleonora Nyre|1395 Graham Ln|Loudon|3307|NH|USA|nyreeleonora@example.org|6039074020,603-608-1031|20110927|Sales
5000|Kylie I Wockenfuss|1181 Podd Ct|Reagan|38368|TN|USA|wockenfuss.kylie@example.org|302-932-2792,865.071.8503|20190502|Sales
5013|Nathalie K Desouza|849 16th St|Southfield|48037|MI|USA|nathaliedesouza@example.org|670-467-1742,843-657-8349|20191224|Sales
5014|Nathalie K Desouza|849 16th St|Southfield|48037|MI|USA|nathalie-desouza56@example.com|810.862.6158,231.401.0315,810-019-8229|20191018|Sales
5021|Ronnie V Miotto|422 Los Arqueros Dr|Rembrandt|50576|IA|USA|ronnievmiotto@example.gov|670.879.1090|20191017|Sales
5024|Drew X Jaindl|456 Hasley Cyn Rd|Burnside|62318|IL|USA|drew.jaindl@example.gov|7159365003,4016623046|20191017|Sales
5026|Brendan B Gatehouse|38 Via Gavola|Houston|77236|TX|USA|tvktzglu@example.com|915.297.9388,4309276700|20160204|Sales
5031|Birgit T Boker|1834 Astor Racing Ct|Jump River|54434|WI|USA|birgit_boker@example.co.uk|715.574.9214|20140626|Sales
5032|Birgit T Boker|1834 Astor Racing Ct|Jump River|54434|WI|USA|birgit_boker@example.com|920-501-0958|20140709|Sales
5034|Winnie Casano|671 Oriole Ct|Lontetree|82936|WY|USA|winniecasano@example.org|870.931.1151|20191111|Sales
5036|Winnie Casano|671 Oriole Ct|Lontetree|82936|WY|USA|winniecasano@example.org|307.395.3768|20191002|Sales
5037|Sharonda G Illg|375 Four Oaks St|Irvington|62848|IL|USA|sharondaillg@example.org|505-850-6199|20180814|Sales
5038|Sharonda G Illg|375 Four Oaks St|Irvington|62848|IL|USA|illg_sharonda@example.gov|775.811.9409|20170806|Sales
5047|Nikki U Giannantonio|584 Via Princessa|Birmingham|35246|AL|USA|nikkigiannantonio@example.gov|2515667681|20130102|Sales
5049|Tomeka J Seib|697 Amberley Wy|Sacramento|94283|CA|USA|tomekajseib@example.co.uk|001.701.376.3562,4150946364|20200110|Sales
5061|Leida U Neifer|623 Black Oak Dr|Davenport|52804|IA|USA|leida-neifer@example.com|641-634-9026|20190828|Sales
