8|Arline K Ehrgott|516 Narcissus Crest Av|Nescopeck|18635|PA|USA|arline.ehrgott@example.co.uk|4435128321|20161021|Support
9|Kathey Myhre|122 Clarence Ct|Richmond|23282|VA|USA|katheymyhre@example.org|443-432-7224,718.962.7747|20200120|Support
11|Arica M Vigueria|1559 Highfalls St|Cloverdale|46120|IN|USA|arica.vigueria@example.gov|4635833265,3080779653|20190512|Support
15|Charity W Nellums|588 Shasta Ct|Mango|33550|FL|USA|charity_nellums@example.co.uk|+1.786.075.2590|20190325|Support
23|Scotty B Vandemark|1143 The Old Road|Sumner|64681|MO|USA|scotty.vandemark@example.co.uk|435.104.1248,660-815-9343|20190709|Support
36|Yen E Bordelon|5 Masterson Ct|Dublin|3444|NH|USA|bordelon-yen@example.org|603-951-2387,603-114-6633|20151202|Support
40|Angelyn T Mondt|300 Las Palmas St|Saint Francis|40062|KY|USA|angelyn_mondt97@example.gov|2081830719|20130113|Support
43|Cira O Zanabria|427 Arch St|Yarmouth|4096|ME|USA|ciraozanabria@example.co.uk|2078507685|20160131|Support
47|Xochitl Wernke|86 Hathaway Dr|Pingree|58476|ND|USA|xochitlwernke@example.com|208.920.5739|20141227|Support
49|Claud A Asing|2246 Refinery Rd|Fishers|14453|NY|USA|claudaasing@example.com|718.045.0900|20150828|Support
52|Robby Sheiman|15 Buckskin Dr|Los Angeles|90045|CA|USA|robbysheiman@example.org|747-441-8707|20150522|Support
54|Rob Y Eitzen|2143 Wren Dr|College City|95931|CA|USA|robyeitzen@example.co.uk|606.343.0233,9252064975,9167784181|20101225|Support
75|Natalya D Sparaco|527 Clover Ct|Middle Point|45863|OH|USA|natalyadsparaco@example.com|380.372.8075|20120109|Support
92|Shirl A Kiyabu|1100 Riverrock Wy|Nashville|37211|TN|USA|shirl_kiyabu@example.com|763.890.3105|20110930|Support
104|Dorothy O Zappia|674 Larbert St|Akron|44319|OH|USA|dorothyozappia@example.gov|440.244.2089|20110321|Support
112|Rick Q Okay|458 Dusty Willow Ct|Cashmere|98815|WA|USA|rickqokay@example.com|2062511429,+1.425.320.9011|20130119|Support
117|Sally G Reindollar|713 Diver St|Wishon|93669|CA|USA|sallyreindollar@example.gov|684-253-1260|20100624|Support
128|Magen D Sha|323 Theodore Ct|Arnolds Park|51331|IA|USA|sha.magen@example.org|670-397-0996,515.625.0124|20140325|Support
131|Elijah Ronyak|1508 Chinkapin St|Booneville|50038|IA|USA|ronyak-elijah@example.org|9070606311,505.894.8921|20191201|Support
132|Howard B Courchaine|463 Big Oak Ln|Mound City|62963|IL|USA|courchainehoward@example.org|8472488765|20140322|Support
143|Louisa Q Lagorio|815 Wright Rd|Miami|33187|FL|USA|louisa_lagorio@example.com|617.974.1489|20170211|Support
147|Nicky F Maclellan|864 Calle De La Paz|Houston|77203|TX|USA|maclellannicky@example.org|9794454105,9475435566|20130630|Support
148|Felica E Cuin|865 Benton Ct|Hamilton|27840|NC|USA|cuin.felica@example.gov|743.743.2493|20150310|Support
151|John O Boucher|1088 Bridgeport Ln|Memphis|38122|TN|USA|boucher.john@example.com|6156408723,563.204.5481|20111230|Support
162|Vivian Q Slind|577 Littleton Wy|Nixa|65714|MO|USA|vivianqslind@example.gov|340-036-7671|20100802|Support
181|Eleanore N Colom|1864 Slate Ct|Bar Harbor|4609|ME|USA|eleanore.colom@example.com|425.258.0662,814-248-1630|20140425|Support
182|Betsey E Waterous|1039 Stonington Ln|Philadelphia|19147|PA|USA|betsey-waterous@example.gov|2088664350,949.631.8821|20140518|Support
183|Jc N Stadtlander|2211 Begonias Ln|Sycamore|31790|GA|USA|stadtlander.jc@example.co.uk|770.486.6530|20160330|Support
188|Carson U Mierendorf|179 Mariam Pl|Chaffee|14030|NY|USA|mierendorf-carson@example.gov|517-256-5105|20200114|Support
216|Geraldine Sluis|2215 Midtown Ct|Norwalk|6853|CT|USA|geraldine.sluis@example.gov|8609137413|20150527|Support
226|Silvia A Kincaide|207 Camphor Ct|Mc Intyre|31054|GA|USA|silvia-kincaide@example.gov|9126792154|20150922|Support
230|Genny K Hinzman|682 Fritz Wy|Masontown|26542|WV|USA|hinzman.genny@example.com|681.682.2161,860.163.5780|20110110|Support
231|Saundra W Rugenstein|796 Calla Wy|Milford|46542|IN|USA|saundrawrugenstein@example.co.uk|3171004327|20180101|Support
251|Katharine L Crispino|844 Farrow Dr|Centerview|64019|MO|USA|katharinelcrispino@example.com|6364632134|20110605|Support
258|Rosendo M Hakman|578 Opal Ln|De Ruyter|13052|NY|USA|rosendo.hakman@example.co.uk|917.076.5264,303-448-1998,252.090.9877|20180821|Support
260|Melodi Z Gretch|833 Las Canasta Dr|Tijeras|87059|NM|USA|gretchmelodi@example.co.uk|575-559-7075,307.026.2703|20190322|Support
262|Audrie Y Demis|940 Vista Fairways Dr|Elizabethtown|28337|NC|USA|audrieydemis@example.com|8649909684|20110617|Support
275|Tracey U Saif|852 Fir Ct|Concord|94520|CA|USA|traceysaif@example.org|+1-559-783-8444|20190524|Support
283|Marlana U Mrowiec|991 The Old Road|Murrayville|62668|IL|USA|mrowiecmarlana@example.co.uk|906-553-2212|20130517|Support
295|Sanora K Lizaso|652 Red Oak Ct|Nashville|37212|TN|USA|eehlzessdr@example.gov|629-816-5548|20140129|Support
302|Breanne J Kheng|763 Justamere Av|Edgecomb|4556|ME|USA|khengbreanne@example.com|2076051762,980.802.2026|20180606|Support
310|Sierra Reinschmidt|741 Hope Wy|Skwentna|99667|AK|USA|reinschmidt.sierra@example.org|+1.907.132.9604|20101009|Support
316|Janella Y Shalhoub|898 Ives Ct|Grand Rapids|49509|MI|USA|janellayshalhoub@example.com|605-841-4645|20150601|Support
318|Ingeborg R Simshauser|1707 Marabou Pl|Ridott|61067|IL|USA|simshauser_ingeborg@example.co.uk|458-915-5558|20200119|Support
320|Deedra V Nesgoda|1679 Larkmain Dr|Mountainside|7092|NJ|USA|nesgoda.deedra28@example.org|8565053984,2526181733|20150501|Support
321|Lynna W Wools|2611 Carrizo Dr|New Athens|43981|OH|USA|lynna-wools@example.co.uk|919.792.6186|20110825|Support
349|Riva M Mazin|1248 Hillcrest Pl|Newberry|32669|FL|USA|riva.mazin@example.com|754.562.1791|20150524|Support
350|Estela U Slotten|118 Carmelita Dr|Detroit|48209|MI|USA|slottenestela@example.gov|302-125-3346|20151218|Support
353|Tayna J Glotzer|395 Mendenhall Truck Trl|Allen|75002|TX|USA|glotzer.tayna@example.gov|9037679383,859-902-9886|20171006|Support
359|Margeret N Huchingson|441 Camino Del Montana|Des Moines|50396|IA|USA|margerethuchingson@example.co.uk|641.993.2918|20180518|Support
377|Laverne P Hausner|1156 Peppermint Ln|Camden|46917|IN|USA|lavernephausner@example.com|228-160-6443|20190925|Support
379|Randolph R Massimo|307 Fairway Dr|Metairie|70005|LA|USA|randolph-massimo@example.org|001-802-677-7999,8624901964,231-153-7415|20191106|Support
399|Maryellen Katsos|324 Dario Av|Gilmer|75644|TX|USA|maryellenkatsos47@example.gov|207.901.8360|20110306|Support
403|Aurea M Loconte|759 De La Guerra|Prospect|38477|TN|USA|aureamloconte@example.com|615.327.5812|20180730|Support
414|Cherise D Toigo|387 Race St|Waltham|2453|MA|USA|toigo.cherise@example.org|938.958.8622|20130707|Support
445|Shanda E Pendygraft|2453 Alejandro Dr|Bowmanstown|18030|PA|USA|shanda-pendygraft@example.org|620-354-1984|20131110|Support
446|Stephania K Purkhiser|634 Nugget Dr|Monahans|79756|TX|USA|stephania.purkhiser@example.com|475.428.5495,608-353-6553|20180312|Support
453|Brandi A Ledin|2613 Bronte Ln|Fairmont|73736|OK|USA|brandialedin@example.co.uk|785.746.2055,539-178-3728,3378664501|20140921|Support
454|Richie Howlin|571 Luzon Dr|Reklaw|75784|TX|USA|richiehowlin@example.co.uk|939-639-4404,5717306530,832.184.6615|20111016|Support
457|Shizuko T Forbeck|1077 Artine Dr|Buffalo|55313|MN|USA|shizukotforbeck@example.com|320.874.6108,651.219.1089|20150130|Support
467|Kathline N Kober|1959 Via Maduro|Scottdale|15683|PA|USA|kathline.kober@example.com|603.802.2607|20111221|Support
477|Lourdes P Teschke|712 Highland Ct|New Orleans|70141|LA|USA|lourdespteschke@example.co.uk|504.035.1620|20120712|Support
481|Nakita C Olais|282 Barbacoa Dr|Balsam|28707|NC|USA|nakita-olais@example.co.uk|256-033-0047|20200125|Support
485|Vanesa Santillano|808 Bakerton Av|Westphalia|66093|KS|USA|santillanovanesa@example.org|7855370270,620.778.0567|20100131|Support
491|Tammera L Knull|732 Sienna Ridge Row|Bar Harbor|4609|ME|USA|knull_tammera@example.org|207.992.0746|20170610|Support
509|Andera S Barin|1233 Roosevelt Av|Brevig Mission|99785|AK|USA|barin_andera@example.org|307-353-4750|20190406|Support
515|Chet G Altepeter|574 Santa Clara Truck Trl|Portland|97283|OR|USA|chetgaltepeter@example.co.uk|505-343-3494|20110423|Support
516|Rayford N Glinton|217 The Old Road|Brooklet|30415|GA|USA|glintonrayford@example.co.uk|2077850247|20160414|Support
518|Sammie H Sangani|47 Bridgeview Ln|La Plata|20646|MD|USA|sangani-sammie@example.co.uk|207-655-1230|20150223|Support
519|Johnie G Sorina|197 Festividad Dr|Nauvoo|35578|AL|USA|sorina_johnie@example.co.uk|3341719397|20121223|Support
521|Lee Gaiters|418 Calle Brillante|Wiscasset|4578|ME|USA|leegaiters@example.org|+1-207-811-3167|20140320|Support
531|Tiffiny W Montoni|639 Christopher Ln|Browntown|53522|WI|USA|montoni_tiffiny@example.co.uk|+1-608-404-1116,8042498399|20181011|Support
539|Josefine I Delvaux|896 Santa Catarina Rd|Chillicothe|79225|TX|USA|josefineidelvaux@example.com|360-917-7808|20140516|Support
548|Nickole O Barklow|133 Trumpet Dr|Coaldale|81222|CO|USA|barklow-nickole@example.gov|6054732391|20170227|Support
561|Laurence F Maiocco|2335 Startree Ln|Haverhill|1832|MA|USA|maiocco_laurence@example.org|339-941-6197|20160723|Support
562|Dewayne B Welsby|140 Bella Ct|Kiamesha Lake|12751|NY|USA|dewaynebwelsby@example.gov|5852207587|20160512|Support
574|Ulrike Bonard|1553 Palacete Dr|Fresno|93710|CA|USA|ulrike_bonard@example.com|6577818468,716.895.1924,9597582832|20160517|Support
579|Reiko T Nosbisch|396 Bronte Ln|Rutledge|37861|TN|USA|nosbisch.reiko@example.co.uk|901.298.6104|20110805|Support
582|Ethelene X Benny|1788 Altos Dr|De Kalb|75559|TX|USA|bennyethelene@example.co.uk|432-813-6679|20160424|Support
593|Leland S Welker|734 Rio Clara Dr|Hershey|69143|NE|USA|ziffq@example.co.uk|308-038-4882|20140816|Support
595|Shonda Morriston|761 Firebrand Dr|Troy|38260|TN|USA|morristonshonda@example.co.uk|865-806-9812|20110912|Support
608|Lesha B Dohle|1940 Bracken Ln|Reno|16343|PA|USA|leshadohle@example.org|5598810685|20130129|Support
615|Novella Q Spates|798 Saffron Ln|South International Falls|56679|MN|USA|novella_spates@example.com|612.260.3970,360-750-0385|20130512|Support
617|Bruce P Kauser|638 Emerald Dove Dr|Waco|76708|TX|USA|brucepkauser@example.co.uk|281.456.4526|20190919|Support
620|Paulette W Arenales|476 Gaucho Ct|Deer Island|97054|OR|USA|paulettewarenales@example.com|5412302041,860.656.1607|20151025|Support
625|Heike L Stockstill|927 Chatfield Wy|Sparta|22552|VA|USA|heikestockstill@example.co.uk|703-588-2794|20140621|Support
627|Fairy J Tassey|1797 Bluestone Pl|Viola|67149|KS|USA|fairyjtassey@example.org|380-565-4653,913-932-0952|20110430|Support
633|Adriana B Marilla|431 Dairy Rd|Los Angeles|90020|CA|USA|adriana-marilla90@example.co.uk|5103470330,801.931.1737|20110615|Support
640|Cheyenne D Cervelli|1257 Burroughs Pl|Tohatchi|87325|NM|USA|cheyenne-cervelli@example.co.uk|3036297919,6064134801|20120603|Support
655|Denver O Boerman|61 Fairlain Dr|Stapleton|30823|GA|USA|denver.boerman@example.com|4350594501|20190211|Support
663|Eugenio Hereford|416 Cunningham Dr|Camden|8103|NJ|USA|herefordeugenio@example.org|201-441-2642,802-921-5959,848.291.7612|20100718|Support
675|Avelina P Punjani|215 Nasturtium Dr|Baton Rouge|70892|LA|USA|avelinappunjani@example.gov|3188030270|20180520|Support
680|Jerri Charleson|2274 Indian Wells Cr|Anahuac|77514|TX|USA|jerricharleson@example.gov|409.947.5372|20131015|Support
683|Adam W Zelin|851 Michael Crest Dr|North Chelmsford|1863|MA|USA|adamwzelin@example.gov|7742470885|20150422|Support
692|Breana G Walson|2096 Towsley Cyn Rd|Johannesburg|93528|CA|USA|breana.walson@example.org|7817271591|20190713|Support
699|Emily V Petrocco|771 Via Ott|Kingsbury|46345|IN|USA|petroccoemily@example.gov|930.520.1407|20110421|Support
717|Ignacia Kornstein|204 Foxlane Dr|Champaign|61820|IL|USA|ignaciakornstein@example.com|630.895.4022,331.566.2068|20150111|Support
718|Eleonora T Rulz|705 Westinghouse Pl|Grant|35747|AL|USA|rulz.eleonora@example.org|938.506.3448|20120411|Support
728|Sandi A Rolnik|1131 Via Calisero|Anniston|63820|MO|USA|sandi-rolnik94@example.com|340.509.9430|20191130|Support
729|Oscar Hoerl|277 Brook Ct|Pineland|33945|FL|USA|oscarhoerl11@example.co.uk|4070211060,772.823.7735,678.062.5776|20160625|Support
735|Zandra Sheneman|785 Miguel Ct|Sandusky|44871|OH|USA|shenemanzandra@example.org|3302783178|20100705|Support
738|Altha H Karlson|510 Discovery Ridge Dr|Waco|28169|NC|USA|althakarlson@example.gov|252-076-9033,857.799.0231|20101008|Support
739|Antonio H Sibilia|131 High Noon Wy|Chicopee|1021|MA|USA|antonio.sibilia@example.gov|4060501090|20120711|Support
743|Ron Lonie|1403 Franks Wy|Cherokee|73728|OK|USA|lonieron@example.com|8647690051|20110523|Support
748|Franchesca S Gale|381 Beechwillow St|Green Lane|18054|PA|USA|franchesca.gale@example.com|475.269.7811,215.330.7247|20190926|Support
751|Ardell Q Mattle|1661 Lost Springs Rd|Helmville|59843|MT|USA|ardellqmattle@example.com|4067099440|20160504|Support
752|Luz S Beezhold|1112 Alamota Dr|Blenker|54415|WI|USA|luzsbeezhold@example.org|856.836.5540|20120314|Support
756|Taina C Awana|414 Spyglass Ln|Loma Linda|92354|CA|USA|awana-taina@example.com|303.664.3093|20181118|Support
759|Shannan Z Hribar|465 Silverado|El Paso|79901|TX|USA|shannanzhribar@example.org|915.518.9820|20180702|Support
761|Lillia Oung|608 Valley View Wy|Pasadena|77508|TX|USA|lilliaoung@example.org|970.719.9041|20190621|Support
765|Asuncion J Steidinger|128 Blanca Wy|Dunlow|25511|WV|USA|asuncionsteidinger@example.gov|8166095215|20140522|Support
775|Pasquale T Troescher|1030 Oak Spring Cyn Rd|Modoc|29838|SC|USA|pasquale-troescher@example.gov|8432112407|20131111|Support
779|Florentino I Morisse|599 Marilyn Dr|Bridgeton|63044|MO|USA|morisse_florentino@example.com|314.348.2819,6363472242|20160820|Support
797|Gudrun P Edney|189 Loudon Ct|Chicago Park|95712|CA|USA|gudrunpedney@example.co.uk|760-302-0798,5636991871|20120426|Support
801|Shay Schmierer|164 Fourl Rd|Cleveland|44194|OH|USA|schmierer-shay@example.com|6209071620,+14757400347|20110802|Support
805|Ayako O Gart|2055 Hogan Dr|Petaluma|94953|CA|USA|gart_ayako@example.co.uk|213.953.0515|20100601|Support
813|Quintin A Zhou|374 Charley Cyn Rd|Bethel|4217|ME|USA|quintin.zhou@example.co.uk|684.093.2108|20160203|Support
832|Fernande Grandpierre|1356 Cloverleaf Pl|Armstrong|50514|IA|USA|fernande_grandpierre@example.gov|5634570360|20130325|Support
845|Adrian X Jasch|41 Mill Valley Rd|Newnan|30263|GA|USA|jasch_adrian@example.gov|5744082163|20171128|Support
846|Marion Z Legrant|1125 Blue Ridge Wy|Prescott Valley|86314|AZ|USA|legrantmarion@example.com|6236848849,671-917-2037|20171014|Support
863|Darcey J Shales|335 Largo Rd|Piedmont|73078|OK|USA|darceyjshales@example.org|918.749.2201|20110926|Support
865|Edmundo O Crise|1328 Cr Of The Oaks|Calvin|26660|WV|USA|edmundo.crise@example.com|574-569-9522|20130730|Support
866|Delmy F Sabur|1553 Honeycomb Dr|Coaldale|18218|PA|USA|delmyfsabur@example.co.uk|412-841-6806|20100108|Support
868|Janie L Granite|346 Arch St|Scarville|50473|IA|USA|janielgranite@example.gov|5151295095|20100914|Support
879|Misti Barisano|58 Colorado Pl|Lewiston Woodville|27849|NC|USA|mistibarisano@example.org|828.032.5258,252.029.8118|20121006|Support
882|Joane U Feasby|586 Sunshine Cyn Motor Wy|Delavan|53115|WI|USA|joane-feasby@example.org|505-893-0453|20180430|Support
888|Dusty H Bensfield|889 Cedar Valley Wy|Merritt|49667|MI|USA|dustybensfield@example.gov|406.719.3475,810-732-1375,810.487.9405|20120122|Support
889|Violette Carmony|941 Rockwell Cyn Rd|Pawhuska|74056|OK|USA|violette_carmony@example.com|239-102-0684,580.044.8358|20181116|Support
891|Adam Heubach|1244 Barnacle Ln|Bangor|4402|ME|USA|adamheubach@example.co.uk|228.526.1385|20101118|Support
896|Mariel U Kuharski|939 Lady Linda Ln|Corpus Christi|78418|TX|USA|kuharskimariel@example.gov|8023246990|20120106|Support
903|Ardelia P Khau|224 Noble Fir Ct|Stone Ridge|12484|NY|USA|khauardelia@example.org|9341580296|20131020|Support
904|Clementine V Chandran|234 Meadview Av|Avondale Estates|30002|GA|USA|clementine.chandran@example.com|4784393424|20120517|Support
918|Camelia V Valrie|1501 Cardwick Ct|Omaha|68183|NE|USA|camelia-valrie@example.org|7859037637,307-339-0791|20190927|Support
934|Roseanne B Wylder|631 Kenroy Av|Highmount|12441|NY|USA|roseanne-wylder@example.org|212-763-7611,202-973-9199,307-248-7428|20160306|Support
940|Bobbi P Leconte|1744 9th St|Palestine|75801|TX|USA|lecontebobbi38@example.co.uk|806.040.0723|20150518|Support
991|Fletcher B Visceglia|1343 Lorikeet Ln|Verdon|68457|NE|USA|fletcher.visceglia@example.com|435.808.0976|20110130|Support
992|Olinda D Bohart|101 Valley Point Ln|Punta Gorda|33951|FL|USA|olindadbohart@example.com|515-940-4305,9843870135,772-118-9765|20190418|Support
993|Tegan G Wiedenfeld|246 Degas Ln|Addison|4606|ME|USA|wiedenfeld_tegan@example.gov|351-932-3585,207-523-2525|20120526|Support
995|Jamika A Waliczek|1135 Val Verde Rd|Mount Solon|22843|VA|USA|jamikaawaliczek@example.gov|5806025856,276.650.9438|20161206|Support
996|Mercy Seehausen|426 Brighton Ln|Chitina|99566|AK|USA|mercyseehausen@example.com|870.312.6270,907.465.5335|20110402|Support
1000|Noel T Bonan|1581 Haleakala|Cazenovia|13035|NY|USA|noel.bonan@example.co.uk|617.259.5262|20190301|Support
1001|Bernardo F Schweikart|508 Blue Ridge Wy|West Covina|91791|CA|USA|bernardofschweikart@example.org|6190182098|20190818|Support
1002|Wilson J Brause|553 Rolla Rd|Bryantsville|40410|KY|USA|wilson_brause@example.com|5634030552|20121229|Support
1003|Pearline Tutton|53 Montura Dr|Mount Pleasant|75455|TX|USA|tutton_pearline81@example.gov|+1.346.167.7481,830.632.1397|20131105|Support
1013|Rudy I Caddigan|1179 Capistrano Ct|Gladstone|49837|MI|USA|rudyicaddigan@example.com|947.763.9989|20190309|Support
1018|Olive M Vlcek|763 Luzon Dr|Copeland|34137|FL|USA|vlcek-olive@example.com|2394592455|20160724|Support
1020|Alayna Moland|569 Gaff Ct|Rockford|49351|MI|USA|moland_alayna@example.com|2023914494|20151105|Support
1031|Melania W Klebe|1890 Arch St|Northvale|7647|NJ|USA|klebe_melania@example.com|2289622900|20170117|Support
1037|Heide J Vecchioni|366 Appalachian Dr|Woodland|60974|IL|USA|heidejvecchioni@example.org|7704065786|20160323|Support
1054|Aiko I Tsuruta|584 Goldcrest Dr|Washington|20330|DC|USA|aiko_tsuruta@example.com|228.678.3089|20110726|Support
1055|Danial Pannucci|589 Gaucho Ct|Seaforth|56287|MN|USA|danial.pannucci@example.org|501.167.9568|20130207|Support
1060|Alina A Nayman|870 Shirley Ln|Saint Helena|94574|CA|USA|alinaanayman@example.co.uk|3401491967,310.715.1839,6572866109|20110713|Support
1061|Trey S Wadkins|612 Chaz Ct|Leisenring|15455|PA|USA|treyswadkins@example.org|484.961.5619|20190627|Support
1063|Jonah G Dinicola|534 Via Kannela|Austin|78721|TX|USA|jonahgdinicola@example.org|325-841-4795|20180930|Support
1070|Brigitte Wolbach|201 Willow Ct|Levasy|64066|MO|USA|brigittewolbach@example.org|984-412-9031|20180717|Support
1085|Regan G Stecklein|450 Wood Dale Ct|Durand|48429|MI|USA|steckleinregan93@example.org|8088266456|20190109|Support
1086|Annita D Madyun|1521 Balsa Ct|Montpelier|5603|VT|USA|annita.madyun@example.gov|+1-702-044-9697,860-080-2596,603-100-1641|20191231|Support
1096|Toccara F Swansiger|415 Marjoram Ct|Newport News|23607|VA|USA|toccaraswansiger@example.org|684-628-2777|20120827|Support
1109|Alayna B Noegel|294 Onyx Ln|Kenvir|40847|KY|USA|alaynanoegel@example.org|606.123.8743|20141113|Support
1128|Eusebio V Rodenkirch|502 Pantina|Bush|70431|LA|USA|rodenkirch-eusebio@example.com|475-445-4611|20190711|Support
1129|Merle K Antonitis|724 Brookside Dr|Lake Fork|62541|IL|USA|merlekantonitis@example.org|3097652593,509.842.0652,309.730.5616|20170120|Support
1135|Gita V Hokes|834 Kyra Ct|Gulston|40830|KY|USA|hokesgita@example.org|843-282-3182|20120719|Support
1138|Geraldo T Bannert|2507 Silverado|Pecks Mill|25547|WV|USA|bannert-geraldo@example.com|773-044-0219,681-884-0631|20200104|Support
1140|Demarcus H Krieter|132 West Hills Dr|Fort Apache|85926|AZ|USA|demarcus-krieter@example.com|480-666-6885,+1-804-982-0059|20150429|Support
1148|Ami B Poynter|41 Drayton St|Oil City|71061|LA|USA|amibpoynter@example.co.uk|985-373-6924|20100929|Support
1149|Ying Adriano|1314 Seco Cyn Rd|Petersburg|26847|WV|USA|adriano-ying@example.co.uk|304-307-7544|20140508|Support
1155|Loriann L Gustman|279 Greensbrier Dr|Beaufort|29901|SC|USA|loriannlgustman@example.org|614-142-1332,843.846.9510|20150325|Support
1168|Sherrell T Disen|575 Mist Ct|Alpha|61413|IL|USA|sherrell_disen@example.com|657-842-0561|20160324|Support
1171|Rhonda J Aumiller|1106 Glen Cyn Pl|Poplar|59255|MT|USA|rhondajaumiller@example.co.uk|406.728.7128|20140426|Support
1172|Vashti J Dowty|152 Verdale Av|Mount Ulla|28125|NC|USA|dowty-vashti@example.org|203-138-0331|20100515|Support
1174|Bryanna K Dismukes|1129 Scallion Dr|Christiana|37037|TN|USA|dismukes-bryanna30@example.org|3037566250|20110131|Support
1181|Bonny X Saunders|82 Presidio|Lostine|97857|OR|USA|bonnyxsaunders@example.gov|907.884.0458,3326965293,4430170617|20180813|Support
1184|Tereasa Duranleau|228 Timber Branch Pl|Roanoke|24045|VA|USA|tereasa-duranleau19@example.org|806-725-7453|20100425|Support
1192|John K Mark|342 El Dorado Ct|Elk River|55330|MN|USA|johnkmark@example.co.uk|814-661-7067,651.241.4195|20150414|Support
1209|Joesph J Osnato|1179 Circle G Dr|Tampa|33689|FL|USA|joesph.osnato@example.org|385-051-9969|20140407|Support
1218|Chas E Lescano|957 Walt Ct|Gatesville|76597|TX|USA|lescano-chas@example.com|210-275-7359|20100622|Support
1234|Esteban B Thayer|1263 Glen Cyn Pl|Dinuba|93618|CA|USA|estebanbthayer55@example.co.uk|909-092-6833|20141114|Support
1236|Willie T Cancel|6 Galbreth Ct|Atkinson|28421|NC|USA|willietcancel@example.co.uk|336-766-9779|20121108|Support
1239|Stacie P Pearman|107 Woodlands Dr|Shiloh|31826|GA|USA|pearman_stacie59@example.org|308.330.5690|20171121|Support
1241|Clelia D Autenrieth|280 Lewis Wy|Belton|76513|TX|USA|cleliadautenrieth@example.org|571-871-9514,469.337.5751|20100619|Support
1252|Wai K Renzoni|1799 Blue Spruce Pl|Sioux Falls|57105|SD|USA|renzoni.wai@example.gov|7179320313,8087253797|20100916|Support
1260|Bernadine P Raineri|1104 White Pine Wy|Blandford|1008|MA|USA|raineribernadine@example.com|5081941563|20190707|Support
1268|Tien M Chari|260 Red Rock Ct|Vancouver|98683|WA|USA|chari-tien@example.co.uk|253.759.4707,502-451-5935|20130617|Support
1293|Shaun S Heaverlo|815 Beverly Glen Ct|Brook|47922|IN|USA|shaun.heaverlo@example.co.uk|7192391445|20120606|Support
1297|Steven E Lobbins|380 Holt Av|Collins|44826|OH|USA|lobbins.steven@example.org|419.266.7480|20121217|Support
1301|Jenniffer M Legato|615 Sunny Creek Dr|Berwind|24815|WV|USA|jenniffermlegato@example.org|6819371903|20191219|Support
1305|Clay Ciske|150 Tampico Dr|Churubusco|46723|IN|USA|clayciske@example.org|317-328-3846|20121217|Support
1312|Kendall N Sheelar|1009 Silver St|Hagar Shores|49039|MI|USA|sheelar.kendall@example.com|231-138-0344|20120326|Support
1314|Trista Etrata|853 Sycamore Dr|Surprise|85387|AZ|USA|tristaetrata@example.com|602.499.3629|20100629|Support
1323|Carisa O Giberson|770 Gaines Wy|Bloomington|47405|IN|USA|carisaogiberson@example.co.uk|317-603-0747,5713766516|20131028|Support
1335|Margaretta Y Donlon|1830 Hearthside Ct|Homosassa Springs|34447|FL|USA|donlon_margaretta@example.co.uk|239.441.4829|20121105|Support
1337|Guadalupe P Almager|591 Crawford Pl|Livermore Falls|4254|ME|USA|guadalupepalmager82@example.com|207.490.2149,6627037444|20100424|Support
1338|Roy I Deitch|680 Santa Susana Dr|Minneapolis|55485|MN|USA|deitch_roy@example.com|612.001.0766|20140824|Support
1344|Lashandra G Peery|757 Sundance Ln|Connelly|12417|NY|USA|lashandra_peery@example.co.uk|3328888704,703-893-4941,315.744.0527|20190731|Support
1366|Juan M Bisson|224 Hidaway Av|Lanark Village|32323|FL|USA|juan-bisson@example.com|732-882-3466|20110323|Support
1370|Jacquiline E Mendy|1291 Brady Pkwy|Hawthorne|89415|NV|USA|jacquilineemendy@example.gov|701.158.1638,419-036-9544,7753260344|20100805|Support
1372|Pamula M Walinski|1558 Bluestone Pl|Virginia City|89440|NV|USA|walinski_pamula@example.com|617.951.2762|20120109|Support
1377|Fabiola Fanner|967 Cerro Verde Av|Amarillo|79103|TX|USA|fabiolafanner@example.co.uk|254-183-2183|20120724|Support
1390|Lianne W Kassouf|2104 Flowering Oak Pl|San Francisco|94123|CA|USA|kassouf-lianne@example.gov|505.720.8205|20140916|Support
1404|Heike R Grello|909 Marshall Wy|Lonoke|72086|AR|USA|heike-grello@example.org|4061656638|20190924|Support
1406|Tamara Z Seideman|421 Tide Dr|Afton|55001|MN|USA|tamarazseideman@example.com|575-522-7875,6120552538|20120202|Support
1408|Vern P Dereza|647 Chestnut St|Galveston|77554|TX|USA|verndereza@example.co.uk|671.485.6027|20150227|Support
1410|Jame S Hacken|489 Vista Hills Dr|Los Angeles|90071|CA|USA|hacken_jame@example.co.uk|507-084-1649|20121021|Support
1414|Cinderella M Langen|78 Via Ramon|Colorado Springs|80940|CO|USA|cinderellamlangen@example.com|8645139445|20160229|Support
1419|Len Swimmer|123 Tourelle Pl|Merrill|48637|MI|USA|lenswimmer@example.co.uk|734-568-1236,269-008-1005|20190907|Support
1423|Deidre W Ohlms|1303 Silverstone Ln|Sherwood|97140|OR|USA|deidre_ohlms@example.com|971-978-9694,5319405085,+1-971-826-2245|20100512|Support
1432|Jeramy Geare|766 Jenny Ct|Ravena|12143|NY|USA|jeramygeare@example.com|585-162-0092|20161230|Support
1434|Claudia D Reynosa|196 Sierra Oak Trl|Woodsboro|78393|TX|USA|reynosaclaudia@example.gov|208-823-4464,936.962.3206|20150616|Support
1438|Shemeka Z Gardin|897 Jetty Ln|French Gulch|96033|CA|USA|gardin-shemeka@example.co.uk|907-873-0426|20110828|Support
1440|Illa E Mobarak|99 Manor Cr|Peerless|59253|MT|USA|illaemobarak@example.com|559.880.1264|20190103|Support
1441|Demetra J Lacson|820 Morning Star Wy|Salt Lake City|84184|UT|USA|lacsondemetra@example.gov|803.896.3930|20130924|Support
1442|Federico S Mcduffy|1138 Via Dolarita|Lakeland|33802|FL|USA|federicosmcduffy@example.org|407-153-4281|20110405|Support
1445|Robbi T Terpenning|1402 Eaglehelm Dr|Lake City|29560|SC|USA|terpenning-robbi@example.com|605.659.5617,864-113-1789|20190110|Support
1451|Carmelia V Hapney|408 Via Cruz|Birmingham|35221|AL|USA|hapney.carmelia@example.co.uk|205-395-0024|20150906|Support
1456|Susy Gorris|881 Vista Del Rio|Spruce|48762|MI|USA|gorris.susy@example.org|307.147.2981|20180706|Support
1459|Carolee E Klever|676 Southwind Ct|Camden|38320|TN|USA|caroleeeklever45@example.gov|6154278208|20130109|Support
1464|Lea Roblee|441 Beale Ct|Walkertown|27051|NC|USA|learoblee@example.com|684-672-9063|20101221|Support
1478|Sid A Uhrich|1003 Cashmere Pl|Charlotte|28216|NC|USA|uhrich_sid@example.co.uk|7016901784,336-966-1347,5025932274|20160121|Support
1489|Lori Q Mottaz|957 Rosa Ln|Plantsville|6479|CT|USA|mottazlori@example.co.uk|8607377353,2033926369|20140226|Support
1501|Leonia S Agus|1557 Oak Pluma Ct|Kealakekua|96750|HI|USA|agus_leonia@example.co.uk|6840514837|20160912|Support
1503|Hildegard S Rashkin|715 Tahoe Ct|Abell|20606|MD|USA|hildegard-rashkin@example.org|504-449-6523|20190626|Support
1507|Katheleen E Eding|1659 Hilo Ct|Garcia|81134|CO|USA|katheleen-eding@example.org|720-969-3068|20121031|Support
1511|Keith I Delaplaine|91 Viejo Ct|Waterloo|50702|IA|USA|delaplaine_keith@example.co.uk|641.377.6947|20101201|Support
1516|Ilene E Soga|1077 Lanfranca Dr|Fraser|80442|CO|USA|ileneesoga@example.co.uk|9392428320|20110610|Support
1518|Kathleen Riego|218 De Quincy Pl|Plainfield|3781|NH|USA|riego_kathleen@example.gov|6815866577,6033064839,+1.603.814.4609|20120505|Support
1521|Irina D Tarantini|47 Yosemite Pl|Lakeland|33810|FL|USA|irinatarantini@example.gov|561-650-7734|20160828|Support
1524|Cortez A Avant|143 Canterbury Ct|Witmer|17585|PA|USA|avant.cortez@example.com|304.713.1803|20120807|Support
1528|Muoi Y Portobanco|1114 Ashby Ct|Tarpon Springs|34688|FL|USA|muoi_portobanco@example.gov|8636174809|20140219|Support
1531|Kera F Walke|559 San Ysidro Av|Sutherlin|24594|VA|USA|kerawalke@example.org|571-738-7273|20140803|Support
1536|Pearly F Dorne|216 Greenleaf Ct|Louisville|40285|KY|USA|pearlyfdorne@example.org|7209138037|20121104|Support
1543|Lashanda Z Donnay|2668 Cherokee Cyn Ln|Camden|29020|SC|USA|lashandazdonnay@example.com|2088162771|20161216|Support
1548|Mirella I Kloock|111 Hacienda Ranch Ct|Hyner|17738|PA|USA|mirellaikloock@example.com|7249635811|20190111|Support
1552|Keli U Kurns|1767 Amor Walk|Oxford|38655|MS|USA|keliukurns@example.com|6706653208|20180220|Support
1571|Tressa B Gasowski|810 Thackery Ln|Alva|73717|OK|USA|gasowskitressa@example.com|539-611-3598|20140312|Support
1578|Alona Y Ellenbecker|1361 Crown Heights Ct|Dallas|75326|TX|USA|alona_ellenbecker@example.co.uk|907.608.2935,806-762-7293|20181230|Support
1580|Lucina M Quiring|471 Maitland Ln|Tescott|67484|KS|USA|lucinamquiring@example.gov|304-074-8545|20150917|Support
1583|Clara Theodoropoulos|601 Kimbrough St|Airville|17302|PA|USA|claratheodoropoulos@example.co.uk|401.518.4317|20130303|Support
1586|Lakeesha Samler|1474 Adamsboro Dr|Fairview|84629|UT|USA|lakeesha.samler@example.org|6066005988|20180724|Support
1591|Lore R Germond|1506 Carland Dr|Ashland|12407|NY|USA|germond-lore@example.org|607-349-4588,917.653.4067,314.040.5121|20181024|Support
1593|Arlean Q Willoughby|1149 Sand Wedge Ln|Minneapolis|55439|MN|USA|arleanqwilloughby@example.co.uk|763-064-5587|20170117|Support
1594|Erich N Tast|542 Reade Pl|Niles|60714|IL|USA|tast.erich@example.com|3097955127|20131008|Support
1597|Dann Uzun|1525 Coltrane Av|Annandale|8801|NJ|USA|dann.uzun@example.gov|534-619-0739|20130210|Support
1610|Bao K Oppedal|137 Baker Pl|Yorkville|60560|IL|USA|oppedal.bao@example.org|217.381.8666,661.072.1957,217-130-9035|20100813|Support
1624|Xuan S Kanzaki|891 John Russell Dr|Colfax|61728|IL|USA|kanzakixuan@example.gov|681-566-2270|20150212|Support
1634|Faustina W Lynds|304 Lost Springs Rd|Avoca|14809|NY|USA|faustina-lynds@example.com|6260227049,+1.680.211.3789,781.684.4342|20150720|Support
1651|Rocco B Diederichs|383 Lone Rock Ct|West Stewartstown|3597|NH|USA|rocco-diederichs@example.org|2511899450,7635275251|20161013|Support
1653|Alejandrina S Abdelhamid|450 Zimmerman Pl|Montesano|98563|WA|USA|abdelhamid_alejandrina@example.com|5092498152|20110314|Support
1662|Tiara Chaffer|187 Barbacoa Pl|Stockton|95215|CA|USA|chaffertiara@example.org|4153878356|20141007|Support
1664|Zonia Keitges|2523 Ricki Ct|Elburn|60119|IL|USA|keitges-zonia@example.gov|808.445.1076,6095040087|20100511|Support
1666|Song O Adsitt|513 Camp View Dr|Effingham|62401|IL|USA|songoadsitt@example.com|2248608800|20110717|Support
1689|Leslee I Delvaux|1958 Ermine St|Monroe|50170|IA|USA|delvaux_leslee@example.com|6415614213,508.530.2713,435-306-5669|20120303|Support
1691|Enoch G Gede|613 Valley Cyn Rd|Wallace|28466|NC|USA|enoch-gede@example.org|336-828-5895,704-486-9653,984-026-3276|20131010|Support
1697|Sharice B Aspelund|519 Altamonte Av|Muscle Shoals|35662|AL|USA|sharicebaspelund@example.com|671-419-7498|20151008|Support
1699|Concepcion I Delara|1127 Old Adobe Ln|Houston|77060|TX|USA|delara.concepcion@example.com|2080929407|20140709|Support
1700|Jayme Nuest|3158 Morningside Dr|Brewster|98812|WA|USA|jaymenuest@example.org|425.866.9726|20181108|Support
1713|Harley N Gramps|9 Paseo De Castaic|Brooklyn|11235|NY|USA|harley_gramps@example.com|929-746-6244|20120926|Support
1715|Kari D Orifice|308 Garfield St|Hilliards|16040|PA|USA|karidorifice@example.org|214.598.5915|20150821|Support
1724|Gregorio Kalra|374 Burlwood Dr|Fulton|61252|IL|USA|gregorio_kalra@example.co.uk|309.962.3905|20101217|Support
1739|Karole Tapparo|1072 Fairweather St|Shreve|44676|OH|USA|karole-tapparo@example.com|270.765.2848|20101129|Support
1743|Albina C Kenaga|342 Canyon Oak Pl|Deadwood|97430|OR|USA|albina_kenaga@example.org|9382407649|20140411|Support
1744|Phil Z Mord|133 Waterway Ln|Gorin|63543|MO|USA|philzmord@example.com|6607698174|20170412|Support
1775|Jaimie O Pfaffle|1289 Sierra Sunrise Ln|Miami|33196|FL|USA|pfaffle_jaimie@example.com|8506410920|20100730|Support
1783|Belle C Arqueta|93 Towhee Ct|Goodrich|58444|ND|USA|bellecarqueta@example.gov|9289325285|20130924|Support
1793|Tia P Braet|722 Jasmine Ln|Walthourville|31333|GA|USA|tiapbraet@example.com|816-270-2748|20120308|Support
1794|Anderson E Ductan|137 Leong Ct|Kingston|64650|MO|USA|andersoneductan@example.com|2088987068|20180810|Support
1799|Doreatha H Cornelissen|115 Cedar Cyn Ct|Hinsdale|60522|IL|USA|doreatha.cornelissen@example.co.uk|3124180062|20150305|Support
1805|Wanita Skalet|1008 Lea Ct|Miami|33132|FL|USA|wanitaskalet@example.org|2286731471|20150924|Support
1815|Morgan K Perea|660 Espinoza Dr|Fisher|71426|LA|USA|perea_morgan@example.com|504-264-5115|20180725|Support
1821|Janita N Alvarado|1015 Hillfield Ln|Williams|95987|CA|USA|janita_alvarado@example.gov|0018782918639|20160915|Support
1825|Leandra W Fowlie|1569 Cuatro Milpas St|Lady Lake|32158|FL|USA|leandrafowlie@example.com|813-552-9960,9414281334|20140906|Support
1827|Chantelle K Hatzinger|152 Rio Reyes Ct|Port Clinton|43452|OH|USA|chantellekhatzinger@example.org|2078225790|20131116|Support
1837|Elidia N Skrdlant|84 Via Jardin|Rockingham|28379|NC|USA|elidianskrdlant@example.com|712-349-5320,6846856173,803-233-1724|20190830|Support
1848|Richie D Reagor|104 Fan Ct|Assumption|62510|IL|USA|richie_reagor@example.gov|984.814.9107|20130801|Support
1851|Margherita S Tinnon|412 Riverdale Pl|Reading|19612|PA|USA|tinnon-margherita@example.org|2151825672|20160110|Support
1858|Willy R Hakin|490 Leaf Spring Ct|Sterling Heights|48311|MI|USA|hakin_willy@example.com|5863457299|20141210|Support
1865|Asley D Guarente|31 Sag Harbor Ct|Shafer|55074|MN|USA|asleydguarente@example.co.uk|7019542399,218.210.1734|20140227|Support
1875|Rebbeca Z Hankison|603 Spencer Dr|Hudson Falls|12839|NY|USA|rebbecazhankison@example.com|212.414.9537|20181009|Support
1881|Anika V Akers|850 Nathan Hill Rd|Boyne City|49712|MI|USA|anika.akers@example.org|586-997-0916|20110821|Support
1894|Shavon I Zarbaugh|498 Rio Tajo Ct|Rogers|41365|KY|USA|shavonizarbaugh@example.com|364.989.2041|20140404|Support
1896|Jena B Hettmansperger|312 Kahoolawe|Junction City|43748|OH|USA|jena_hettmansperger@example.org|216-659-5845,603.118.8767|20170421|Support
1903|Tona N Rounkles|234 Avd Rancho Tesoro|Bustins Island|4013|ME|USA|rounkles_tona@example.co.uk|2070313923|20120904|Support
1904|Zandra P Barszcz|643 Walnut St|La Jose|15753|PA|USA|zandrabarszcz@example.co.uk|215-301-6703|20180318|Support
1907|Rolf J Zaverl|1005 Palacete Dr|West Tisbury|2575|MA|USA|zaverl_rolf@example.gov|9787547230|20121201|Support
1920|Narcisa L Schwall|1612 Hayes Ct|Huntington|25720|WV|USA|narcisalschwall@example.co.uk|5709429163,6708595183|20130911|Support
1928|Ava Locquiao|586 Whitman St|Andover|1812|MA|USA|ava-locquiao@example.org|217-535-8707|20110218|Support
1934|Dena S Shamaly|1926 Green Palms Wy|Dallas|75301|TX|USA|shamaly.dena29@example.com|701.944.6637|20170615|Support
1935|Alvera H Brandwein|569 Sirani Ct|New York|10123|NY|USA|brandwein-alvera@example.org|917.802.0534|20181215|Support
1936|Eun Y Sepesy|110 Arches Ln|Opheim|61468|IL|USA|sepesy_eun@example.co.uk|618-718-9190|20171117|Support
1949|Saran Masotto|901 Brandon Cr|Chesterfield|29709|SC|USA|saranmasotto@example.gov|854.504.2640|20140130|Support
1954|Danyelle Obenauf|541 Tamarino Wy|Encinal|78019|TX|USA|danyelleobenauf@example.com|207.872.5170|20170523|Support
1956|Albert M Davidson|26 Medley Ridge Dr|Mesquite|89024|NV|USA|davidson_albert@example.co.uk|7027574213|20181230|Support
1975|Kitty I Gomezdiaz|2258 Oakriver Ln|Evansville|53536|WI|USA|kitty.gomezdiaz@example.gov|715.181.5858,3074274802|20190320|Support
1984|Davida T Legal|307 Johnson Rd|Weston|2493|MA|USA|davida.legal@example.org|7690696257|20101109|Support
2012|Tomoko C Riggs|203 Gilmour Rd|Cordova|35550|AL|USA|tomoko.riggs19@example.org|2515923166,9388291767|20100516|Support
2020|Haley Z Glardon|380 Woodstock Av|Broadbent|97414|OR|USA|glardonhaley@example.org|541-434-9702,503-269-1979|20151115|Support
2035|Cristina Fabe|1108 Rose Cyn Ln|Havana|58043|ND|USA|cristinafabe@example.co.uk|802-268-7981|20150713|Support
2037|Lela D Echevaria|1243 Claibourne Ln|Walters|73572|OK|USA|lela_echevaria@example.com|586.667.1590|20160518|Support
2040|Bernardo O Eagen|989 Ranier St|Silverado|92676|CA|USA|bernardo-eagen@example.gov|617.468.7363,910-322-2112|20110319|Support
2053|Hae U Paulton|322 Kings Cyn Ln|Elmwood|2337|MA|USA|haeupaulton@example.org|+1-805-018-0830,340.166.9180|20140122|Support
2065|Francine B Misiti|767 Bonnie Wy|Newark|76071|TX|USA|francinebmisiti@example.gov|671-852-0684|20100527|Support
2068|Marge Zaffke|1281 Ashby Ct|South Barre|5670|VT|USA|margezaffke@example.org|9101402603|20180625|Support
2070|Hannah Gennard|1796 Via Candela|Inverness|34451|FL|USA|hannahgennard@example.gov|406-540-4479|20170720|Support
2073|Lucie E Woodring|171 Abelia Rd|Van Wert|45891|OH|USA|lucieewoodring@example.org|3042046468|20170723|Support
2092|Sherley Burdi|852 Cornerstone Wy|Gallaway|38036|TN|USA|sherleyburdi@example.com|629-616-3712|20130217|Support
2093|Leslee C Darago|895 Shadow Hills Ct|Paxton|69155|NE|USA|darago-leslee@example.gov|308-977-0903,+14430407057|20190620|Support
2100|Allen H Fun|463 Valley Oak Ct|Akeley|56433|MN|USA|funallen@example.gov|4064293760|20160810|Support
2104|Joellen E Ruehlen|619 Highfalls St|Bow|98246|WA|USA|joellen-ruehlen@example.com|360-608-6912,425.898.6866|20101010|Support
2107|Quinn Q Mckeighan|946 Baleria Ct|Delano|93216|CA|USA|quinn.mckeighan@example.co.uk|5102668929|20120203|Support
2114|Dortha O Dusza|884 Foxglove Pl|Bloomfield|6002|CT|USA|dorthaodusza@example.org|8609833705,830-664-2038|20160404|Support
2119|Natacha Q Belbeck|74 Jeniel Ct|Echo|84024|UT|USA|natacha_belbeck@example.co.uk|435-584-1300,8012599601|20180519|Support
2124|Araceli P Balingit|38 Falcon Crest Dr|Palisade|81526|CO|USA|araceli-balingit@example.gov|970-145-6711|20120519|Support
2140|Estrella Harbottle|646 Helios Ct|Wallace|57272|SD|USA|harbottle.estrella15@example.gov|605.041.8066|20140124|Support
2144|Benny L Mcginnes|256 Quail Valley Rd|Hometown|25109|WV|USA|mcginnes_benny@example.com|6818913631|20120206|Support
2153|Charmaine T Pattyn|999 Diablo Pl|Detroit|48258|MI|USA|charmainetpattyn@example.co.uk|9065582346|20160514|Support
2157|Gayle N Dyle|393 Waterside Ct|Lexington|40512|KY|USA|gayle.dyle@example.com|563.939.9490|20130417|Support
2166|Ivelisse R Lusco|989 Mendenhall Truck Trl|Beardstown|62618|IL|USA|lusco.ivelisse@example.co.uk|808-772-7340,8727249526|20131228|Support
2171|Charles Corbus|361 Decoro Rd|Flatwoods|71427|LA|USA|charlescorbus@example.com|941.897.8014|20150518|Support
2172|Chang I Stolhand|703 Wolcott Wy|Bergman|72615|AR|USA|stolhandchang@example.gov|870.624.7515|20100220|Support
2190|Dallas R Nessman|35 Marques Dr|Cabazon|92230|CA|USA|nessmandallas@example.org|801.242.8967|20140419|Support
2195|Lanny H Pody|754 Basel St|Coldiron|40819|KY|USA|lannyhpody@example.co.uk|603-488-1819|20120827|Support
2199|Lisette D Tesauro|553 Eagles Crest Ct|Montpelier|83254|ID|USA|lisette_tesauro@example.com|208-215-8413|20140727|Support
2217|Demetrius W Aldave|1014 Festividad Dr|Newport News|23602|VA|USA|demetriuswaldave@example.gov|719.628.3898|20150616|Support
2225|Margarette Burnet|845 Klamath Ct|Lake View|51450|IA|USA|burnet.margarette@example.co.uk|563-052-0198,720.739.1350|20141011|Support
2226|Shakita Demore|767 Dorothy St|San Joaquin|93660|CA|USA|shakitademore@example.gov|402.609.4365|20101119|Support
2242|Rubi I Schnack|181 Hayfork Rd|Lowell|45744|OH|USA|rubiischnack@example.org|224.937.5103|20180508|Support
2254|Rodrick O Markwalter|998 Vicci St|Woodland|16881|PA|USA|markwalter-rodrick@example.com|+15700300392|20150521|Support
2264|Chu Vissering|791 Mallow Ct|Ralph|35480|AL|USA|chu-vissering@example.org|938-340-1482,334.370.7620|20160624|Support
2274|Craig F Shires|254 Owen Ct|Sarah Ann|25644|WV|USA|shirescraig@example.org|681.643.9419,3046003645|20191028|Support
2287|Latisha J Liljeberg|833 Devonshire Ct|Mc Lean|61754|IL|USA|latishaliljeberg@example.gov|802-963-3318|20140804|Support
2290|Tiffaney F Paschel|132 Azurite Pl|Lynxville|54640|WI|USA|tiffaneyfpaschel29@example.gov|534.815.1012|20160128|Support
2311|Arletha S Ferraraccio|999 Marquis Ct|Lansing|48913|MI|USA|ferraraccio_arletha@example.gov|3133412929|20120423|Support
2321|Willie P Polvino|324 Brookside Dr|Sedalia|43151|OH|USA|willieppolvino51@example.com|857-669-0628,440.826.2827|20130321|Support
2324|Henriette O Aly|2154 Fern Ridge Ct|Littleport|52055|IA|USA|aly.henriette@example.gov|207.207.0674|20100413|Support
2329|Cortney C Heiderscheit|426 Denise Ln|New Haven|6501|CT|USA|heiderscheit-cortney@example.com|475-982-1964|20110202|Support
2354|Seymour Arning|1838 Sycamore Dr|San Luis Obispo|93405|CA|USA|arning_seymour@example.org|7016530803|20160216|Support
2357|Lucila Delery|329 Pioneer Hill Ct|Houston|77062|TX|USA|lucila.delery@example.org|430.896.8684|20110901|Support
2363|Brittni Melson|584 Mirasol St|La Joya|87028|NM|USA|brittnimelson74@example.gov|5754182781|20100526|Support
2367|Mara X Morgenthal|754 Wakefield Ct|Garland City|71839|AR|USA|morgenthal.mara@example.gov|8703983024|20180723|Support
2383|Sunday H Reingold|576 Flying Tiger Dr|Charleston AFB|29404|SC|USA|reingoldsunday72@example.org|8038826349|20120806|Support
2387|Abbey Argento|1320 Newhall Ranch Rd|Bear River City|84301|UT|USA|abbey.argento@example.com|385.652.4157|20100823|Support
2401|Lavern F Spenard|105 Cedarcreek St|Lamar|72846|AR|USA|lavernfspenard@example.org|479-655-5365,8707639666|20151121|Support
2456|Arnold Q Maritt|1476 Bryce Dr|Berkley|48072|MI|USA|arnoldqmaritt@example.org|8105126010|20120620|Support
2496|Tony N Sargo|1572 Twin Oaks Pl|Citra|32113|FL|USA|sargo-tony@example.gov|863-432-0324|20161206|Support
2505|Corey Q Huttinger|1206 Vista Fairways Dr|Garwin|50632|IA|USA|coreyqhuttinger@example.co.uk|531.257.5039|20100701|Support
2506|Jannette Kambic|1880 Chisholm Pl|Tye|79563|TX|USA|kambic_jannette78@example.gov|312.757.2514|20130825|Support
2507|Rosario B Earlenbaugh|641 Lancebrook Dr|Analomink|18320|PA|USA|rosarioearlenbaugh@example.co.uk|203.980.8543|20160421|Support
2512|Stacey U Kosier|600 Via Flamenco|Tucson|85754|AZ|USA|kosier_stacey@example.gov|571-357-5872|20111219|Support
2516|Myrtice L Siener|941 Stageline Rd|Woodsville|3785|NH|USA|myrticesiener@example.org|773-871-0079|20191028|Support
2522|Winifred V Estabillo|962 Cero Dr|Raleigh|27634|NC|USA|estabillo_winifred@example.gov|919.189.4739|20171215|Support
2524|Josef Pa|113 Chiswick Ct|Batchelor|70715|LA|USA|josef.pa@example.com|504.758.4794,406-780-0540|20190105|Support
2532|Jonathon E Lakner|523 Hummingbird Cr|Burlingame|94012|CA|USA|jonathonelakner@example.co.uk|661.807.4706|20170801|Support
2545|Casimira Sora|214 Seurat Ln|Glasgow|42141|KY|USA|casimirasora@example.org|+1.859.900.4937|20150610|Support
2558|Phuong I Rainy|816 Ash Glen Cr|Carson|90745|CA|USA|phuongirainy@example.org|6039097663|20141127|Support
2559|Tanesha F Pompo|206 Paraguay Dr|Stratton|69043|NE|USA|taneshapompo@example.co.uk|947-610-3881,5312679355|20171218|Support
2563|Ngan Sagert|304 Marques Dr|Island Grove|32654|FL|USA|sagertngan80@example.co.uk|386-635-9115|20151230|Support
2566|Demetria Zenz|468 Meadow Ln|North Tazewell|24630|VA|USA|demetria-zenz@example.co.uk|3365994555|20130712|Support
2578|Bo A Balsbaugh|59 Charonne Ct|Lawndale|61751|IL|USA|boabalsbaugh@example.gov|318-435-2813,815-411-9032,907-873-0479|20170823|Support
2589|Cherly L Lonie|1266 Sandy Dr|Carmine|78932|TX|USA|cherlylonie@example.co.uk|9404019915,417-634-9935|20191013|Support
2598|Rubie S Bersch|1580 Honeysuckle Hill Dr|Noblesville|46060|IN|USA|rubiesbersch@example.com|317-507-5966|20141111|Support
2604|Timmy Liautaud|369 Kelly Johnson Pkwy|Boise|83744|ID|USA|liautaud-timmy@example.gov|208-306-2161,208.847.9883,364.485.7716|20190320|Support
2609|Ching Baham|151 Bermejo St|Richmond|23241|VA|USA|chingbaham@example.co.uk|276-517-7744|20140815|Support
2631|Candance Sepich|519 Dell Ct|Fort Laramie|82212|WY|USA|candancesepich@example.co.uk|307-303-1313|20170126|Support
2632|Janeth C Raisley|820 Ash Creek Ln|Mount Ida|71957|AR|USA|raisley.janeth@example.com|001-816-693-5160|20200205|Support
2643|Rudolf Lebianc|1722 Siena Wy|Eden Prairie|55346|MN|USA|rudolf_lebianc@example.co.uk|320-012-4588|20130411|Support
2655|Anh Krasney|964 Tick Cyn Rd|Gazelle|96034|CA|USA|krasney.anh@example.co.uk|650-191-1763|20110914|Support
2656|Ricky F Crain|508 Brooke Ln|Evansville|47701|IN|USA|ricky-crain@example.co.uk|463.499.5167|20170620|Support
2660|Debbra A Burdulis|582 Fairway Ln|Hillsdale|54744|WI|USA|burdulis-debbra@example.co.uk|7159608238|20170426|Support
2668|Shane P Czarkowski|710 Willow Weed Wy|Fort Smith|72913|AR|USA|shane-czarkowski@example.com|684-309-2978|20160620|Support
2671|Cherri M Kutsko|202 Mountain Willow Ln|Au Gres|48703|MI|USA|cherrimkutsko@example.org|269-971-0592|20200125|Support
2672|Temeka E Huntting|2135 Sorrel Ct|Louisville|40295|KY|USA|huntting.temeka@example.gov|364.002.4565,606.163.1924,502-811-7834|20121102|Support
2684|Rickie U Armao|1284 Calvello Dr|Milwaukee|53280|WI|USA|rickieuarmao@example.co.uk|9202757641|20130624|Support
2685|Sharilyn W Duree|627 Landmark Wy|Salem|47167|IN|USA|duree.sharilyn@example.com|+1.832.015.7763|20110105|Support
2705|Allan W Leitsch|164 Via Sistine|Cedar Brook|8018|NJ|USA|allanwleitsch@example.com|9088290751|20181017|Support
2706|Ricardo Pileggi|561 Acedia Ct|Orwigsburg|17961|PA|USA|ricardopileggi@example.org|267.152.1484|20100805|Support
2722|Ricarda P Lakeman|1483 Starkus Wy|Westerville|43086|OH|USA|ricardalakeman@example.co.uk|434-032-1099|20140421|Support
2733|Camille R Singleton|217 Terrace View Ct|Glandorf|45848|OH|USA|camillersingleton@example.co.uk|5406079206,360.057.1055|20130323|Support
2734|Pete X Blasco|798 Witherspoon Pkwy|Pleasant Plains|62677|IL|USA|petexblasco48@example.co.uk|2019759254|20190525|Support
2743|Krysten Overdorff|897 Windcrest Pl|Arlington|22216|VA|USA|overdorff.krysten@example.com|804-629-4400|20110318|Support
2757|Jenifer L Zein|856 Oak Leaf Ct|Atwood|61913|IL|USA|jeniferlzein@example.gov|385-941-0581|20181231|Support
2760|Estrella Jia|22 Falls Dr|Port Townsend|98368|WA|USA|estrellajia@example.gov|308.110.9891,253.156.3729|20170505|Support
2764|Dee B Unterbrink|2060 Wilde Av|Baton Rouge|70821|LA|USA|dee.unterbrink@example.co.uk|719.486.2424|20120610|Support
2770|Hyun R Gallamore|1307 Doubletree Wy|Miami|33242|FL|USA|gallamore_hyun@example.com|904-305-0308|20181023|Support
2774|Vivian M Coseo|832 Koji Ct|Chauncey|31011|GA|USA|coseo-vivian@example.org|2628033885,+1-208-659-8352|20180906|Support
2776|Han N Selvidge|682 Bel Monte Ct|Americus|31710|GA|USA|selvidge-han@example.gov|571-474-7314,470-991-0506|20200212|Support
2780|Kenyatta H Meppelink|239 Tahoe Dr|Standard|95373|CA|USA|kenyatta-meppelink@example.org|650-766-6299|20111001|Support
2782|Suellen Q Schild|910 Oakbar Ct|Jolley|50551|IA|USA|schild_suellen@example.gov|319.622.0739|20151019|Support
2787|Fernande C Sthubert|559 The Old Road|Jacksonville|31544|GA|USA|fernandecsthubert@example.gov|670-427-0534|20200207|Support
2788|Alexandra W Panarello|60 Via Artina|White Plains|10606|NY|USA|panarello_alexandra@example.org|914.566.4071,914-561-3039|20181104|Support
2800|Thomasena D Sapa|40 Lloyd Houghton Pl|Harvey|72841|AR|USA|sapa.thomasena@example.org|505-157-4959|20100325|Support
2802|Rhett L Summerford|323 Lookout Rd|Casper|82605|WY|USA|summerford_rhett@example.com|307-194-3860|20180118|Support
2803|Marisa P Klopper|2641 Lakehurst Av|Mc Kinnon|82938|WY|USA|marisapklopper@example.org|3073575351|20150120|Support
2808|Doretha F Decann|1367 Stag Hollow Ct|Pueblo|81006|CO|USA|dorethafdecann@example.com|970.225.4364|20190322|Support
2814|Marilynn D Rodenbeck|184 Brescia Dr|Saint Albans|5479|VT|USA|marilynnrodenbeck@example.com|8022129443,8029072901|20161208|Support
2817|Angelita I Nesemeier|565 Aspen Ct|Iola|54990|WI|USA|angelita.nesemeier@example.com|6088488986|20180324|Support
2823|Robbin W Klemencic|303 Beryl Pl|Saint Louisville|43071|OH|USA|klemencic_robbin@example.com|0016146527194|20130818|Support
2834|Mistie V Vinton|1001 Rainbow Glen Dr|Skytop|18357|PA|USA|vinton.mistie@example.gov|8140255791,2079155496,814.034.1192|20170118|Support
2845|Reba F Kantor|396 Herrera St|North Spring|24869|WV|USA|kantorreba@example.org|304-540-9319|20140826|Support
2855|Sharika O Hewlen|1516 Diver St|Franklin|28734|NC|USA|sharikahewlen@example.org|+1.919.004.1042,336.791.9314|20140420|Support
2870|Hildred D Cougill|176 Beldove Ct|North Lakewood|98259|WA|USA|hildreddcougill@example.gov|314.908.5913,8703798042,253.533.0873|20150802|Support
2891|Lowell A Badalamente|11 Windward Ln|Brohard|26138|WV|USA|lowell_badalamente@example.com|802.142.7662|20171127|Support
2893|Josie Bielecki|712 Cypress Ridge Cr|Oakwood|61858|IL|USA|bielecki-josie@example.co.uk|001-901-727-1177,309-401-9682,601-562-8437|20120317|Support
2900|Alexis L Affonso|1236 Brett Ct|Newport|5855|VT|USA|alexis.affonso@example.co.uk|802.693.5649|20190412|Support
2912|Jo Emerton|1195 Ackerman Av|Ravenswood|26164|WV|USA|joemerton@example.co.uk|540-317-9180|20170620|Support
2918|Kelly Eakes|427 Starwood Pl|Berwick|3901|ME|USA|eakes.kelly@example.org|2073480341,681.885.6789|20131122|Support
2919|Barb A Kurty|2036 Leaf Spring Ct|Spooner|54801|WI|USA|barbakurty@example.com|205.823.5446|20161026|Support
2932|Felicia Z Rosatti|543 Sardinia Ct|Mayville|14757|NY|USA|feliciarosatti@example.co.uk|585-805-7887,605-438-0871,828.054.6924|20121005|Support
2936|Isreal Ozanne|716 Stag Hollow Ct|Jacksonville|32207|FL|USA|ozanneisreal@example.gov|904-419-4657|20170226|Support
2943|Dusty Lazzaro|359 Gaff Ct|Potosi|63664|MO|USA|dustylazzaro@example.co.uk|3147806308|20160924|Support
2948|Lily F Fellrath|3 Diver St|Fort Worth|76199|TX|USA|fellrath_lily@example.org|817-255-8942|20101128|Support
2950|Ronny P Smigielski|938 Camino Del Lago|Green Valley|85614|AZ|USA|ronnypsmigielski@example.com|928-792-6773|20120424|Support
2958|Krystal F Stamile|3387 Grey Pl|Opolis|66760|KS|USA|krystalfstamile@example.co.uk|580-400-2716|20120915|Support
2968|Teresa O Farster|1490 Little Oak Ln|Dallas|75222|TX|USA|teresafarster@example.co.uk|681-947-5288|20130517|Support
2984|Rosanne T Nutini|34 Barbacoa Dr|Bacova|24412|VA|USA|nutinirosanne@example.co.uk|540.692.4531|20200113|Support
2985|Lettie M Gooday|764 Henley Wy|Columbia|29216|SC|USA|lettiemgooday@example.co.uk|864.422.1976|20160210|Support
2990|Ulrike Mruz|1064 Acacia Ct|Dayton|16222|PA|USA|mruz_ulrike@example.org|6050019358,660-794-8976|20190130|Support
2995|Zachariah M Rossell|562 Diane Marie Cr|Fresno|93776|CA|USA|rossell.zachariah@example.gov|2132323707|20171017|Support
3011|Devon N Gobber|637 Circle G Dr|Friendswood|77549|TX|USA|devon-gobber@example.gov|5413643027|20190521|Support
3012|Brianna W Deshner|3091 Monterey Ct|Iroquois|57353|SD|USA|briannawdeshner@example.co.uk|813.454.7329,+1.802.297.0938|20120512|Support
3015|Rayna Y Widgren|798 Copper Ct|Knox|12107|NY|USA|rayna_widgren@example.gov|9349337306|20121119|Support
3033|Sabrina B Lagasse|151 Comet Wy|Regina|41559|KY|USA|sabrina.lagasse@example.gov|8652205206|20110518|Support
3036|Travis K Andor|1751 Barnhill Rd|Mc Cormick|29835|SC|USA|andor_travis@example.co.uk|803.297.4583|20170121|Support
3039|Dee I Bigge|316 Autumn Oak Wy|Bay Port|48720|MI|USA|dee.bigge@example.co.uk|603-149-7691|20140526|Support
3051|Shelia Schmalzer|880 Heather Vale St|Roslyn Heights|11577|NY|USA|sheliaschmalzer@example.org|575-618-8653|20180730|Support
3052|Jacquelyne Mcmunn|819 Navajo Ct|Littleton|80125|CO|USA|mcmunn-jacquelyne73@example.com|3038442497|20190320|Support
3079|Kirk X Lebus|1103 Brio Ct|Little Silver|7739|NJ|USA|kirkxlebus@example.com|9731298226|20130518|Support
3082|Candace R Capriola|1026 Eden Ct|Wilmington|19891|DE|USA|capriola-candace@example.co.uk|857.524.3464|20150131|Support
3084|Arden A Simer|1662 Diablo Pl|Crawfordsville|47937|IN|USA|ardenasimer@example.co.uk|3179537428,260-385-5694|20120222|Support
3085|Madalene L Katterheinrich|2023 Glasser Av|Fourmile|40939|KY|USA|katterheinrich-madalene@example.org|8080650262|20150904|Support
3088|Maia K Culshaw|2284 Sally Rd|Berlin|12022|NY|USA|maia-culshaw@example.co.uk|718-309-6362|20160312|Support
3092|Sanora Q Haahr|2055 Orchid Cove Dr|Kerman|93630|CA|USA|haahr.sanora@example.org|925-264-3780|20110511|Support
3096|Lovie L Brinning|790 Greensbrier Dr|Belton|64012|MO|USA|lovie_brinning@example.com|714-155-7901,414-941-0044|20161003|Support
3100|An E Munyan|641 Meadowbrook Ln|Clinton|53525|WI|USA|munyanan@example.gov|5050696902|20190707|Support
3105|Geraldo Q Constan|441 Birch Glen Cr|Georgetown|37336|TN|USA|geraldo_constan@example.org|423.847.2498|20120904|Support
3107|Misha M Vaudreuil|1986 Quilla Rd|Calumet|15621|PA|USA|mishamvaudreuil@example.gov|814-462-3332,575-027-2938|20140803|Support
3108|Rose C Parelli|888 Paris Ln|Mount Vernon|10557|NY|USA|rose-parelli@example.gov|2100139082|20160901|Support
3126|Pia Villata|1076 Mandalay Rd|Hulen|40845|KY|USA|piavillata@example.com|907.009.2794|20161104|Support
3136|Amalia Z Bera|2359 Ellis Henry Ct|Hodges|29695|SC|USA|amalia_bera@example.co.uk|571.470.6124,364.881.5376|20150402|Support
3137|Yan L Badonie|785 Mandan St|Orkney Springs|22845|VA|USA|yanlbadonie@example.gov|+1-779-665-1643|20150302|Support
3154|Khalilah W Salminen|165 Heywood Dr|Hereford|79045|TX|USA|salminen-khalilah@example.com|0016069071785|20160626|Support
3157|Magaret Mausolf|639 Moorhen Ct|Cabool|65689|MO|USA|mausolf-magaret@example.gov|6712002127,314-388-2943|20171228|Support
3177|Florene D Schilk|590 Valley Oak Pl|Somerset|15501|PA|USA|florene-schilk@example.com|484-433-4656,878.029.9701,4755864143|20160313|Support
3182|Jolanda T Sorin|480 Manzanita Ln|Nunez|30448|GA|USA|jolanda.sorin@example.org|4581661124|20140908|Support
3189|Sonia U Buis|345 Lotus Petal Ct|Tompkinsville|42167|KY|USA|adjcoxznw@example.org|001-364-066-8067|20180627|Support
3193|Lesha F Bonman|963 Eos Ln|Coquille|97423|OR|USA|leshafbonman@example.com|605-921-4928,458-027-8478,458-434-5548|20180224|Support
3197|James B Derez|1370 Essex Pl|Wolf|82844|WY|USA|james.derez@example.org|307-757-3758|20120915|Support
3204|Cris F Guski|742 Riverdale Pl|Memphis|38187|TN|USA|crisguski@example.co.uk|606.607.8407|20190630|Support
3208|Eartha H Parliament|854 Bryce Rd|Ione|95640|CA|USA|eartha_parliament@example.org|9513323963,9169673103,6262680222|20110711|Support
3213|Venus L Seum|2349 Cariz Dr|South Kent|6785|CT|USA|venuslseum@example.co.uk|0018604106934|20141019|Support
3218|Leo L Dobkowski|1007 Ben Ct|Kanawha Falls|25115|WV|USA|leo.dobkowski@example.co.uk|7010032156,302-051-2730,681.836.4942|20150501|Support
3221|Tamela M Nyhuis|317 Texas Rd|Miami|33192|FL|USA|tamela.nyhuis@example.gov|321-037-5402|20160202|Support
3223|Janita C Luckow|70 Hacienda Dr|El Paso|88514|TX|USA|janita.luckow@example.co.uk|6849751285,972.521.1779,281.692.5385|20120618|Support
3224|Ellamae F Carvill|93 Pearson Ct|Hadley|1035|MA|USA|carvillellamae@example.org|4137027097,774.013.6211,734-389-2929|20131008|Support
3226|Meagan W Beddow|1075 Lyons Ranch Rd|West Palm Beach|33402|FL|USA|meaganwbeddow@example.gov|386.228.9594,813.465.7424,754-139-8593|20191127|Support
3232|Robert Z Zagame|196 Sarda Rd|Van|75790|TX|USA|zagame-robert@example.co.uk|346-021-4441|20120213|Support
3234|Joan G Bleakney|669 Beacon St|Eagle Pass|78853|TX|USA|joan_bleakney@example.org|2145392841|20181107|Support
3241|Tegan N Bodenhamer|107 Matana Dr|Perry Hall|21128|MD|USA|tegan-bodenhamer@example.com|6700868534|20160514|Support
3242|Vergie Nyari|96 Rosa Ln|Montmorenci|29839|SC|USA|vergienyari@example.com|939.631.4468|20170120|Support
3246|Alberta Zhao|121 Potrero Cyn Rd|Fort Myers Beach|33931|FL|USA|albertazhao@example.co.uk|407.379.9605|20110611|Support
3257|Justine H Weisskopf|1873 Grove House Dr|Seward|99664|AK|USA|justine_weisskopf@example.co.uk|907-218-8048,907.114.4601|20140122|Support
3272|Ofelia Barredo|516 Anzel Cr|University Park|52595|IA|USA|ofeliabarredo@example.com||20200128|Support
3275|Elda V Leatherberry|993 Adon Av|West Stockbridge|1266|MA|USA|leatherberryelda@example.gov|7135158819|20180706|Support
3296|Allyn N Nairne|620 Ashfield Ct|Saint Louis|63188|MO|USA|allyn.nairne@example.com|6786014263|20151205|Support
3297|Anastacia Singa|322 Rancho Tesoro Dr|Hadley|48440|MI|USA|anastaciasinga@example.org|0015176820656|20120213|Support
3304|Greta E Wimp|963 Santa Rosa Ln|Keensburg|62852|IL|USA|gretawimp@example.org|+1-702-878-8436|20120814|Support
3309|Norman H Goerg|53 Riverview Ln|Portland|97296|OR|USA|norman.goerg@example.gov|6024470797|20190724|Support
3313|Jack N Calma|1090 Santa Clara St|Hampton|37658|TN|USA|calma_jack@example.gov|9316047740|20161117|Support
3318|Timothy Z Side|470 Marshall Wy|Johnston|29832|SC|USA|timothyzside@example.co.uk|803-777-2099|20141111|Support
3319|Ronny Hove|69 Chisholm Pl|Hardesty|73944|OK|USA|hoveronny@example.co.uk|4054140318|20181015|Support
3323|Tracey D Bookhout|1005 Grove House Dr|Pukalani|96788|HI|USA|tracey.bookhout@example.org|8085385923,808-249-2793,603-590-2539|20150531|Support
3337|Clair Q Tondre|136 Largo Rd|Huron|44839|OH|USA|clairqtondre@example.com|203-912-2819|20120926|Support
3342|Stepanie L Anwar|2151 Fork|Mount Pulaski|62548|IL|USA|anwar_stepanie@example.com|307.149.9505|20111022|Support
3359|Suzie C Stryk|436 Marcia Dr|Nitro|25143|WV|USA|stryk-suzie21@example.org|208-252-1848|20101024|Support
3364|Leon S Ghelfi|2322 Jackson St|Clymer|14724|NY|USA|leonsghelfi@example.org|716.247.2939,6037281111,959.866.3400|20171013|Support
3366|Shay Deupree|74 Tamarack Ln|Hayes Center|69032|NE|USA|deupree_shay@example.org|787-998-6186|20100621|Support
3373|Jacquelin V Zarkowski|424 Carson Ct|Killduff|50137|IA|USA|zarkowskijacquelin@example.gov|6413697133|20121127|Support
3388|Zona A Fenrich|959 Bonsai Ct|Anderson|46014|IN|USA|zona.fenrich@example.co.uk|317-389-0947|20100115|Support
3393|Ursula G Bechdel|399 Napa Ct|Annapolis|21403|MD|USA|bechdelursula@example.org|563.649.4040,458.535.1129|20150326|Support
3396|Halley Y Corsaro|103 Poseidon Ln|Rockville Centre|11592|NY|USA|halley-corsaro68@example.com|684.588.3195|20100822|Support
3397|Lourdes K Landro|718 Ceylon Pl|Springfield|31329|GA|USA|landrolourdes10@example.co.uk|762-932-8074|20110405|Support
3400|Ulysses Loke|190 Stoney Creek Rd|Gurley|69141|NE|USA|ulysses.loke@example.org|517-285-7139|20160319|Support
3406|Yolando V Dassing|437 Clifton Pl|Clemson|29631|SC|USA|dassing-yolando@example.org|302.197.6626|20170914|Support
3408|Lester O Tokheim|688 Camas Ct|Tucson|85733|AZ|USA|lester_tokheim@example.com|801-058-1792|20140718|Support
3420|Elissa Cowey|527 Garnet Cyn Dr|Linn Creek|65052|MO|USA|elissa_cowey@example.co.uk|417-993-8395|20140205|Support
3428|Breana N Falsone|876 Via Labrada|Corpus Christi|78473|TX|USA|breananfalsone@example.org|6266192698|20150725|Support
3429|Maye F Howenstine|362 Nantucket St|Jacksonville|32259|FL|USA|mayefhowenstine@example.org|407-010-8513|20150120|Support
3444|Jesse Skogland|138 Golden Meadow Ln|Philadelphia|19113|PA|USA|skogland_jesse@example.com|757-208-2705|20170627|Support
3483|Franklin T Fergerson|346 Golden Oak Rd|Forest Park|30298|GA|USA|fergerson-franklin@example.com|762-848-9114|20110322|Support
3511|Vita U Carrado|138 Marigold Cr|Ashland|71002|LA|USA|vitacarrado@example.com|660-420-8058|20120502|Support
3525|Keith C Gregerson|160 Lauren Ln|Alburnett|52202|IA|USA|gregerson.keith@example.co.uk|641-567-9367,775-653-1286|20161101|Support
3529|Bertie P Karrow|68 Lochmoor Rd|Luke|21540|MD|USA|bertiepkarrow@example.co.uk|240-677-8979|20120224|Support
3541|Velvet C Lasher|335 High Ridge Dr|Blythe|30805|GA|USA|lasher_velvet@example.com|803-911-6150,425-842-0945,337.968.2816|20170514|Support
3549|Merilyn N Mills|1390 Fireworks Rd|Washington|20472|DC|USA|merilynnmills@example.co.uk|202-948-3594,8723551432,2024288666|20140630|Support
3558|Keitha Stoyko|348 Valderrama Dr|Emeryville|94662|CA|USA|stoyko.keitha@example.com|8028399866|20101221|Support
3564|Kelley U Shinners|2745 Mirabile Ct|Benham|40807|KY|USA|shinners-kelley@example.org|502.732.7346|20100226|Support
3581|Rosaline Ching|1272 Hampton Dr|Whittier|90603|CA|USA|chingrosaline@example.com|385-509-5507|20160916|Support
3584|Maryalice A Babbidge|396 Blue Curl Wy|Portage|49024|MI|USA|babbidgemaryalice@example.com|7013344223|20181101|Support
3587|Mikki Q Luick|1292 Sycamore Creek Dr|Bayard|69334|NE|USA|mikki-luick@example.org|402-712-1367|20200204|Support
3592|Michell D Kennelley|791 Sheldon Av|Rembrandt|50576|IA|USA|michellkennelley75@example.com|2312347237|20131107|Support
3595|Breana I Rataj|464 Linda Ln|Sumas|98295|WA|USA|breanairataj@example.com|+13607416151,5099752036|20120902|Support
3596|Sherill M Juhl|2290 Primavera|Ira|50127|IA|USA|sherillmjuhl@example.org|319.324.7581|20100810|Support
3597|Fleta Debbie|639 Magic View Pl|Charlotte|28250|NC|USA|zxmtm@example.com|2027408537|20151022|Support
3606|Eliseo R Neves|2699 Bayview Ct|Nelson|24580|VA|USA|eliseo-neves@example.com|540-579-8544|20150919|Support
3607|Dann K Greaves|1120 May Wy|Rupert|83350|ID|USA|dannkgreaves@example.com|302.371.3637|20100626|Support
3616|Katina T Routten|907 Woodlark Ln|Chinquapin|28521|NC|USA|katinatroutten@example.co.uk|919-683-6918,910-560-5212|20110925|Support
3619|Victor U Sena|530 Paradise Rd|Blossom|75416|TX|USA|victorusena@example.org|713.835.5089|20160323|Support
3632|Peter M Culshaw|218 Brown Oaks Wy|Burlington|46915|IN|USA|culshaw.peter56@example.gov|2709889164|20120702|Support
3633|Vickie R Vulgamore|726 Bryant Pl|Augusta|62311|IL|USA|vulgamore.vickie@example.com|785.511.6034|20150327|Support
3642|William H Baldin|573 Clifton Pl|Stoneville|38776|MS|USA|williamhbaldin@example.gov|2280252619,769-813-9605|20120101|Support
3648|Delinda Ricchetti|174 Simay Ln|Gray Hawk|40434|KY|USA|delindaricchetti@example.gov|502-302-0081|20180921|Support
3656|Dennise I Carsen|525 Brighton Ln|Vauxhall|7088|NJ|USA|carsendennise16@example.com|208-508-8591,848.984.3475,651.559.4678|20100305|Support
3657|Alfreda A Marguardt|1857 Pietro Dr|Colorado Springs|80906|CO|USA|marguardtalfreda@example.org|7207015935|20110928|Support
3662|Quiana E Cantz|2328 Acorn Ct|Castell|76831|TX|USA|quiana-cantz@example.co.uk|3617197211|20191005|Support
3665|Hermina Wigant|455 Wedgewood Ct|Ahsahka|83520|ID|USA|herminawigant@example.co.uk|814.319.4816|20100926|Support
3674|Cinda Boiter|259 Reade Pl|Seminole|74868|OK|USA|boiter.cinda@example.gov|918-578-9320,605.823.4914,984.512.2882|20181125|Support
3677|Jolene O Margulis|1035 Forest View Ct|Weston|75097|TX|USA|jolene-margulis@example.org|806.791.2585|20141014|Support
3689|Faviola U Brundage|1675 Belmont Ct|San Luis|81152|CO|USA|faviolaubrundage@example.org|303-706-4774|20151208|Support
3694|Lucien F Kobler|900 Webster Pl|Beaverton|35544|AL|USA|lucienfkobler@example.gov|605-638-7987|20120416|Support
3711|Jesse N Zucconi|1265 Whitewater Cyn Rd|Montvale|7645|NJ|USA|jessezucconi@example.org|628.730.5620|20180810|Support
3761|Kristle Raver|916 Northbrooke Ln|Burns|80426|CO|USA|kristleraver95@example.gov|720-738-1598|20140622|Support
3770|Chester Z Popiela|580 Brier Wy|Las Vegas|89150|NV|USA|chesterzpopiela@example.co.uk|7250291516|20120914|Support
3774|Julieta U Vidrio|1352 Littleton Wy|Millerton|74750|OK|USA|julieta.vidrio@example.gov|580.200.4935,5801947707|20130530|Support
3802|Camila U Bendure|932 Tamarack Ln|Winn|4495|ME|USA|camilaubendure@example.co.uk|4804978934|20101124|Support
3807|Charlott H Giering|926 Elder View Dr|Starkville|81074|CO|USA|charlotthgiering@example.gov|7869276513,207.522.4414|20131124|Support
3808|Doyle L Kochen|1514 Emerald Ln|Lynchburg|24501|VA|USA|kochen.doyle@example.org|205-045-2727,603-975-3346|20171230|Support
3812|Damaris S Allor|1183 Country Ct|Cache|62913|IL|USA|allor.damaris@example.com|618-695-9823|20170328|Support
3821|Barton Z Schlotzhauer|30 Arden Av|Creston|26141|WV|USA|barton_schlotzhauer@example.co.uk|385.980.2366,304.708.0708|20110501|Support
3823|Santos E Masar|65 Pine Hollow Ct|Sarasota|34234|FL|USA|masar.santos@example.com|903-513-1971|20170129|Support
3849|Rosaura K Paschke|375 Grano|Harold|32563|FL|USA|rosaurakpaschke@example.co.uk|813.605.3831|20191128|Support
3860|Randy Z Wig|878 Festividad Dr|Kilkenny|56052|MN|USA|randyzwig@example.co.uk|3038927030|20101205|Support
3870|Brant R Vanhelden|940 Colmena Dr|Peaster|76485|TX|USA|vanhelden_brant@example.gov|512-169-3150|20200113|Support
3877|Shakira O Belgrave|1320 Plum Cyn Fire Rd|Willards|21874|MD|USA|belgrave_shakira@example.org|6676898585|20160602|Support
3883|Lon G Orphanos|549 Evi Ln|Kent City|49330|MI|USA|orphanos_lon@example.gov|9096138639,580.759.1725|20190604|Support
3891|Bibi D Moz|775 Millmeadow Rd|Salt Lake City|84120|UT|USA|moz-bibi@example.com|385.566.6690|20150216|Support
3899|Bebe L Katers|30 Maitland Ln|Cordova|29039|SC|USA|bebelkaters@example.gov|417.887.8472,854.318.4638|20120925|Support
3901|Beau F Betancour|1567 Palacete Dr|Palm Springs|92292|CA|USA|betancour.beau@example.com|916.255.2301|20101020|Support
3905|Elbert F Goffe|259 Bryce Ct|Manchaug|1526|MA|USA|elbertgoffe@example.com|479.802.4676|20150322|Support
3930|Deetta V Byram|28 Laurel Ct|Des Moines|50394|IA|USA|byramdeetta@example.gov|319-446-7054|20170105|Support
3941|Man C Albiar|281 Spencer Ct|Fairless Hills|19030|PA|USA|mancalbiar@example.org|4049941064|20100512|Support
3951|Sabra X Desarno|554 Fairbanks Ct|Monon|47959|IN|USA|sabraxdesarno@example.gov|463-122-8982|20130207|Support
3952|Seth I Saberi|401 Glendower Ct|Humnoke|72072|AR|USA|seth_saberi@example.co.uk|6718611300,479-141-1026|20181109|Support
3956|Senaida R Charley|1882 Lilac Ct|Forestgrove|59441|MT|USA|senaida-charley@example.gov|404-556-9056|20120114|Support
3970|Marge Blaszczyk|1074 Violin Cyn Rd|Russellville|72811|AR|USA|margeblaszczyk@example.co.uk|870-563-0658|20120907|Support
3979|Carma P Sporbert|1121 Sunset Hills Dr|Draper|24324|VA|USA|carmapsporbert@example.org|540.031.4724|20180628|Support
3983|Carlene Q Sandras|89 Fairway Cr|Oologah|74053|OK|USA|sandrascarlene@example.org|918-909-7179,667-097-8191|20120118|Support
3988|Pamella L Gushee|1214 Grove Av|Barwick|31720|GA|USA|pamella.gushee@example.gov|404.149.2611|20131221|Support
3990|Alonzo I Rowser|1400 Sea Cove Ln|Blair|25022|WV|USA|alonzorowser@example.com|3084630520|20200210|Support
3997|Douglass Magpayo|721 El Paseo Dr|Oakland|97462|OR|USA|magpayo-douglass@example.gov|503-047-8167|20130227|Support
4001|Chelsey N Toensing|531 Peach Mtn Wy|Albany|12233|NY|USA|chelseyntoensing@example.gov|715-102-7110|20170326|Support
4010|Creola M Galloso|169 Big Rapids Loop|Pensacola|32514|FL|USA|creolagalloso@example.org|321.963.6941|20170705|Support
4026|Xavier Corzine|1328 Rio Lobo Wy|Goshen|45122|OH|USA|corzine_xavier@example.com|6030773350|20150603|Support
4027|Deja L Levchenko|428 Singingwood Dr|Roanoke|24027|VA|USA|levchenko-deja@example.co.uk|8126169637,480-600-9763|20140224|Support
4036|Susanna S Florea|82 Brook Ct|Rancho Cordova|95670|CA|USA|florea_susanna@example.org|5626435743|20160211|Support
4046|Margurite S Boerum|335 Via Bocina|Goshen|93227|CA|USA|margurite_boerum@example.com|602-154-1436,530-093-9395,7149287190|20140920|Support
4047|Trina K Swift|321 Goldenrod Wy|Spicewood|78669|TX|USA|trinakswift@example.co.uk|001-207-688-5992,857.099.3136|20121215|Support
4060|Brian T Spates|80 Peppercorn Dr|Belvidere|68315|NE|USA|briantspates@example.org|402-491-3577,918.729.7629|20170113|Support
4064|Ella G Schelin|214 Via Macarena|Cotton Valley|71018|LA|USA|schelin_ella26@example.com|609-910-4924,225-751-7964|20170814|Support
4077|Joline S Pavlakos|435 Connick Pl|Charlotte|28216|NC|USA|pavlakosjoline@example.org|479-702-0377|20130811|Support
4078|Bonita Y Malka|2092 Arroyo Ct|Brattleboro|5301|VT|USA|bonitaymalka@example.org|8024984295,602-374-3933|20160102|Support
4081|Berry Jatta|1068 Charles Dr|Emerson|30137|GA|USA|berryjatta@example.co.uk|001.478.376.5830,7702717787,770-743-0304|20140822|Support
4093|Charity H Siembab|625 Tobiah Pl|Alvo|68304|NE|USA|charitysiembab@example.com|308-308-5250|20101207|Support
4100|Dustin Morency|264 Highland Ct|Central Point|97502|OR|USA|morency_dustin@example.com|4173472013|20191227|Support
4109|Lenard L Weeda|1173 Bryce Ct|Leonard|58052|ND|USA|lenardlweeda@example.gov|3378402181|20181011|Support
4110|Demetria Collon|135 Rawlings Cr|Lennon|48449|MI|USA|collon.demetria@example.com|0012486688445|20190120|Support
4112|Cyrstal M Vansice|177 Live Oak Springs Cyn Rd|Willard|44888|OH|USA|cyrstal-vansice@example.co.uk|2195951074|20130321|Support
4118|Hugh G Pettus|4 Mariam Pl|Amboy|92304|CA|USA|hughpettus@example.gov|407-022-9123|20120120|Support
4121|Jennifer M Schieder|749 Grandview Dr|Stony Run|19557|PA|USA|schieder.jennifer@example.com|267-785-3888,610.121.4671|20191229|Support
4129|Micha L Constantineau|922 Roy Dr|Winston Salem|27156|NC|USA|micha.constantineau@example.co.uk|+1-302-775-6671|20130622|Support
4131|Bobby Berlet|435 Via Decano|Crowder|74430|OK|USA|berletbobby@example.com|5807251275|20190822|Support
4136|Delicia J Boero|1181 Avd Terraza|Pitcairn|15140|PA|USA|boerodelicia@example.co.uk|9593188929|20101130|Support
4146|Donte R Bradsher|221 Hidden Oak Ct|Radford|24142|VA|USA|donterbradsher@example.com|9390124418,276-599-2201|20110129|Support
4153|Horace W Rakowitz|52 Sunrise Ln|Markleeville|96120|CA|USA|horacewrakowitz@example.org|951.250.2950,2081920260,4351374656|20110920|Support
4158|Karissa U Fuiten|271 Salt Cyn Rd|Gridley|61744|IL|USA|karissaufuiten@example.co.uk|618-508-1444|20110829|Support
4165|Queen R Arabo|798 Fitch Av|Geismar|70734|LA|USA|queen_arabo@example.com|+1.337.164.6743,5046544699|20120811|Support
4174|Maurita T Hofherr|588 Calle Ct|Shawnee Mission|66227|KS|USA|hofherr_maurita@example.com|620.901.1576|20140806|Support
4179|Jacquelynn U Morado|223 Pilgrim Ct|Petersburg|62675|IL|USA|jacquelynnumorado@example.org|8727426991|20100209|Support
4181|Clement L Stine|24 Choke Cherry Ln|Akron|44311|OH|USA|clement_stine@example.co.uk|646-527-5402,419.282.6175,234.922.3048|20180618|Support
4182|Matt U Varrichio|1476 Los Pinetos Water Tank Rd|New Haven|6535|CT|USA|varrichiomatt@example.com|3169860449|20100222|Support
4184|Louis R Mcfolley|586 Madrazo Ln|Stoneham|4231|ME|USA|louis_mcfolley@example.co.uk|2077904398|20171203|Support
4190|Lashunda Q Iturbide|2161 Millston Ct|Greensboro|27411|NC|USA|lashundaqiturbide@example.org|2524937007,+1-910-918-4138|20150813|Support
4198|Latashia X Kittner|1352 Rocky Ct|Brooklyn|11255|NY|USA|latashiaxkittner@example.gov|212-112-8745|20160719|Support
4212|Gretta C Svoboda|147 Laurel Oak Ct|Mount Pleasant|32352|FL|USA|svoboda.gretta@example.com|9415369648|20190720|Support
4220|Harold B Mcfayden|201 Rio Pecos Dr|Lake Forest|92630|CA|USA|haroldbmcfayden@example.org|8581674319|20161012|Support
4233|Jazmine D Mcchrystal|984 Silver Oak Ct|Hollenberg|66946|KS|USA|jazminedmcchrystal@example.gov|9131513978|20150528|Support
4241|Nickole O Ellison|283 Hunstock Av|Saint Paul|55144|MN|USA|ellisonnickole98@example.com|952.600.9385|20190825|Support
4251|Beulah E Aumada|866 Race St|Millsboro|19966|DE|USA|aumada-beulah@example.co.uk|302.640.2381|20121017|Support
4259|Rick I Kerper|1304 Hawthorne Pl|Maugansville|21767|MD|USA|rickkerper@example.org|301-397-4142|20110201|Support
4272|Karry X Lathe|116 San Francisquito Motor Wy|Knowlesville|14479|NY|USA|lathe-karry@example.com|315.077.5238,3153509047|20170526|Support
4310|Jody R Kinnaman|1517 Cleardale St|Wood Dale|60191|IL|USA|kinnaman.jody@example.co.uk|501.241.2215|20161111|Support
4316|Kindra J Trimmer|610 Kay Dr|Waterloo|50799|IA|USA|trimmer.kindra@example.org|712-554-2552,6806227922|20120125|Support
4317|Normand U Teichert|568 Big Horn Walk|Creston|26141|WV|USA|normandteichert@example.org|706-704-9762|20150129|Support
4323|Krystin Y Grimmett|871 Kinglet Pl|Norcross|30003|GA|USA|krystin.grimmett@example.co.uk|9121551593,2518994523,478-611-0157|20170924|Support
4330|Rosario S Anthrop|569 Eastern Pines Ct|Death Valley|92328|CA|USA|rosario.anthrop@example.com|+13077928168,701.128.1278|20190224|Support
4332|Manual I Yokota|94 Wedgewood Ct|Tangerine|32777|FL|USA|manualiyokota@example.co.uk|9412512016|20190808|Support
4341|Wesley D Varrone|13 Cronus Ct|Gladstone|97027|OR|USA|wesleyvarrone@example.gov|269-247-8312|20170525|Support
4345|Susann J Powser|236 Bamboo Dr|Spokane|99223|WA|USA|susann.powser@example.gov|4251518479|20120114|Support
4355|Raquel Z Richman|763 Cambridge Av|Westville|29175|SC|USA|raquelzrichman@example.com|843-042-7406|20150630|Support
4357|George D Schluckebier|963 Hampton Pl|Fairmont|56031|MN|USA|george-schluckebier@example.gov|218-998-5272,3200604492|20140310|Support
4369|Theodore P Rabizadeh|818 Las Canasta Dr|Magnolia|42757|KY|USA|theodoreprabizadeh@example.org|364-551-0061,916-578-1116,+1-859-224-7149|20130222|Support
4372|Vernita R Atnip|1413 Wilmington Ct|Bentley|71407|LA|USA|vernitaratnip@example.com|501.988.0814|20151123|Support
4378|Magnolia Q Hamideh|1366 Cascade Ct|Carrizo Springs|78834|TX|USA|hamideh-magnolia@example.co.uk|956-424-1142|20170407|Support
4382|Wonda Grzywacz|1672 Windsong Ct|South Chatham|2659|MA|USA|wonda-grzywacz@example.gov|440-323-7918|20100412|Support
4388|Perla J Leitzman|519 Alcott Ct|Meadville|39653|MS|USA|perla-leitzman@example.co.uk|228.359.4097|20130104|Support
4398|Briana D Lacount|408 Edenton Pl|Clarksville|50619|IA|USA|brianadlacount@example.co.uk|3197210812|20121219|Support
4410|Inocencia Julander|1245 Saratoga Wy|Arpin|54410|WI|USA|julander_inocencia@example.gov|+1-971-430-9515,3165263881|20131207|Support
4419|Antonina Z Marcuccio|417 Brier Wy|Kimbolton|43749|OH|USA|antonina-marcuccio@example.com|401.084.8904,440-036-9865,340-690-9307|20140630|Support
4427|Harley S Schmidtmann|73 Trinity Pl|Chattaroy|99003|WA|USA|harleysschmidtmann88@example.com|681.279.4246|20180205|Support
4436|Glayds W Orgeron|839 Gilbert Dr|Silver Spring|20910|MD|USA|glaydsworgeron@example.gov|443.147.2693,240.016.6565|20170108|Support
4443|Gordon Silverstone|363 Lowridge Rd|Smithville|74957|OK|USA|gordonsilverstone@example.gov|4057123030|20180917|Support
4445|Moshe J Siegal|1108 Val Verde Rd|Winfield|67156|KS|USA|siegal.moshe@example.gov|801-703-1775|20170926|Support
4447|Raymonde Padelford|1449 Via Dia|New Wilmington|16142|PA|USA|padelford-raymonde@example.co.uk|272.726.7035|20130822|Support
4450|Louvenia Righetti|130 Rye Cyn Rd|Jacobson|55752|MN|USA|louvenia_righetti@example.gov|386-083-4432,2184162926|20110501|Support
4456|Keturah I Kobos|1034 Chaucer Pl|East Falmouth|2536|MA|USA|keturahikobos23@example.co.uk|774-994-5291|20190526|Support
4459|Luz Coar|11 River Trl Ln|Mc Intyre|15756|PA|USA|coar.luz@example.co.uk|401.497.4220|20140711|Support
4467|Keneth I Cuddihy|1067 Ridgecrest Ct|North Georgetown|44665|OH|USA|keneth_cuddihy@example.gov|614-337-7974|20131109|Support
4473|Keri F Monarrez|956 Medlar Dr|Dublin|24084|VA|USA|kerifmonarrez@example.gov|248-299-0952,571-513-7640|20191225|Support
4493|Tifany F Maltais|13 Cavehill Rd|Atlanta|30315|GA|USA|tifanyfmaltais@example.gov|470-688-6039|20160206|Support
4497|Madie J Alvirez|1042 Tule Ridge Fire Rd|Coy|36435|AL|USA|madiejalvirez@example.co.uk|9392940218|20120426|Support
4502|Vasiliki Morda|820 Cameron Ct|Cream Ridge|8514|NJ|USA|vasilikimorda15@example.com|502.861.5656|20140324|Support
4509|Renae V Dingle|28 Ceylon Pl|Remington|22734|VA|USA|dinglerenae@example.com|720.605.0387,5719483266|20151221|Support
4512|Carolann G Olenik|989 Via Aranda|Lincoln|62656|IL|USA|carolanngolenik@example.org|603.501.0297|20170614|Support
4513|Jess I Langenegger|1986 Pearson Ct|Parker|98939|WA|USA|jessilangenegger@example.gov|478.963.7436,531.459.6492|20100917|Support
4532|Maxima X Cuch|819 Calvello Dr|Athens|30603|GA|USA|maxima_cuch@example.org|7620786197|20120830|Support
4536|Rebbeca G Endaya|338 Shelburne Dr|Otsego|49078|MI|USA|rebbecagendaya@example.co.uk|734-618-9629,507-498-9990|20120319|Support
4539|Dylan A Rassam|746 Rock Creek Dr|Uncle Sam|70792|LA|USA|dylanarassam@example.gov|8608763363|20190813|Support
4550|Terrence F Hotvedt|398 Ashfield Pl|Gifford|99131|WA|USA|terrencefhotvedt@example.com|001.253.379.8964|20160224|Support
4554|Billi J Drinnen|394 Hood Wy|Harrisburg|17120|PA|USA|billi.drinnen@example.org|8786286639|20120505|Support
4555|Antonia M Radwan|520 Paradise Ranch Rd|Dunedin|34698|FL|USA|radwanantonia@example.com|337.219.2995|20140702|Support
4558|Thresa S Chaudary|1104 Via Valer|Dysart|52224|IA|USA|chaudary_thresa@example.co.uk|563.673.4195,4800867871|20100819|Support
4560|Sunny T Lehigh|107 Jimpson Wy|Milpitas|95035|CA|USA|lehigh-sunny@example.com|415-928-0651|20170328|Support
4561|Zackary Barley|1274 Canso Ln|Albany|12235|NY|USA|zackarybarley@example.com|6806263332|20180408|Support
4570|Valorie T Kang|1634 Via Viejo|Fallon|89496|NV|USA|valorietkang@example.gov|860.665.7923|20160106|Support
4573|Elaina C Brumer|1294 Crystal Spring Ct|Estcourt Station|4741|ME|USA|brumer.elaina@example.com|8081272030,2079200213|20140426|Support
4583|Mireya P Lugowski|217 Marcasite Ln|Clayton|62324|IL|USA|mireyaplugowski@example.org|531.662.2656|20140803|Support
4585|Lillian S Giambanco|835 Marilyn Dr|Mesquite|75185|TX|USA|lillian.giambanco@example.gov|346.576.6782|20200209|Support
4596|Lawerence M Tebbe|296 West Rd|Hamilton|58238|ND|USA|lawerence_tebbe@example.org|7012077238|20150508|Support
4602|Anjanette R Durfey|2118 Altamonte Av|Houston|77204|TX|USA|anjanetterdurfey@example.com|6671631324|20160513|Support
4607|Katelynn Colbry|1821 Alder Dr|Knoxville|37929|TN|USA|colbry_katelynn@example.co.uk|901.622.6188|20200103|Support
4611|Numbers M Bottjer|830 Ben Ct|Raleigh|27604|NC|USA|bottjer-numbers@example.gov|919-206-0566,504.955.7570,7433078718|20120720|Support
4612|Juana E Orsi|37 Michael Crest Dr|San Diego|92133|CA|USA|orsijuana@example.co.uk|2091134109,8708900377|20160316|Support
4619|Maybell V Koskie|646 Gilmour Rd|Marble Hill|30148|GA|USA|koskie_maybell@example.co.uk|6782878459,478-029-8816|20130314|Support
4627|Rupert P Ysaguirre|1069 Avd Velarte|Corpus Christi|78426|TX|USA|ysaguirre.rupert@example.gov|458.901.6633,856-395-2402|20140114|Support
4631|Mona Q Einberger|329 Redwood Glen Rd|Tuckahoe|10707|NY|USA|einberger_mona@example.org|2081206566|20151216|Support
4633|Elmo O Camello|1230 Cottonwood Ct|Earl Park|47976|IN|USA|camello.elmo@example.co.uk|267-342-0985,574-755-8849,5409600917|20100301|Support
4638|Ivette P Gribbons|860 Grove House Dr|Jewell|66949|KS|USA|ivette-gribbons@example.com|662-550-3837|20101128|Support
4642|Sandy Meils|792 Kotler Ct|Endwell|13762|NY|USA|sandy.meils@example.gov|540-825-4562|20140816|Support
4645|Jacque Asenjo|1321 Willow View Cr|East Greenwich|2818|RI|USA|jacqueasenjo@example.gov|4013050700|20100316|Support
4648|Page L Orrino|76 Coloma Ct|Tillamook|97141|OR|USA|page.orrino@example.org|503-793-7238|20161010|Support
4662|Valentine R Rotondi|128 Spinnaker Ct|Man|25635|WV|USA|valentine_rotondi@example.com|681.423.5048|20110531|Support
4663|Christopher D Kulyk|538 Oliva Ct|Kansas City|64194|MO|USA|kulyk-christopher@example.org|+1.423.577.7854|20160104|Support
4666|Sommer J Mcconnon|448 Mt Stephen Av|Fresno|93702|CA|USA|mcconnonsommer63@example.gov|701-038-5108|20150105|Support
4673|Elaina C Kiest|625 Lost Creek Rd|Kellerton|50133|IA|USA|elaina-kiest@example.gov|207-114-2992|20131004|Support
4688|Winfred O Elfner|103 Meadow Heights Ct|Macon|31221|GA|USA|winfredoelfner@example.gov|854-352-5012,229-016-5220,6516934754|20110218|Support
4703|Angela Chandley|1216 Julianne Ct|Spring Hill|34607|FL|USA|chandley_angela@example.co.uk|727-515-4145|20191129|Support
4707|Tommy Skradski|243 Cedar Ln|Elberon|23846|VA|USA|skradski.tommy@example.org|203-297-4528|20110401|Support
4708|Peg Hogan|610 Trinity Pl|Hustisford|53034|WI|USA|hogan.peg@example.com|475-371-6099|20170329|Support
4722|Claude E Mylott|1048 Marci Wy|Blue Point|11715|NY|USA|claude_mylott@example.gov|575.276.3865|20110409|Support
4731|Adriene Y Kreamer|898 Meadow Heights Ct|Sterling|99672|AK|USA|adriene.kreamer@example.co.uk|9076597006|20101201|Support
4740|Mellissa N Garel|358 Plaza Chiva|Camargo|61919|IL|USA|mellissangarel@example.com|779.712.7159|20160516|Support
4748|Roberto L Lubner|83 Via Novia|Rushland|18956|PA|USA|robertollubner@example.org|878-575-9716|20160101|Support
4749|Shanell A Fairbanks|755 Gabrial Pl|Youngstown|44503|OH|USA|shanell.fairbanks@example.com|808-187-0271|20130815|Support
4761|Amie C Kaopua|96 Samual Dr|Platte Center|68653|NE|USA|amie-kaopua@example.gov|8706974281,2256741595|20120504|Support
4767|Mildred F Aiu|92 Cabelleta Dr|Masterson|79058|TX|USA|mildredfaiu@example.gov|5120757328,502-735-8676,409-329-6454|20110618|Support
4775|Jacqueline C Garriott|524 El Toro Fire Truck Trl|Center Harbor|3226|NH|USA|jacqueline_garriott@example.gov|802-562-1194|20160821|Support
4791|Verdell C Zocco|11 Greensbrier Dr|Louisville|40296|KY|USA|verdell_zocco@example.co.uk|314-478-8559|20140502|Support
4805|Pattie B Rackers|620 Myers Pl|Phippsburg|4562|ME|USA|rackerspattie@example.co.uk|340.107.6798|20190901|Support
4812|Brain A Niebuhr|1807 Pepper Pl|Brooklyn|11209|NY|USA|brain_niebuhr@example.com|5184419298|20180319|Support
4815|Gladys C Favre|565 Oakwell Rd|Newport News|23606|VA|USA|gladyscfavre@example.gov|276-603-8920|20130310|Support
4847|Breana G Walson|2096 Towsley Cyn Rd|Johannesburg|93528|CA|USA|breanagwalson@example.co.uk|6575182307,0012062544452|20191013|Support
4868|Gudrun F Surkin|471 Remer Ct|Paguate|87040|NM|USA|surkin-gudrun@example.org|302.554.7072|20160607|Support
4879|Bethanie Q Kunzweiler|262 Bryce Dr|Flat Rock|62427|IL|USA|bethanieqkunzweiler@example.gov|+1.618.813.9507|20160616|Support
4886|Caprice Lovero|945 Silverstone Ln|Parker|83438|ID|USA|loverocaprice@example.org|001-720-249-8714,208.202.5761|20140806|Support
4896|Melissia Dahlhauser|1098 Fedala Rd|Oxford|67119|KS|USA|melissia_dahlhauser@example.com|908.598.3035|20170826|Support
4897|Annabell Roetker|510 Timberlane Ct|Amarillo|79165|TX|USA|roetker-annabell@example.gov|832.792.6650,9368700501,972.916.3796|20190109|Support
4907|Izetta J Guenard|1011 Market St|South Cle Elum|98943|WA|USA|izettajguenard@example.co.uk|5097782815,252.177.3404|20180218|Support
4920|Delia P Banegas|104 Spruce St|Scott Air Force Base|62225|IL|USA|deliapbanegas@example.org|317-272-4153,215.215.5382|20190110|Support
4925|Kali Brienen|93 Wilderness Pl|Dellwood|53927|WI|USA|brienenkali@example.co.uk|4797435600|20140707|Support
4936|Lavinia T Lanclos|47 Plymouth Rd|Baltimore|21282|MD|USA|laviniatlanclos@example.com|4105368737|20161230|Support
4937|Lavinia T Lanclos|47 Plymouth Rd|Baltimore|21282|MD|USA|laviniatlanclos@example.gov|9477493601|20190402|Support
4945|Delmar Liuzzo|705 Aparri Av|Koosharem|84744|UT|USA|liuzzodelmar@example.org|435.952.8405|20151218|Support
4949|Arleen J Setera|1408 Oakleaf Cyn Dr|Uwchland|19480|PA|USA|arleenjsetera@example.org|484-353-9644|20181130|Support
4957|Emilio Geres|636 Sierra Sunrise Ln|Piney Creek|28663|NC|USA|emilio-geres@example.com|907-545-6406|20190814|Support
4964|Erna P Cenname|1057 Highspring Av|Leavenworth|98826|WA|USA|cenname.erna@example.com|509.478.6142,470-262-7532|20190809|Support
4967|Myesha H Copelan|1493 Nevette Ct|Dayton|77535|TX|USA|myesha-copelan@example.org|830-208-0218,409.632.5982,3074002271|20200112|Support
4968|Hui U Meixell|1131 Av Tibbitts|Camino|95709|CA|USA|meixell-hui@example.gov|951.625.4232|20170307|Support
4980|Roxy P Dubuisson|2173 Whitney Cyn Rd|Minerva|12851|NY|USA|roxypdubuisson@example.com|731.223.0849|20130714|Support
4983|Juan Z Wiitala|523 Pearson Ct|Eastham|2642|MA|USA|wiitalajuan@example.co.uk|502-327-7886|20180630|Support
4989|Nichelle Spaller|1106 Oxford Ln|Kansas City|64999|MO|USA|nichelle-spaller@example.gov|401.267.0186,913.004.2302|20190101|Support
4991|Evonne R Bille|1120 13th Pl|Cleveland|44191|OH|USA|bille.evonne@example.org|614.100.7979,680.200.0798|20180608|Support
4997|Eleonora Nyre|1395 Graham Ln|Loudon|3307|NH|USA|eleonora-nyre@example.gov|603-443-6142|20130218|Support
5003|Vern D Tart|961 Avd De Estrella|Onida|57564|SD|USA|verndtart14@example.com|605.250.9191,701-906-8291,6058418647|20191015|Support
5016|Chara W Winesett|107 Via Beeler|Lone Oak|75453|TX|USA|charawwinesett@example.co.uk|4099844235,605.694.6772|20140210|Support
5017|Chara W Winesett|107 Via Beeler|Lone Oak|75453|TX|USA|winesettchara@example.com|281.021.0611|20190531|Support
5018|Chara W Winesett|107 Via Beeler|Lone Oak|75453|TX|USA|winesett.chara@example.com|346-781-5615|20160911|Support
5028|Donnette S Pooser|1053 El Corazon Dr|Floodwood|55736|MN|USA|pooser-donnette@example.com|8655769086|20180903|Support
5043|Genna Paddock|1021 Rio Prado Dr|Depew|14043|NY|USA|gennapaddock@example.org|704.729.1943|20191221|Support
5044|Genna Paddock|1021 Rio Prado Dr|Depew|14043|NY|USA|paddock-genna@example.co.uk|801.876.9747|20190930|Support
5045|Verena U Villacis|1023 Via Hispano|Corrales|87048|NM|USA|villacis-verena@example.co.uk|505.530.3633|20150801|Support
5046|America E Warhola|1966 Welshfield Wy|Clayton|45315|OH|USA|warhola.america@example.gov|4197073951|20180330|Support
5051|Tomeka J Seib|697 Amberley Wy|Sacramento|94283|CA|USA|tomekaseib@example.co.uk|669.862.5369|20200205|Support
5056|Mason L Klinghoffer|1919 Amable Ct|North Adams|1247|MA|USA|masonlklinghoffer@example.com|4133967523|20180809|Support
5067|Tanya V Hodder|73 Westview Ln|Wilmington|19880|DE|USA|tanyavhodder@example.co.uk|302-567-3667|20191127|Support
5068|Ellena Bannen|22 Klevins Ct|Taneytown|21787|MD|USA|bannen-ellena@example.org|671-462-5466|20190326|Support
5070|Ellena Bannen|22 Klevins Ct|Taneytown|21787|MD|USA|bannen_ellena@example.gov|270.798.8397|20150802|Support
